pre_id,post_id,region,syn_type,syn_count
ADAL,ADAL,all,chemical,6
ADAL,ADAR,all,electrical,3
ADAL,ADFL,all,electrical,5
ADAL,ADLL,all,chemical,2
ADAL,AIAL,all,chemical,2
ADAL,AIBL,all,chemical,2
ADAL,AIBR,all,chemical,2
ADAL,ASHL,all,electrical,2
ADAL,AVAL,all,chemical,3
ADAL,AVAR,all,chemical,7
ADAL,AVBL,all,chemical,5
ADAL,AVBR,all,chemical,21
ADAL,AVDL,all,chemical,1
ADAL,AVDR,all,chemical,2
ADAL,AVDR,all,electrical,2
ADAL,AVEL,all,chemical,3
ADAL,AVJR,all,chemical,11
ADAL,OLQVL,all,electrical,4
ADAL,PVPL,all,chemical,1
ADAL,PVQL,all,electrical,4
ADAL,RICL,all,chemical,3
ADAL,RICR,all,chemical,1
ADAL,RIML,all,chemical,9
ADAL,RIPL,all,chemical,4
ADAL,SMDVR,all,chemical,3
ADAL,URAVL,all,chemical,1
ADAL,URXL,all,chemical,2
ADAR,ADAL,all,electrical,3
ADAR,ADFR,all,electrical,4
ADAR,AIBL,all,chemical,1
ADAR,AIBR,all,chemical,3
ADAR,ASHR,all,chemical,2
ADAR,ASHR,all,electrical,3
ADAR,AVAR,all,chemical,8
ADAR,AVBL,all,chemical,8
ADAR,AVBR,all,chemical,15
ADAR,AVDL,all,chemical,2
ADAR,AVDL,all,electrical,3
ADAR,AVDR,all,chemical,3
ADAR,AVEL,all,chemical,1
ADAR,AVJL,all,chemical,13
ADAR,PVQR,all,electrical,2
ADAR,PVR,all,chemical,6
ADAR,RIFR,all,chemical,1
ADAR,RIMR,all,chemical,15
ADAR,RIPR,all,chemical,9
ADAR,RIVR,all,chemical,5
ADAR,SMDVL,all,chemical,1
ADAR,URXR,all,chemical,2
ADAR,URYDR,all,chemical,2
ADEL,ADAL,all,chemical,1
ADEL,ADEL,all,chemical,2
ADEL,ADER,all,chemical,5
ADEL,AINL,all,electrical,2
ADEL,ALML,all,chemical,1
ADEL,AVAL,all,chemical,7
ADEL,AVAR,all,chemical,9
ADEL,AVDL,all,chemical,2
ADEL,AVEL,all,chemical,3
ADEL,AVHL,all,chemical,2
ADEL,AVL,all,chemical,1
ADEL,BDUL,all,chemical,1
ADEL,CEPDL,all,chemical,1
ADEL,CEPVL,all,chemical,1
ADEL,FLPL,all,chemical,4
ADEL,IL1L,all,chemical,3
ADEL,IL2L,all,chemical,5
ADEL,IL2L,all,electrical,2
ADEL,OLLL,all,chemical,6
ADEL,RIAL,all,chemical,2
ADEL,RIFL,all,chemical,1
ADEL,RIGL,all,chemical,18
ADEL,RIGR,all,chemical,15
ADEL,RIGR,all,electrical,1
ADEL,RIH,all,chemical,3
ADEL,RIVL,all,chemical,2
ADEL,RIVR,all,chemical,2
ADEL,RMDDR,all,electrical,1
ADEL,RMDL,all,chemical,11
ADEL,RMER,all,chemical,1
ADEL,RMER,all,electrical,1
ADEL,RMGL,all,chemical,7
ADEL,RMHL,all,chemical,1
ADEL,RMHR,all,chemical,2
ADEL,SAADR,all,chemical,1
ADEL,SIADR,all,chemical,2
ADEL,SIBDL,all,electrical,1
ADEL,SIBDR,all,chemical,2
ADEL,SIBVL,all,electrical,1
ADEL,SMBDR,all,chemical,1
ADEL,SMBVL,all,chemical,2
ADEL,URBL,all,chemical,2
ADEL,VB1,all,chemical,2
ADER,ADAR,all,chemical,1
ADER,ADEL,all,chemical,3
ADER,AINR,all,electrical,4
ADER,ALNR,all,chemical,1
ADER,ALNR,all,electrical,2
ADER,ASIR,all,chemical,1
ADER,AVAL,all,chemical,9
ADER,AVAR,all,chemical,4
ADER,AVDR,all,chemical,5
ADER,AVER,all,chemical,4
ADER,AVJR,all,chemical,1
ADER,AVJR,all,electrical,1
ADER,AVKL,all,electrical,4
ADER,CEPDR,all,chemical,5
ADER,CEPVR,all,chemical,1
ADER,FLPL,all,chemical,1
ADER,FLPR,all,chemical,4
ADER,FLPR,all,electrical,4
ADER,IL1R,all,chemical,1
ADER,IL2R,all,chemical,1
ADER,OLLR,all,chemical,3
ADER,PVM,all,electrical,1
ADER,PVQR,all,electrical,2
ADER,RIAR,all,chemical,1
ADER,RIGL,all,chemical,12
ADER,RIGR,all,chemical,11
ADER,RMDL,all,chemical,1
ADER,RMDR,all,chemical,6
ADER,RMGR,all,chemical,5
ADER,SMDVR,all,chemical,1
ADER,URBR,all,chemical,1
ADER,URXR,all,chemical,2
ADFL,ADAL,all,chemical,2
ADFL,ADAL,all,electrical,5
ADFL,ADLL,all,chemical,1
ADFL,AFDL,all,chemical,1
ADFL,AFDL,all,electrical,3
ADFL,AIAL,all,chemical,2
ADFL,AIBL,all,chemical,2
ADFL,AIBR,all,chemical,1
ADFL,AIZL,all,chemical,39
ADFL,AIZL,all,electrical,1
ADFL,ASHL,all,electrical,1
ADFL,AUAL,all,chemical,12
ADFL,AWBL,all,chemical,2
ADFL,AWCL,all,electrical,1
ADFL,AWCR,all,chemical,2
ADFL,RIAL,all,chemical,46
ADFL,RIAL,all,electrical,1
ADFL,RIBL,all,chemical,4
ADFL,RIGL,all,chemical,4
ADFL,RIGR,all,chemical,1
ADFL,RIPL,all,electrical,2
ADFL,RIR,all,chemical,4
ADFL,RIVL,all,chemical,1
ADFL,SMBDL,all,chemical,1
ADFL,SMBVL,all,chemical,9
ADFL,SMDVL,all,chemical,1
ADFL,URBL,all,electrical,1
ADFL,URXL,all,chemical,1
ADFR,ADAR,all,chemical,4
ADFR,ADAR,all,electrical,4
ADFR,ADFR,all,chemical,1
ADFR,AFDR,all,chemical,1
ADFR,AFDR,all,electrical,5
ADFR,AIAR,all,electrical,4
ADFR,AIYR,all,chemical,2
ADFR,AIZR,all,chemical,37
ADFR,ASGR,all,electrical,1
ADFR,ASHR,all,chemical,6
ADFR,AUAR,all,chemical,9
ADFR,AVHL,all,chemical,1
ADFR,AWAR,all,chemical,1
ADFR,AWAR,all,electrical,3
ADFR,AWBR,all,chemical,4
ADFR,AWBR,all,electrical,1
ADFR,AWCR,all,chemical,1
ADFR,BAGL,all,chemical,6
ADFR,OLQVR,all,chemical,1
ADFR,PVPR,all,chemical,1
ADFR,RIAR,all,chemical,61
ADFR,RIGR,all,chemical,24
ADFR,RIH,all,chemical,2
ADFR,RIH,all,electrical,1
ADFR,RIR,all,chemical,7
ADFR,SMBDR,all,chemical,2
ADFR,SMBVR,all,chemical,19
ADFR,SMBVR,all,electrical,1
ADFR,SMDVR,all,electrical,2
ADFR,URXR,all,chemical,10
ADFR,URYVR,all,chemical,2
ADLL,ADAL,all,chemical,1
ADLL,ADLR,all,electrical,6
ADLL,AIAL,all,chemical,19
ADLL,AIBL,all,chemical,26
ADLL,ALA,all,chemical,5
ADLL,ASEL,all,chemical,1
ADLL,ASER,all,chemical,12
ADLL,ASGL,all,chemical,2
ADLL,ASHL,all,chemical,6
ADLL,AVAL,all,chemical,9
ADLL,AVAR,all,chemical,5
ADLL,AVBL,all,chemical,12
ADLL,AVDL,all,chemical,4
ADLL,AVDR,all,chemical,15
ADLL,AVDR,all,electrical,2
ADLL,AVJL,all,chemical,3
ADLL,AVJR,all,chemical,9
ADLL,AWAL,all,chemical,1
ADLL,AWAL,all,electrical,1
ADLL,AWBL,all,chemical,3
ADLL,AWCL,all,chemical,2
ADLL,OLQVL,all,chemical,2
ADLL,RIAL,all,chemical,1
ADLL,RIGL,all,chemical,1
ADLL,RIPL,all,chemical,3
ADLL,RIR,all,chemical,1
ADLL,RMGL,all,electrical,3
ADLL,SMBVL,all,chemical,5
ADLR,ADAR,all,chemical,1
ADLR,ADLL,all,electrical,6
ADLR,ADLR,all,chemical,3
ADLR,AIAR,all,chemical,22
ADLR,AIBR,all,chemical,27
ADLR,ASER,all,chemical,2
ADLR,ASGR,all,electrical,1
ADLR,ASHR,all,chemical,4
ADLR,ASKR,all,electrical,1
ADLR,AVAR,all,chemical,8
ADLR,AVBL,all,chemical,3
ADLR,AVBR,all,chemical,7
ADLR,AVDL,all,chemical,26
ADLR,AVDR,all,chemical,3
ADLR,AVJL,all,chemical,2
ADLR,AVJR,all,chemical,3
ADLR,AWCR,all,chemical,7
ADLR,CEPVR,all,chemical,1
ADLR,OLLR,all,chemical,1
ADLR,OLQVR,all,chemical,1
ADLR,PVCL,all,chemical,3
ADLR,RICL,all,chemical,1
ADLR,RICR,all,chemical,5
ADLR,RIFR,all,chemical,2
ADLR,RIPR,all,chemical,2
ADLR,SIBVL,all,chemical,2
ADLR,SMBVR,all,chemical,5
ADLR,URBR,all,chemical,6
ADLR,URXR,all,chemical,8
AFDL,ADFL,all,electrical,3
AFDL,AFDL,all,chemical,1
AFDL,AFDR,all,electrical,1
AFDL,AIBL,all,chemical,1
AFDL,AIBL,all,electrical,2
AFDL,AINR,all,chemical,3
AFDL,AIYL,all,chemical,25
AFDL,AIYL,all,electrical,2
AFDL,ASEL,all,chemical,1
AFDL,ASEL,all,electrical,6
AFDL,ASER,all,chemical,1
AFDL,AVEL,all,electrical,1
AFDL,AWBL,all,chemical,4
AFDL,URBL,all,electrical,9
AFDR,ADFR,all,electrical,5
AFDR,AFDL,all,chemical,1
AFDR,AFDL,all,electrical,1
AFDR,AIBR,all,electrical,2
AFDR,AIYR,all,chemical,29
AFDR,ASEL,all,chemical,1
AFDR,ASEL,all,electrical,2
AFDR,ASER,all,chemical,4
AFDR,ASER,all,electrical,1
AFDR,ASHR,all,electrical,4
AFDR,AWCR,all,electrical,3
AFDR,RMDVR,all,electrical,1
AFDR,URBR,all,electrical,2
AIAL,ADAL,all,chemical,1
AIAL,ADFL,all,chemical,2
AIAL,ADLL,all,chemical,1
AIAL,AIAR,all,electrical,7
AIAL,AIBL,all,chemical,35
AIAL,AIBL,all,electrical,5
AIAL,AIML,all,chemical,6
AIAL,AIZL,all,chemical,4
AIAL,ASEL,all,chemical,5
AIAL,ASER,all,chemical,10
AIAL,ASGL,all,chemical,1
AIAL,ASHL,all,chemical,1
AIAL,ASIL,all,electrical,1
AIAL,ASIR,all,electrical,2
AIAL,ASJL,all,chemical,4
AIAL,ASJL,all,electrical,1
AIAL,ASKL,all,chemical,9
AIAL,ASKL,all,electrical,2
AIAL,AWAL,all,electrical,1
AIAL,AWBL,all,electrical,1
AIAL,AWCL,all,chemical,1
AIAL,AWCR,all,chemical,6
AIAL,AWCR,all,electrical,1
AIAL,PVQL,all,chemical,1
AIAL,RIFL,all,chemical,10
AIAL,RIR,all,chemical,2
AIAL,RMGL,all,chemical,2
AIAR,ADAR,all,chemical,4
AIAR,ADFR,all,electrical,4
AIAR,ADLR,all,chemical,10
AIAR,AIAL,all,electrical,7
AIAR,AIAR,all,chemical,1
AIAR,AIAR,all,electrical,2
AIAR,AIBR,all,chemical,33
AIAR,AIZR,all,chemical,2
AIAR,ASER,all,chemical,5
AIAR,ASGR,all,chemical,5
AIAR,ASGR,all,electrical,3
AIAR,ASHR,all,electrical,1
AIAR,ASIR,all,chemical,2
AIAR,ASIR,all,electrical,3
AIAR,ASKR,all,chemical,1
AIAR,ASKR,all,electrical,1
AIAR,AWAR,all,chemical,4
AIAR,AWAR,all,electrical,3
AIAR,AWCL,all,chemical,6
AIAR,AWCR,all,chemical,6
AIAR,AWCR,all,electrical,1
AIAR,RIFR,all,chemical,10
AIBL,AFDL,all,electrical,2
AIBL,AIAL,all,electrical,5
AIBL,AIBL,all,chemical,2
AIBL,AIZR,all,chemical,7
AIBL,AIZR,all,electrical,4
AIBL,ASHL,all,chemical,1
AIBL,ASHR,all,chemical,3
AIBL,ASKL,all,electrical,1
AIBL,AVAL,all,chemical,5
AIBL,AVBL,all,chemical,21
AIBL,AVEL,all,chemical,1
AIBL,DVC,all,electrical,2
AIBL,FLPL,all,chemical,1
AIBL,FLPL,all,electrical,1
AIBL,RIBR,all,chemical,16
AIBL,RIFL,all,chemical,1
AIBL,RIGR,all,chemical,5
AIBL,RIGR,all,electrical,3
AIBL,RIML,all,chemical,1
AIBL,RIMR,all,chemical,56
AIBL,RIMR,all,electrical,1
AIBL,RIS,all,electrical,1
AIBL,RIVL,all,electrical,1
AIBL,RMED,all,electrical,2
AIBL,RMFR,all,chemical,6
AIBL,SAADL,all,chemical,6
AIBL,SAADR,all,chemical,10
AIBL,SAAVL,all,chemical,3
AIBL,SAAVR,all,chemical,1
AIBL,SDQR,all,electrical,1
AIBL,SIADR,all,chemical,2
AIBL,SIADR,all,electrical,1
AIBL,SIAVR,all,chemical,2
AIBL,SIBVR,all,chemical,2
AIBL,SMDDR,all,chemical,16
AIBL,SMDDR,all,electrical,1
AIBL,SMDVR,all,chemical,4
AIBR,ADLR,all,chemical,1
AIBR,AFDR,all,electrical,2
AIBR,AIAR,all,chemical,1
AIBR,AIYR,all,chemical,1
AIBR,AIZL,all,electrical,3
AIBR,AQR,all,chemical,1
AIBR,ASKR,all,electrical,3
AIBR,AUAL,all,chemical,1
AIBR,AVAR,all,chemical,2
AIBR,AVBR,all,chemical,13
AIBR,AVEL,all,chemical,4
AIBR,AWCR,all,chemical,1
AIBR,DVA,all,chemical,1
AIBR,DVC,all,electrical,9
AIBR,PVPL,all,electrical,2
AIBR,PVT,all,electrical,1
AIBR,RIAL,all,chemical,2
AIBR,RIBL,all,chemical,11
AIBR,RICR,all,chemical,1
AIBR,RICR,all,electrical,1
AIBR,RIGL,all,chemical,1
AIBR,RIGL,all,electrical,3
AIBR,RIML,all,chemical,47
AIBR,RIML,all,electrical,2
AIBR,RIMR,all,chemical,5
AIBR,RIS,all,electrical,3
AIBR,RIVR,all,electrical,3
AIBR,RMFL,all,chemical,1
AIBR,SAADL,all,chemical,2
AIBR,SAADR,all,chemical,2
AIBR,SAAVR,all,chemical,1
AIBR,SIADL,all,chemical,1
AIBR,SIAVL,all,electrical,1
AIBR,SIBDL,all,chemical,1
AIBR,SIBDR,all,chemical,1
AIBR,SMDDL,all,chemical,17
AIBR,SMDDL,all,electrical,2
AIBR,SMDVL,all,chemical,7
AIBR,VB1,all,chemical,3
AIML,AIAL,all,chemical,11
AIML,ALML,all,chemical,1
AIML,ASGL,all,chemical,8
AIML,ASGL,all,electrical,1
AIML,ASJL,all,chemical,2
AIML,ASKL,all,chemical,7
AIML,AVDL,all,chemical,1
AIML,AVFL,all,chemical,5
AIML,AVFR,all,chemical,4
AIML,AVHL,all,chemical,2
AIML,AVHR,all,chemical,1
AIML,AVJL,all,chemical,1
AIML,CEPDL,all,chemical,3
AIML,PVQL,all,chemical,1
AIML,RID,all,chemical,2
AIML,RIFL,all,chemical,2
AIML,RMGL,all,chemical,3
AIML,SIBDR,all,electrical,2
AIML,SMBVL,all,chemical,4
AIML,URXL,all,chemical,1
AIMR,ADFR,all,chemical,2
AIMR,AIAR,all,chemical,10
AIMR,AIMR,all,chemical,1
AIMR,ALA,all,chemical,2
AIMR,ASGR,all,chemical,6
AIMR,ASJR,all,chemical,4
AIMR,ASJR,all,electrical,1
AIMR,ASKR,all,chemical,4
AIMR,AVAR,all,chemical,1
AIMR,AVDR,all,chemical,2
AIMR,AVFL,all,chemical,3
AIMR,AVFR,all,chemical,4
AIMR,AVHR,all,chemical,2
AIMR,AVJR,all,chemical,1
AIMR,AVKR,all,electrical,3
AIMR,BDUR,all,chemical,2
AIMR,CEPVR,all,chemical,1
AIMR,CEPVR,all,electrical,1
AIMR,HSNL,all,chemical,3
AIMR,HSNR,all,chemical,3
AIMR,OLQDR,all,chemical,1
AIMR,PVNR,all,chemical,1
AIMR,RIFR,all,chemical,3
AIMR,RMDR,all,chemical,1
AIMR,RMGR,all,chemical,4
AIMR,SMBVR,all,electrical,1
AIMR,URXR,all,chemical,5
AINL,ADEL,all,electrical,2
AINL,AFDR,all,chemical,10
AINL,AIAR,all,chemical,1
AINL,AINR,all,electrical,1
AINL,ASEL,all,chemical,1
AINL,ASGR,all,chemical,1
AINL,ASGR,all,electrical,1
AINL,ASIL,all,chemical,11
AINL,AUAR,all,chemical,2
AINL,AUAR,all,electrical,1
AINL,BAGL,all,chemical,5
AINL,RIBL,all,chemical,2
AINL,RIBR,all,chemical,3
AINL,RID,all,chemical,2
AINL,RMDVL,all,chemical,3
AINL,RMFL,all,chemical,1
AINL,SAAVL,all,chemical,3
AINR,ADER,all,electrical,4
AINR,AFDL,all,chemical,9
AINR,AFDR,all,chemical,3
AINR,AIAL,all,chemical,2
AINR,AIBL,all,chemical,2
AINR,AINL,all,chemical,1
AINR,AINL,all,electrical,1
AINR,AINR,all,chemical,1
AINR,ASEL,all,chemical,1
AINR,ASER,all,chemical,3
AINR,ASGL,all,chemical,1
AINR,ASGL,all,electrical,1
AINR,ASIL,all,electrical,1
AINR,AUAL,all,chemical,1
AINR,AUAL,all,electrical,3
AINR,AUAR,all,chemical,2
AINR,AWCL,all,chemical,2
AINR,BAGL,all,electrical,3
AINR,BAGR,all,chemical,9
AINR,CEPDL,all,chemical,2
AINR,RIAL,all,electrical,2
AINR,RIBL,all,chemical,8
AINR,RID,all,chemical,2
AINR,URXL,all,chemical,2
AINR,URXR,all,chemical,2
AIYL,AFDL,all,chemical,2
AIYL,AFDL,all,electrical,2
AIYL,AIBL,all,chemical,3
AIYL,AIYR,all,electrical,4
AIYL,AIZL,all,chemical,67
AIYL,ASER,all,chemical,1
AIYL,AVKL,all,electrical,1
AIYL,AWAL,all,chemical,14
AIYL,AWCL,all,chemical,5
AIYL,AWCR,all,chemical,3
AIYL,HSNR,all,chemical,1
AIYL,RIAL,all,chemical,51
AIYL,RIBL,all,chemical,42
AIYL,RIH,all,chemical,1
AIYL,RIML,all,electrical,5
AIYL,RIR,all,chemical,1
AIYR,ADFR,all,chemical,1
AIYR,AFDR,all,chemical,1
AIYR,AINL,all,chemical,1
AIYR,AIYL,all,chemical,7
AIYR,AIYL,all,electrical,4
AIYR,AIZR,all,chemical,70
AIYR,ASEL,all,chemical,2
AIYR,ASER,all,chemical,4
AIYR,ASGR,all,chemical,2
AIYR,ASIR,all,electrical,1
AIYR,AUAR,all,electrical,1
AIYR,AWAR,all,chemical,1
AIYR,AWBR,all,chemical,1
AIYR,BAGR,all,chemical,1
AIYR,RIAR,all,chemical,50
AIYR,RIBR,all,chemical,60
AIYR,RIMR,all,electrical,3
AIYR,RIVR,all,chemical,1
AIZL,ADFL,all,chemical,1
AIZL,ADFL,all,electrical,1
AIZL,AFDL,all,chemical,1
AIZL,AIAL,all,chemical,12
AIZL,AIBL,all,chemical,10
AIZL,AIBR,all,chemical,53
AIZL,AIBR,all,electrical,3
AIZL,AIZR,all,electrical,18
AIZL,ASEL,all,chemical,4
AIZL,ASGL,all,electrical,3
AIZL,ASHL,all,electrical,2
AIZL,AVEL,all,chemical,3
AIZL,AVER,all,chemical,26
AIZL,AVKR,all,chemical,4
AIZL,AWAL,all,electrical,3
AIZL,AWCR,all,chemical,2
AIZL,DVA,all,chemical,1
AIZL,RIAL,all,chemical,29
AIZL,RICR,all,chemical,11
AIZL,RIGL,all,chemical,4
AIZL,RIGL,all,electrical,1
AIZL,RIH,all,electrical,1
AIZL,RIML,all,chemical,35
AIZL,SMBDL,all,chemical,24
AIZL,SMBVL,all,chemical,21
AIZL,SMDVL,all,chemical,3
AIZL,URYDL,all,chemical,3
AIZL,VB2,all,chemical,1
AIZR,ADFR,all,chemical,1
AIZR,AIAR,all,chemical,5
AIZR,AIBL,all,chemical,50
AIZR,AIBL,all,electrical,4
AIZR,AIBR,all,chemical,3
AIZR,AIZL,all,electrical,18
AIZR,ASER,all,chemical,2
AIZR,ASGR,all,electrical,1
AIZR,ASHR,all,electrical,6
AIZR,AVEL,all,chemical,28
AIZR,AVER,all,chemical,1
AIZR,AWAR,all,chemical,1
AIZR,AWAR,all,electrical,3
AIZR,AWCR,all,chemical,2
AIZR,DVA,all,chemical,3
AIZR,RIAR,all,chemical,25
AIZR,RIMR,all,chemical,34
AIZR,SIADR,all,chemical,1
AIZR,SMBDR,all,chemical,17
AIZR,SMBVR,all,chemical,10
AIZR,SMDDR,all,chemical,4
ALA,ASJL,all,electrical,2
ALA,ASJR,all,chemical,4
ALA,ASKR,all,electrical,1
ALA,AVDR,all,chemical,1
ALA,AVEL,all,chemical,8
ALA,AVER,all,chemical,4
ALA,AVER,all,electrical,3
ALA,CANL,all,chemical,30
ALA,CANL,all,electrical,401
ALA,CANR,all,chemical,30
ALA,CANR,all,electrical,401
ALA,HSNL,all,electrical,1
ALA,HSNR,all,electrical,1
ALA,PVDL,all,chemical,75
ALA,PVDL,all,electrical,250
ALA,PVDR,all,chemical,75
ALA,PVDR,all,electrical,250
ALA,RIAR,all,chemical,2
ALA,RID,all,electrical,4
ALA,RMDR,all,chemical,3
ALML,AIML,all,chemical,1
ALML,ALML,all,chemical,1
ALML,AVDR,all,chemical,3
ALML,AVEL,all,chemical,3
ALML,AVM,all,electrical,7
ALML,BDUL,all,chemical,15
ALML,CEPDL,all,chemical,2
ALML,CEPVL,all,chemical,3
ALML,PVCL,all,chemical,11
ALML,PVCR,all,chemical,4
ALML,PVR,all,electrical,3
ALML,RICL,all,chemical,2
ALML,RICR,all,chemical,3
ALML,RIFL,all,chemical,2
ALML,RMDDR,all,chemical,1
ALML,RMDDR,all,electrical,2
ALML,RMGL,all,chemical,3
ALML,RMGL,all,electrical,3
ALML,SDQL,all,chemical,2
ALML,SMBDR,all,chemical,2
ALML,SMBDR,all,electrical,1
ALMR,AVDR,all,electrical,2
ALMR,AVM,all,electrical,16
ALMR,BDUR,all,chemical,14
ALMR,CEPDR,all,chemical,1
ALMR,CEPVR,all,chemical,3
ALMR,PVCR,all,chemical,10
ALMR,PVR,all,electrical,3
ALMR,RMDDL,all,chemical,1
ALMR,SDQR,all,electrical,2
ALMR,SIADL,all,chemical,1
ALMR,SMDDL,all,chemical,1
ALMR,URBR,all,chemical,1
ALNL,RIAL,all,chemical,1
ALNL,RMDDR,all,chemical,1
ALNL,RMGL,all,chemical,1
ALNL,RMHL,all,chemical,1
ALNL,SAAVL,all,chemical,8
ALNL,SIADR,all,chemical,1
ALNL,SMBDR,all,chemical,7
ALNL,SMBDR,all,electrical,3
ALNL,SMDDR,all,electrical,2
ALNL,SMDVL,all,chemical,1
ALNL,SMDVL,all,electrical,1
ALNR,ADER,all,chemical,1
ALNR,ADER,all,electrical,2
ALNR,AVAL,all,chemical,6
ALNR,PVR,all,electrical,16
ALNR,RIML,all,chemical,5
ALNR,RMGR,all,electrical,1
ALNR,SAAVR,all,chemical,6
ALNR,SMBDL,all,chemical,4
ALNR,SMDDL,all,electrical,1
ALNR,SMDDR,all,chemical,1
ALNR,SMDVL,all,chemical,2
AQR,AVAL,all,chemical,4
AQR,AVAR,all,chemical,6
AQR,AVBL,all,chemical,7
AQR,AVBL,all,electrical,3
AQR,AVBR,all,chemical,12
AQR,AVDL,all,chemical,3
AQR,AVDR,all,chemical,2
AQR,AVJL,all,chemical,3
AQR,AVKL,all,electrical,7
AQR,AVKR,all,electrical,2
AQR,BAGL,all,chemical,8
AQR,BAGR,all,chemical,5
AQR,DVA,all,chemical,6
AQR,PVCL,all,chemical,1
AQR,PVCR,all,chemical,4
AQR,PVPL,all,chemical,3
AQR,PVPL,all,electrical,41
AQR,PVPR,all,chemical,1
AQR,PVPR,all,electrical,61
AQR,RIAL,all,chemical,8
AQR,RIAR,all,chemical,4
AQR,RIGL,all,chemical,1
AQR,RIGR,all,electrical,3
AQR,RIR,all,chemical,1
AQR,URXL,all,chemical,5
AS1,AS1,all,chemical,3
AS1,AVEL,all,electrical,2
AS1,AVER,all,electrical,1
AS1,DA1,all,chemical,8
AS1,DB1,all,chemical,3
AS1,DD1,all,chemical,2
AS1,FLPR,all,electrical,1
AS1,VA3,all,electrical,3
AS1,VA5,all,electrical,3
AS1,VD1,all,chemical,20
AS10,AVAL,all,electrical,5
AS10,AVAR,all,electrical,2
AS10,AVHL,all,electrical,1
AS10,AVKL,all,electrical,1
AS10,DA7,all,electrical,1
AS10,DB7,all,electrical,1
AS10,VA12,all,electrical,3
AS10,VD10,all,chemical,10
AS10,VD11,all,chemical,10
AS11,AVFL,all,electrical,2
AS11,AVG,all,electrical,1
AS11,AVHL,all,electrical,3
AS11,AVHR,all,electrical,17
AS11,AVKL,all,electrical,1
AS11,DA8,all,electrical,1
AS11,DB7,all,chemical,1
AS11,DD6,all,chemical,2
AS11,DVA,all,electrical,1
AS11,DVB,all,electrical,4
AS11,PDB,all,electrical,4
AS11,PVPL,all,electrical,6
AS11,RID,all,electrical,1
AS11,VB11,all,electrical,1
AS11,VD12,all,chemical,20
AS11,VD13,all,chemical,3
AS2,DA2,all,electrical,2
AS2,DB1,all,chemical,1
AS2,DD1,all,chemical,3
AS2,RID,all,chemical,2
AS2,VA3,all,electrical,2
AS2,VA4,all,electrical,9
AS2,VD2,all,chemical,21
AS3,AVAR,all,electrical,1
AS3,DA2,all,electrical,1
AS3,DA3,all,chemical,1
AS3,DD1,all,chemical,2
AS3,PVDR,all,electrical,1
AS3,VD3,all,chemical,23
AS4,DA3,all,chemical,2
AS4,DA3,all,electrical,4
AS4,DB2,all,chemical,2
AS4,DD1,all,chemical,2
AS4,DD2,all,chemical,4
AS4,VD4,all,chemical,21
AS5,AS5,all,chemical,3
AS5,AVAR,all,electrical,3
AS5,AVBR,all,electrical,2
AS5,DA4,all,chemical,1
AS5,DD3,all,chemical,1
AS5,PVDL,all,chemical,1
AS5,VD5,all,chemical,12
AS6,AVAR,all,electrical,2
AS6,AVBL,all,electrical,1
AS6,AVBR,all,electrical,1
AS6,DA5,all,chemical,1
AS6,DA5,all,electrical,5
AS6,DB4,all,chemical,1
AS6,DD3,all,chemical,4
AS6,VD6,all,chemical,20
AS7,VD7,all,chemical,20
AS8,VD8,all,chemical,20
AS9,VD9,all,chemical,20
ASEL,ADFR,all,chemical,1
ASEL,AFDL,all,electrical,6
ASEL,AFDR,all,chemical,3
ASEL,AFDR,all,electrical,2
ASEL,AIAL,all,chemical,6
ASEL,AIBL,all,chemical,16
ASEL,AIBR,all,chemical,13
ASEL,AIYL,all,chemical,32
ASEL,AIYR,all,chemical,21
ASEL,AIZL,all,chemical,1
ASEL,ASER,all,chemical,2
ASEL,ASGL,all,electrical,3
ASEL,ASJL,all,chemical,1
ASEL,AWBL,all,chemical,1
ASEL,AWCL,all,chemical,16
ASEL,AWCL,all,electrical,1
ASEL,AWCR,all,chemical,11
ASEL,AWCR,all,electrical,2
ASEL,IL2R,all,chemical,1
ASEL,OLLR,all,chemical,1
ASEL,RIAR,all,chemical,2
ASEL,RIR,all,chemical,1
ASER,ADLL,all,chemical,4
ASER,ADLR,all,chemical,1
ASER,AFDL,all,chemical,2
ASER,AFDR,all,chemical,3
ASER,AFDR,all,electrical,1
ASER,AIAL,all,chemical,8
ASER,AIAR,all,chemical,4
ASER,AIBL,all,chemical,4
ASER,AIBR,all,chemical,32
ASER,AIYL,all,chemical,9
ASER,AIYR,all,chemical,38
ASER,AIZL,all,chemical,1
ASER,ASEL,all,chemical,3
ASER,ASGR,all,electrical,3
ASER,ASHR,all,chemical,2
ASER,ASKL,all,chemical,1
ASER,AWAR,all,chemical,1
ASER,AWBR,all,electrical,1
ASER,AWCL,all,chemical,1
ASER,AWCR,all,chemical,1
ASER,PVQR,all,electrical,1
ASGL,AIAL,all,chemical,46
ASGL,AIBL,all,chemical,17
ASGL,AIML,all,electrical,1
ASGL,AINR,all,chemical,2
ASGL,AINR,all,electrical,1
ASGL,AIZL,all,electrical,3
ASGL,ASEL,all,electrical,3
ASGL,ASKL,all,chemical,2
ASGL,AWBL,all,electrical,1
ASGL,SMDDR,all,electrical,2
ASGR,ADFR,all,electrical,1
ASGR,ADLR,all,electrical,1
ASGR,AIAR,all,chemical,51
ASGR,AIAR,all,electrical,3
ASGR,AIBR,all,chemical,20
ASGR,AINL,all,electrical,1
ASGR,AIYR,all,chemical,1
ASGR,AIZR,all,electrical,1
ASGR,ASER,all,chemical,3
ASGR,ASER,all,electrical,3
ASGR,ASIR,all,electrical,4
ASGR,AWCR,all,electrical,2
ASHL,ADAL,all,chemical,2
ASHL,ADAL,all,electrical,2
ASHL,ADFL,all,chemical,6
ASHL,ADFL,all,electrical,1
ASHL,ADLL,all,chemical,6
ASHL,AIAL,all,chemical,24
ASHL,AIBL,all,chemical,13
ASHL,AIZL,all,chemical,3
ASHL,AIZL,all,electrical,2
ASHL,ASHR,all,electrical,7
ASHL,ASKL,all,chemical,1
ASHL,ASKL,all,electrical,18
ASHL,AVAL,all,chemical,15
ASHL,AVAR,all,chemical,1
ASHL,AVBL,all,chemical,14
ASHL,AVDL,all,chemical,7
ASHL,AVDR,all,chemical,20
ASHL,AVFL,all,chemical,2
ASHL,AVHR,all,chemical,2
ASHL,HSNL,all,chemical,2
ASHL,RIAL,all,chemical,9
ASHL,RICL,all,electrical,5
ASHL,RIML,all,chemical,4
ASHL,RIPL,all,chemical,4
ASHL,RIR,all,chemical,4
ASHL,RMGL,all,electrical,3
ASHL,URXL,all,chemical,2
ASHR,ADAR,all,chemical,5
ASHR,ADAR,all,electrical,3
ASHR,ADFR,all,chemical,3
ASHR,ADLR,all,chemical,13
ASHR,AFDR,all,electrical,4
ASHR,AIAR,all,chemical,28
ASHR,AIAR,all,electrical,1
ASHR,AIBR,all,chemical,7
ASHR,AIZR,all,electrical,6
ASHR,ASHL,all,electrical,7
ASHR,ASHR,all,chemical,2
ASHR,ASKR,all,electrical,2
ASHR,AVAR,all,chemical,10
ASHR,AVAR,all,electrical,2
ASHR,AVBR,all,chemical,6
ASHR,AVDL,all,chemical,27
ASHR,AVDR,all,chemical,2
ASHR,AVER,all,chemical,7
ASHR,AVER,all,electrical,1
ASHR,AVHL,all,chemical,1
ASHR,AVHL,all,electrical,2
ASHR,AWAR,all,chemical,1
ASHR,AWBL,all,chemical,1
ASHR,HSNL,all,chemical,4
ASHR,HSNR,all,chemical,5
ASHR,PVCL,all,chemical,3
ASHR,PVPR,all,chemical,1
ASHR,RIAR,all,chemical,3
ASHR,RICR,all,electrical,4
ASHR,RMGR,all,chemical,6
ASHR,RMGR,all,electrical,3
ASHR,SMBVR,all,chemical,7
ASIL,ADFL,all,chemical,1
ASIL,AIAL,all,chemical,2
ASIL,AIAL,all,electrical,1
ASIL,AIBL,all,chemical,3
ASIL,AINR,all,electrical,1
ASIL,AIYL,all,chemical,3
ASIL,AIYR,all,chemical,2
ASIL,AIZL,all,chemical,1
ASIL,ASER,all,chemical,8
ASIL,ASGL,all,chemical,3
ASIL,ASIR,all,electrical,3
ASIL,ASKL,all,chemical,3
ASIL,AWAR,all,chemical,2
ASIL,AWCL,all,chemical,3
ASIL,AWCR,all,chemical,4
ASIL,CEPVR,all,chemical,1
ASIL,RIAL,all,chemical,3
ASIL,RIBL,all,chemical,1
ASIL,RMFL,all,chemical,1
ASIL,SAAVL,all,chemical,2
ASIR,ADLR,all,chemical,1
ASIR,AIAL,all,chemical,1
ASIR,AIAL,all,electrical,2
ASIR,AIAR,all,chemical,4
ASIR,AIAR,all,electrical,3
ASIR,AIBR,all,chemical,3
ASIR,AIYR,all,electrical,1
ASIR,ASEL,all,chemical,2
ASIR,ASER,all,chemical,2
ASIR,ASGR,all,chemical,3
ASIR,ASGR,all,electrical,4
ASIR,ASHR,all,chemical,2
ASIR,ASIL,all,electrical,3
ASIR,AWAR,all,chemical,1
ASIR,AWCL,all,chemical,2
ASIR,AWCR,all,chemical,5
ASIR,CEPVR,all,chemical,1
ASJL,AIAL,all,electrical,1
ASJL,ALA,all,chemical,3
ASJL,ALA,all,electrical,2
ASJL,ASJR,all,electrical,7
ASJL,ASKL,all,chemical,12
ASJL,ASKR,all,chemical,1
ASJL,CEPDL,all,chemical,1
ASJL,HSNL,all,chemical,1
ASJL,HSNR,all,chemical,1
ASJL,IL2L,all,electrical,1
ASJL,PVQL,all,chemical,34
ASJL,PVQL,all,electrical,1
ASJL,SMDDR,all,electrical,1
ASJR,AIMR,all,electrical,1
ASJR,ASJL,all,electrical,7
ASJR,ASKR,all,chemical,12
ASJR,HSNR,all,chemical,1
ASJR,PVQR,all,chemical,19
ASJR,PVQR,all,electrical,5
ASKL,AIAL,all,chemical,29
ASKL,AIAL,all,electrical,2
ASKL,AIBL,all,chemical,9
ASKL,AIBL,all,electrical,1
ASKL,AIML,all,chemical,5
ASKL,ASER,all,chemical,4
ASKL,ASHL,all,electrical,18
ASKL,ASJL,all,chemical,1
ASKL,ASKR,all,electrical,9
ASKL,AVHL,all,electrical,8
ASKL,HSNL,all,electrical,1
ASKL,PVQL,all,electrical,8
ASKR,ADLR,all,chemical,3
ASKR,ADLR,all,electrical,1
ASKR,AIAL,all,chemical,1
ASKR,AIAR,all,chemical,35
ASKR,AIAR,all,electrical,1
ASKR,AIBR,all,chemical,2
ASKR,AIBR,all,electrical,3
ASKR,AIMR,all,chemical,5
ASKR,ALA,all,chemical,1
ASKR,ALA,all,electrical,1
ASKR,ASER,all,chemical,1
ASKR,ASGR,all,chemical,1
ASKR,ASHR,all,electrical,2
ASKR,ASKL,all,electrical,9
ASKR,ASKR,all,electrical,2
ASKR,AVHR,all,electrical,10
ASKR,AWAR,all,chemical,2
ASKR,CEPVR,all,chemical,2
ASKR,HSNL,all,chemical,1
ASKR,HSNL,all,electrical,3
ASKR,HSNR,all,electrical,3
ASKR,PVQR,all,electrical,25
ASKR,RIFR,all,chemical,1
ASKR,RMGR,all,electrical,1
AUAL,ADFL,all,chemical,1
AUAL,AIBR,all,chemical,1
AUAL,AINR,all,electrical,3
AUAL,AIYL,all,chemical,1
AUAL,AIZL,all,chemical,2
AUAL,AUAR,all,electrical,2
AUAL,AVAL,all,chemical,11
AUAL,AVDR,all,chemical,2
AUAL,AVEL,all,chemical,9
AUAL,AWBL,all,electrical,4
AUAL,AWCL,all,electrical,1
AUAL,BAGR,all,chemical,3
AUAL,DVA,all,chemical,2
AUAL,RIAL,all,chemical,21
AUAL,RIBL,all,chemical,35
AUAL,RMDVL,all,electrical,2
AUAL,URXL,all,chemical,1
AUAR,AINL,all,chemical,1
AUAR,AINL,all,electrical,1
AUAR,AINR,all,chemical,1
AUAR,AIYR,all,chemical,1
AUAR,AIYR,all,electrical,1
AUAR,AIZR,all,chemical,2
AUAR,AUAL,all,electrical,2
AUAR,AVAR,all,chemical,3
AUAR,AVER,all,chemical,13
AUAR,AWBR,all,electrical,3
AUAR,BAGL,all,chemical,1
AUAR,RIAR,all,chemical,22
AUAR,RIBR,all,chemical,31
AUAR,URXR,all,chemical,5
AUAR,URXR,all,electrical,3
AVAL,AS10,all,chemical,5
AVAL,AS10,all,electrical,5
AVAL,AS11,all,chemical,8
AVAL,AS2,all,chemical,2
AVAL,AS4,all,chemical,2
AVAL,AS5,all,chemical,6
AVAL,AS7,all,chemical,6
AVAL,AS8,all,chemical,6
AVAL,AVAR,all,chemical,12
AVAL,AVAR,all,electrical,18
AVAL,AVBL,all,chemical,2
AVAL,AVDL,all,chemical,3
AVAL,AVDL,all,electrical,7
AVAL,AVDR,all,chemical,2
AVAL,AVDR,all,electrical,9
AVAL,AVEL,all,chemical,1
AVAL,AVEL,all,electrical,2
AVAL,AVER,all,chemical,2
AVAL,AVJL,all,electrical,7
AVAL,AVJR,all,electrical,4
AVAL,DA1,all,chemical,6
AVAL,DA1,all,electrical,2
AVAL,DA2,all,chemical,10
AVAL,DA2,all,electrical,7
AVAL,DA3,all,chemical,12
AVAL,DA3,all,electrical,6
AVAL,DA4,all,chemical,12
AVAL,DA4,all,electrical,2
AVAL,DA5,all,chemical,14
AVAL,DA5,all,electrical,2
AVAL,DA6,all,chemical,1
AVAL,DA6,all,electrical,4
AVAL,DA7,all,chemical,4
AVAL,DA7,all,electrical,10
AVAL,DA8,all,chemical,5
AVAL,DA8,all,electrical,8
AVAL,DA9,all,chemical,3
AVAL,DA9,all,electrical,1
AVAL,DB5,all,chemical,2
AVAL,DB7,all,chemical,2
AVAL,LUAL,all,chemical,6
AVAL,LUAL,all,electrical,2
AVAL,LUAR,all,chemical,2
AVAL,LUAR,all,electrical,2
AVAL,PHCL,all,electrical,1
AVAL,PHCR,all,electrical,3
AVAL,PLML,all,electrical,2
AVAL,PLMR,all,electrical,1
AVAL,PVCL,all,chemical,21
AVAL,PVCL,all,electrical,5
AVAL,PVCR,all,chemical,16
AVAL,PVCR,all,electrical,15
AVAL,PVDR,all,electrical,6
AVAL,PVNL,all,chemical,1
AVAL,PVNL,all,electrical,1
AVAL,PVPL,all,electrical,1
AVAL,PVPR,all,electrical,2
AVAL,RIAL,all,chemical,3
AVAL,RIMR,all,electrical,11
AVAL,SABD,all,electrical,7
AVAL,SABVL,all,chemical,2
AVAL,SABVR,all,electrical,8
AVAL,URYDL,all,electrical,2
AVAL,URYVR,all,electrical,2
AVAL,VA1,all,chemical,2
AVAL,VA1,all,electrical,5
AVAL,VA10,all,chemical,9
AVAL,VA10,all,electrical,6
AVAL,VA11,all,chemical,6
AVAL,VA11,all,electrical,2
AVAL,VA12,all,chemical,5
AVAL,VA2,all,chemical,8
AVAL,VA2,all,electrical,13
AVAL,VA3,all,chemical,6
AVAL,VA3,all,electrical,6
AVAL,VA4,all,chemical,7
AVAL,VA4,all,electrical,6
AVAL,VA5,all,chemical,7
AVAL,VA6,all,chemical,8
AVAL,VA6,all,electrical,13
AVAL,VA7,all,chemical,7
AVAL,VA7,all,electrical,2
AVAL,VA8,all,chemical,7
AVAL,VA8,all,electrical,2
AVAL,VA9,all,chemical,7
AVAL,VA9,all,electrical,5
AVAL,VB11,all,electrical,2
AVAR,AS1,all,chemical,2
AVAR,AS10,all,electrical,2
AVAR,AS11,all,chemical,10
AVAR,AS2,all,chemical,3
AVAR,AS3,all,electrical,1
AVAR,AS4,all,chemical,2
AVAR,AS5,all,chemical,1
AVAR,AS5,all,electrical,3
AVAR,AS6,all,chemical,2
AVAR,AS6,all,electrical,2
AVAR,AS7,all,chemical,6
AVAR,AS8,all,chemical,10
AVAR,AS9,all,chemical,10
AVAR,ASHR,all,electrical,2
AVAR,AVAL,all,chemical,7
AVAR,AVAL,all,electrical,18
AVAR,AVBL,all,chemical,3
AVAR,AVBL,all,electrical,3
AVAR,AVBR,all,chemical,4
AVAR,AVDL,all,chemical,3
AVAR,AVDL,all,electrical,2
AVAR,AVDR,all,chemical,6
AVAR,AVDR,all,electrical,15
AVAR,AVEL,all,chemical,2
AVAR,AVER,all,chemical,3
AVAR,AVER,all,electrical,2
AVAR,AVJR,all,electrical,3
AVAR,DA1,all,chemical,2
AVAR,DA1,all,electrical,9
AVAR,DA2,all,chemical,9
AVAR,DA2,all,electrical,3
AVAR,DA3,all,chemical,8
AVAR,DA3,all,electrical,7
AVAR,DA4,all,chemical,9
AVAR,DA4,all,electrical,2
AVAR,DA5,all,chemical,9
AVAR,DA5,all,electrical,5
AVAR,DA6,all,chemical,4
AVAR,DA6,all,electrical,4
AVAR,DA7,all,chemical,6
AVAR,DA8,all,chemical,20
AVAR,DA8,all,electrical,5
AVAR,DA9,all,chemical,3
AVAR,DA9,all,electrical,4
AVAR,DB2,all,chemical,2
AVAR,DB3,all,chemical,2
AVAR,DB5,all,chemical,2
AVAR,LUAL,all,chemical,4
AVAR,LUAR,all,chemical,16
AVAR,LUAR,all,electrical,4
AVAR,PDEL,all,chemical,3
AVAR,PDER,all,chemical,3
AVAR,PHBL,all,electrical,1
AVAR,PHCR,all,electrical,1
AVAR,PLML,all,electrical,3
AVAR,PQR,all,electrical,17
AVAR,PVCL,all,chemical,20
AVAR,PVCL,all,electrical,10
AVAR,PVCR,all,chemical,20
AVAR,PVCR,all,electrical,22
AVAR,PVDL,all,electrical,4
AVAR,PVT,all,electrical,2
AVAR,PVWR,all,electrical,2
AVAR,RIGL,all,chemical,1
AVAR,RIML,all,electrical,8
AVAR,RIMR,all,electrical,2
AVAR,RMDR,all,electrical,2
AVAR,RMDVR,all,electrical,1
AVAR,SAAVR,all,chemical,6
AVAR,SAAVR,all,electrical,1
AVAR,SABVL,all,electrical,15
AVAR,SABVR,all,chemical,2
AVAR,SABVR,all,electrical,2
AVAR,SIBDL,all,electrical,1
AVAR,SMDVR,all,chemical,1
AVAR,URYDR,all,electrical,5
AVAR,URYVL,all,electrical,1
AVAR,VA1,all,electrical,7
AVAR,VA10,all,chemical,4
AVAR,VA10,all,electrical,4
AVAR,VA11,all,chemical,13
AVAR,VA11,all,electrical,16
AVAR,VA12,all,electrical,3
AVAR,VA2,all,chemical,5
AVAR,VA3,all,chemical,6
AVAR,VA3,all,electrical,3
AVAR,VA4,all,chemical,6
AVAR,VA4,all,electrical,3
AVAR,VA5,all,chemical,2
AVAR,VA5,all,electrical,5
AVAR,VA6,all,chemical,9
AVAR,VA7,all,chemical,7
AVAR,VA7,all,electrical,5
AVAR,VA8,all,chemical,7
AVAR,VA8,all,electrical,2
AVAR,VA9,all,chemical,7
AVAR,VA9,all,electrical,5
AVAR,VD11,all,electrical,1
AVBL,AQR,all,electrical,3
AVBL,AS10,all,chemical,2
AVBL,AS4,all,chemical,1
AVBL,AS5,all,chemical,2
AVBL,AS6,all,electrical,1
AVBL,AVAL,all,chemical,9
AVBL,AVAR,all,chemical,14
AVBL,AVAR,all,electrical,3
AVBL,AVBR,all,chemical,6
AVBL,AVBR,all,electrical,18
AVBL,AVDR,all,chemical,3
AVBL,AVEL,all,chemical,1
AVBL,AVER,all,chemical,1
AVBL,AVJR,all,chemical,1
AVBL,AVL,all,chemical,1
AVBL,DA5,all,chemical,1
AVBL,DA7,all,chemical,1
AVBL,DB3,all,electrical,9
AVBL,DB4,all,electrical,4
AVBL,DB5,all,electrical,3
AVBL,DB6,all,electrical,4
AVBL,DB7,all,electrical,13
AVBL,DVA,all,chemical,2
AVBL,DVA,all,electrical,11
AVBL,PVCR,all,chemical,2
AVBL,PVNR,all,chemical,3
AVBL,PVNR,all,electrical,5
AVBL,PVPR,all,chemical,3
AVBL,RIBL,all,electrical,6
AVBL,RIBR,all,electrical,2
AVBL,RID,all,electrical,2
AVBL,SDQL,all,chemical,1
AVBL,SDQR,all,electrical,1
AVBL,SIBVL,all,electrical,2
AVBL,VA10,all,chemical,1
AVBL,VA11,all,chemical,1
AVBL,VA2,all,chemical,3
AVBL,VB1,all,electrical,1
AVBL,VB10,all,electrical,4
AVBL,VB11,all,electrical,5
AVBL,VB2,all,chemical,3
AVBL,VB2,all,electrical,14
AVBL,VB4,all,electrical,3
AVBL,VB5,all,electrical,3
AVBL,VB6,all,electrical,3
AVBL,VB7,all,electrical,4
AVBL,VB8,all,electrical,4
AVBL,VB9,all,electrical,4
AVBL,VC3,all,chemical,3
AVBR,AIBR,all,chemical,1
AVBR,AS1,all,chemical,2
AVBR,AS10,all,chemical,1
AVBR,AS3,all,chemical,3
AVBR,AS4,all,chemical,1
AVBR,AS5,all,chemical,2
AVBR,AS5,all,electrical,2
AVBR,AS6,all,electrical,1
AVBR,AVAL,all,chemical,10
AVBR,AVAR,all,chemical,14
AVBR,AVBL,all,chemical,2
AVBR,AVBL,all,electrical,18
AVBR,AVDL,all,chemical,4
AVBR,AVER,all,chemical,2
AVBR,AVJL,all,chemical,2
AVBR,DA3,all,chemical,3
AVBR,DA7,all,chemical,1
AVBR,DB1,all,electrical,15
AVBR,DB2,all,electrical,3
AVBR,DB3,all,electrical,2
AVBR,DB4,all,electrical,5
AVBR,DB5,all,electrical,4
AVBR,DB6,all,electrical,4
AVBR,DB7,all,electrical,3
AVBR,DVA,all,electrical,3
AVBR,HSNR,all,chemical,1
AVBR,PVNL,all,electrical,7
AVBR,PVNR,all,electrical,2
AVBR,RIBL,all,electrical,3
AVBR,RIBR,all,electrical,3
AVBR,RID,all,electrical,7
AVBR,SIBVL,all,electrical,4
AVBR,SIBVR,all,electrical,1
AVBR,VA4,all,chemical,2
AVBR,VA7,all,chemical,1
AVBR,VB11,all,electrical,6
AVBR,VB2,all,electrical,6
AVBR,VB3,all,electrical,7
AVBR,VB4,all,electrical,5
AVBR,VB5,all,electrical,3
AVBR,VB6,all,electrical,4
AVBR,VB7,all,electrical,3
AVBR,VB8,all,electrical,4
AVBR,VB9,all,electrical,4
AVBR,VD3,all,chemical,2
AVDL,ADAR,all,electrical,3
AVDL,AS10,all,chemical,1
AVDL,AS11,all,chemical,4
AVDL,AS4,all,chemical,2
AVDL,AVAL,all,chemical,37
AVDL,AVAL,all,electrical,7
AVDL,AVAR,all,chemical,37
AVDL,AVAR,all,electrical,2
AVDL,AVDR,all,chemical,5
AVDL,AVDR,all,electrical,6
AVDL,AVEL,all,chemical,5
AVDL,AVHL,all,electrical,2
AVDL,AVJL,all,chemical,1
AVDL,AVJR,all,electrical,1
AVDL,AVM,all,electrical,8
AVDL,DA1,all,chemical,4
AVDL,DA2,all,chemical,2
AVDL,DA3,all,chemical,9
AVDL,DA4,all,chemical,3
AVDL,DA5,all,chemical,1
AVDL,DA8,all,chemical,2
AVDL,DVC,all,chemical,2
AVDL,FLPL,all,electrical,5
AVDL,FLPR,all,electrical,9
AVDL,LUAL,all,chemical,2
AVDL,PLML,all,electrical,3
AVDL,PQR,all,electrical,2
AVDL,PVCL,all,chemical,1
AVDL,PVNR,all,electrical,1
AVDL,PVT,all,electrical,1
AVDL,RIFL,all,electrical,1
AVDL,SABD,all,chemical,5
AVDL,SABVL,all,chemical,2
AVDL,SABVR,all,chemical,5
AVDL,VA1,all,chemical,2
AVDL,VA10,all,chemical,2
AVDL,VA10,all,electrical,1
AVDL,VA12,all,chemical,1
AVDL,VA3,all,chemical,3
AVDL,VA5,all,chemical,1
AVDR,ADAL,all,electrical,2
AVDR,ADLL,all,electrical,2
AVDR,ALA,all,chemical,1
AVDR,ALMR,all,electrical,2
AVDR,AS10,all,chemical,2
AVDR,AS11,all,chemical,3
AVDR,AVAL,all,chemical,41
AVDR,AVAL,all,electrical,9
AVDR,AVAR,all,chemical,52
AVDR,AVAR,all,electrical,15
AVDR,AVBL,all,chemical,1
AVDR,AVDL,all,chemical,3
AVDR,AVDL,all,electrical,6
AVDR,AVER,all,chemical,2
AVDR,AVJL,all,electrical,6
AVDR,AVJR,all,chemical,1
AVDR,DA1,all,chemical,5
AVDR,DA2,all,chemical,5
AVDR,DA3,all,chemical,3
AVDR,DA4,all,chemical,2
AVDR,DA5,all,chemical,3
AVDR,DA6,all,chemical,1
AVDR,DA8,all,chemical,1
AVDR,DA9,all,chemical,1
AVDR,DB1,all,chemical,1
AVDR,DB4,all,chemical,1
AVDR,DVC,all,chemical,4
AVDR,FLPR,all,electrical,2
AVDR,LUAL,all,chemical,3
AVDR,PLML,all,electrical,2
AVDR,PQR,all,chemical,3
AVDR,PQR,all,electrical,3
AVDR,PVCR,all,chemical,2
AVDR,PVCR,all,electrical,2
AVDR,PVNL,all,electrical,1
AVDR,PVNR,all,electrical,1
AVDR,PVWR,all,electrical,1
AVDR,SABD,all,chemical,1
AVDR,SABVL,all,chemical,5
AVDR,SABVR,all,chemical,1
AVDR,SIADL,all,electrical,1
AVDR,SIBDL,all,electrical,1
AVDR,VA11,all,chemical,1
AVDR,VA2,all,chemical,1
AVDR,VA3,all,chemical,2
AVDR,VA5,all,chemical,3
AVEL,AFDL,all,electrical,1
AVEL,ALML,all,chemical,1
AVEL,AS1,all,chemical,3
AVEL,AS1,all,electrical,2
AVEL,AS3,all,chemical,2
AVEL,AVAL,all,chemical,17
AVEL,AVAL,all,electrical,2
AVEL,AVAR,all,chemical,3
AVEL,AVDL,all,chemical,5
AVEL,AVER,all,electrical,5
AVEL,AVL,all,electrical,1
AVEL,BAGR,all,electrical,1
AVEL,DA1,all,chemical,11
AVEL,DA2,all,chemical,5
AVEL,DA3,all,chemical,6
AVEL,DA4,all,chemical,1
AVEL,DB3,all,chemical,1
AVEL,DB4,all,chemical,1
AVEL,PVCL,all,chemical,1
AVEL,PVCR,all,chemical,2
AVEL,PVPR,all,electrical,1
AVEL,PVT,all,chemical,1
AVEL,RIML,all,electrical,10
AVEL,RIMR,all,electrical,7
AVEL,RIS,all,electrical,3
AVEL,RMDVR,all,electrical,2
AVEL,RMEV,all,electrical,1
AVEL,RMGL,all,chemical,2
AVEL,RMGL,all,electrical,2
AVEL,SABD,all,chemical,18
AVEL,SABVL,all,chemical,16
AVEL,SABVR,all,chemical,12
AVEL,SMDVR,all,electrical,1
AVEL,VA1,all,chemical,12
AVEL,VA3,all,chemical,1
AVEL,VA4,all,chemical,1
AVEL,VD2,all,chemical,1
AVEL,VD3,all,chemical,1
AVER,AIZR,all,chemical,1
AVER,ALA,all,electrical,3
AVER,AS1,all,chemical,6
AVER,AS1,all,electrical,1
AVER,AS2,all,chemical,4
AVER,AS3,all,chemical,1
AVER,ASHR,all,electrical,1
AVER,AVAL,all,chemical,14
AVER,AVAR,all,chemical,33
AVER,AVAR,all,electrical,2
AVER,AVDL,all,chemical,4
AVER,AVDR,all,chemical,4
AVER,AVEL,all,chemical,3
AVER,AVEL,all,electrical,5
AVER,AVKR,all,electrical,1
AVER,CEPDL,all,chemical,1
AVER,DA1,all,chemical,11
AVER,DA1,all,electrical,1
AVER,DA2,all,chemical,7
AVER,DA3,all,chemical,3
AVER,DB3,all,chemical,1
AVER,OLLL,all,chemical,1
AVER,RIFL,all,electrical,1
AVER,RIML,all,electrical,9
AVER,RIMR,all,chemical,1
AVER,RIMR,all,electrical,11
AVER,RMDDL,all,electrical,2
AVER,RMDR,all,electrical,5
AVER,RMDVL,all,electrical,1
AVER,RMDVR,all,electrical,7
AVER,RMEV,all,electrical,1
AVER,RMGR,all,chemical,1
AVER,SABD,all,chemical,1
AVER,SABVL,all,chemical,12
AVER,SABVR,all,chemical,11
AVER,SMDDR,all,electrical,1
AVER,URXR,all,chemical,1
AVER,VA1,all,chemical,5
AVER,VA2,all,chemical,4
AVER,VA3,all,chemical,1
AVER,VA4,all,chemical,2
AVFL,AIML,all,chemical,1
AVFL,AS10,all,chemical,1
AVFL,AS11,all,electrical,2
AVFL,AVBL,all,chemical,4
AVFL,AVBR,all,chemical,1
AVFL,AVFR,all,chemical,12
AVFL,AVFR,all,electrical,31
AVFL,AVG,all,chemical,5
AVFL,AVG,all,electrical,1
AVFL,AVHL,all,chemical,4
AVFL,AVHL,all,electrical,4
AVFL,AVHR,all,chemical,1
AVFL,AVHR,all,electrical,5
AVFL,AVJL,all,chemical,2
AVFL,AVL,all,chemical,5
AVFL,DVB,all,chemical,1
AVFL,HSNL,all,chemical,2
AVFL,HSNR,all,chemical,3
AVFL,PDER,all,chemical,1
AVFL,PVCL,all,electrical,1
AVFL,PVNL,all,chemical,1
AVFL,PVNR,all,electrical,1
AVFL,PVPL,all,electrical,2
AVFL,PVQL,all,chemical,1
AVFL,PVQR,all,chemical,1
AVFL,PVQR,all,electrical,5
AVFL,RIFL,all,chemical,1
AVFL,RIFR,all,chemical,1
AVFL,SMBVL,all,chemical,1
AVFL,VB1,all,chemical,2
AVFL,VB2,all,chemical,2
AVFL,VC1,all,chemical,1
AVFL,VC4,all,electrical,1
AVFL,VC5,all,electrical,1
AVFL,VD12,all,electrical,3
AVFR,AIAL,all,chemical,1
AVFR,AIML,all,chemical,1
AVFR,ASHR,all,chemical,1
AVFR,AVAL,all,chemical,1
AVFR,AVBL,all,chemical,6
AVFR,AVBR,all,chemical,6
AVFR,AVFL,all,chemical,7
AVFR,AVFL,all,electrical,31
AVFR,AVG,all,chemical,1
AVFR,AVHL,all,chemical,3
AVFR,AVHL,all,electrical,11
AVFR,AVHR,all,chemical,3
AVFR,AVHR,all,electrical,7
AVFR,AVJL,all,chemical,5
AVFR,AVJR,all,chemical,1
AVFR,HSNL,all,chemical,4
AVFR,HSNR,all,chemical,3
AVFR,PVCR,all,chemical,1
AVFR,PVDL,all,chemical,1
AVFR,PVPL,all,electrical,3
AVFR,PVPR,all,chemical,1
AVFR,PVQL,all,chemical,2
AVFR,PVQL,all,electrical,2
AVFR,RMDDL,all,chemical,1
AVFR,RMGL,all,chemical,1
AVFR,RMGL,all,electrical,1
AVFR,VA2,all,chemical,1
AVFR,VB1,all,electrical,1
AVFR,VC4,all,electrical,1
AVFR,VC5,all,electrical,1
AVFR,VD11,all,chemical,1
AVG,AS11,all,electrical,1
AVG,AVAL,all,chemical,3
AVG,AVAR,all,chemical,3
AVG,AVBL,all,chemical,5
AVG,AVBR,all,chemical,3
AVG,AVDL,all,chemical,1
AVG,AVDR,all,chemical,3
AVG,AVEL,all,chemical,2
AVG,AVER,all,chemical,1
AVG,AVFL,all,chemical,3
AVG,AVFL,all,electrical,1
AVG,AVG,all,chemical,2
AVG,AVHR,all,electrical,4
AVG,AVJL,all,chemical,7
AVG,AVJR,all,chemical,3
AVG,AVJR,all,electrical,1
AVG,DA8,all,chemical,1
AVG,DD6,all,electrical,1
AVG,DVC,all,chemical,2
AVG,DVC,all,electrical,12
AVG,PHAL,all,chemical,3
AVG,PHAL,all,electrical,3
AVG,PHAR,all,electrical,2
AVG,PHCR,all,electrical,1
AVG,PVCL,all,chemical,1
AVG,PVCR,all,chemical,2
AVG,PVDL,all,electrical,1
AVG,PVNL,all,chemical,2
AVG,PVNR,all,chemical,4
AVG,PVPL,all,electrical,3
AVG,PVQR,all,chemical,2
AVG,PVT,all,chemical,2
AVG,PVT,all,electrical,4
AVG,RIFR,all,electrical,3
AVG,VA6,all,chemical,1
AVG,VC1,all,chemical,2
AVHL,ADFR,all,chemical,5
AVHL,AS10,all,electrical,1
AVHL,AS11,all,electrical,3
AVHL,ASHR,all,chemical,1
AVHL,ASHR,all,electrical,2
AVHL,ASKL,all,electrical,8
AVHL,AVAR,all,chemical,1
AVHL,AVBL,all,chemical,2
AVHL,AVBR,all,chemical,1
AVHL,AVDL,all,chemical,1
AVHL,AVDL,all,electrical,2
AVHL,AVFL,all,chemical,1
AVHL,AVFL,all,electrical,4
AVHL,AVFR,all,chemical,5
AVHL,AVFR,all,electrical,11
AVHL,AVHR,all,chemical,1
AVHL,AVHR,all,electrical,15
AVHL,AVJL,all,chemical,4
AVHL,AVJR,all,chemical,1
AVHL,AVJR,all,electrical,6
AVHL,AWBR,all,chemical,3
AVHL,BDUR,all,chemical,1
AVHL,DB7,all,electrical,3
AVHL,DD1,all,chemical,1
AVHL,LUAL,all,electrical,1
AVHL,PHAL,all,electrical,1
AVHL,PHBL,all,electrical,1
AVHL,PHBR,all,electrical,10
AVHL,PVNL,all,electrical,1
AVHL,PVPL,all,chemical,1
AVHL,PVPR,all,chemical,2
AVHL,PVPR,all,electrical,6
AVHL,PVQR,all,chemical,3
AVHL,RIFR,all,chemical,1
AVHL,RIMR,all,chemical,1
AVHL,RIR,all,chemical,2
AVHL,SABD,all,chemical,1
AVHL,SMBDR,all,chemical,4
AVHL,SMBVR,all,chemical,4
AVHL,VD1,all,chemical,1
AVHL,VD12,all,electrical,8
AVHR,ADLR,all,chemical,3
AVHR,AQR,all,chemical,1
AVHR,AS11,all,electrical,17
AVHR,ASKR,all,chemical,1
AVHR,ASKR,all,electrical,10
AVHR,AVAL,all,chemical,1
AVHR,AVBL,all,chemical,3
AVHR,AVBR,all,chemical,1
AVHR,AVDR,all,chemical,1
AVHR,AVFL,all,chemical,2
AVHR,AVFL,all,electrical,5
AVHR,AVFR,all,chemical,2
AVHR,AVFR,all,electrical,7
AVHR,AVG,all,chemical,1
AVHR,AVG,all,electrical,4
AVHR,AVHL,all,chemical,1
AVHR,AVHL,all,electrical,15
AVHR,AVJL,all,electrical,3
AVHR,AVJR,all,chemical,5
AVHR,AVJR,all,electrical,2
AVHR,AWBL,all,chemical,1
AVHR,DA8,all,electrical,5
AVHR,DD6,all,electrical,1
AVHR,DVA,all,chemical,1
AVHR,DVC,all,electrical,4
AVHR,PHAR,all,electrical,2
AVHR,PHBL,all,electrical,2
AVHR,PHBR,all,electrical,2
AVHR,PVPL,all,chemical,9
AVHR,PVPL,all,electrical,4
AVHR,PVPR,all,electrical,3
AVHR,PVQL,all,electrical,3
AVHR,PVQR,all,electrical,2
AVHR,RIGL,all,chemical,1
AVHR,RIR,all,chemical,8
AVHR,SIAVL,all,electrical,1
AVHR,SMBDL,all,chemical,3
AVHR,SMBVL,all,chemical,1
AVHR,VD12,all,electrical,13
AVJL,AINL,all,chemical,1
AVJL,ASHR,all,chemical,1
AVJL,AVAL,all,electrical,7
AVJL,AVAR,all,chemical,1
AVJL,AVBL,all,chemical,5
AVJL,AVBR,all,chemical,6
AVJL,AVDL,all,chemical,1
AVJL,AVDR,all,electrical,6
AVJL,AVEL,all,chemical,1
AVJL,AVHL,all,chemical,3
AVJL,AVHR,all,electrical,3
AVJL,AVJR,all,chemical,1
AVJL,AVJR,all,electrical,10
AVJL,LUAL,all,electrical,5
AVJL,LUAR,all,electrical,1
AVJL,PDB,all,electrical,2
AVJL,PQR,all,electrical,5
AVJL,PVCL,all,chemical,5
AVJL,PVCL,all,electrical,3
AVJL,PVCR,all,chemical,1
AVJL,PVCR,all,electrical,19
AVJL,PVNL,all,electrical,5
AVJL,PVNR,all,chemical,4
AVJL,PVPR,all,electrical,1
AVJL,PVT,all,electrical,1
AVJL,PVWL,all,electrical,3
AVJL,PVWR,all,electrical,5
AVJL,RIFR,all,chemical,1
AVJL,RIFR,all,electrical,1
AVJL,RIS,all,chemical,1
AVJL,RIS,all,electrical,15
AVJL,SABD,all,chemical,1
AVJR,ADER,all,electrical,1
AVJR,ALML,all,chemical,3
AVJR,AVAL,all,chemical,4
AVJR,AVAL,all,electrical,4
AVJR,AVAR,all,chemical,5
AVJR,AVAR,all,electrical,3
AVJR,AVBL,all,chemical,10
AVJR,AVBR,all,chemical,2
AVJR,AVDL,all,chemical,1
AVJR,AVDL,all,electrical,1
AVJR,AVDR,all,chemical,7
AVJR,AVER,all,chemical,3
AVJR,AVFR,all,chemical,1
AVJR,AVG,all,electrical,1
AVJR,AVHL,all,electrical,6
AVJR,AVHR,all,electrical,2
AVJR,AVJL,all,chemical,1
AVJR,AVJL,all,electrical,10
AVJR,AVM,all,chemical,1
AVJR,FLPR,all,chemical,2
AVJR,LUAR,all,electrical,1
AVJR,PHBL,all,electrical,1
AVJR,PHCR,all,electrical,1
AVJR,PQR,all,electrical,2
AVJR,PVCL,all,chemical,5
AVJR,PVCL,all,electrical,3
AVJR,PVCR,all,chemical,7
AVJR,PVCR,all,electrical,1
AVJR,PVNL,all,electrical,1
AVJR,PVNR,all,electrical,5
AVJR,PVQR,all,chemical,1
AVJR,RID,all,chemical,2
AVJR,SABVL,all,chemical,3
AVKL,ADER,all,electrical,4
AVKL,AIYL,all,electrical,1
AVKL,AQR,all,electrical,7
AVKL,AS10,all,electrical,1
AVKL,AS11,all,electrical,1
AVKL,AVBL,all,chemical,2
AVKL,AVEL,all,chemical,4
AVKL,AVER,all,chemical,2
AVKL,AVKR,all,electrical,9
AVKL,AVL,all,electrical,3
AVKL,AVM,all,chemical,2
AVKL,DVA,all,chemical,1
AVKL,DVA,all,electrical,18
AVKL,PDEL,all,chemical,2
AVKL,PDER,all,chemical,1
AVKL,PDER,all,electrical,1
AVKL,PVM,all,electrical,1
AVKL,PVPL,all,electrical,3
AVKL,PVPR,all,electrical,6
AVKL,PVT,all,electrical,5
AVKL,RICR,all,electrical,2
AVKL,RIGL,all,electrical,2
AVKL,RIGR,all,electrical,1
AVKL,RIML,all,chemical,3
AVKL,RIMR,all,chemical,2
AVKL,RIVL,all,chemical,5
AVKL,RMDL,all,chemical,1
AVKL,RMFL,all,chemical,2
AVKL,SAADL,all,chemical,1
AVKL,SAADR,all,chemical,3
AVKL,SIAVR,all,chemical,2
AVKL,SIBDR,all,chemical,2
AVKL,SMBDL,all,electrical,2
AVKL,SMBDR,all,electrical,2
AVKL,SMBVL,all,electrical,6
AVKL,SMBVR,all,electrical,2
AVKL,VB1,all,chemical,3
AVKL,VB10,all,electrical,1
AVKL,VB11,all,electrical,1
AVKR,AIMR,all,electrical,3
AVKR,AQR,all,electrical,2
AVKR,AVER,all,electrical,1
AVKR,AVKL,all,chemical,3
AVKR,AVKL,all,electrical,9
AVKR,BDUL,all,chemical,3
AVKR,PDEL,all,electrical,1
AVKR,PVM,all,chemical,2
AVKR,PVPL,all,chemical,1
AVKR,PVPL,all,electrical,22
AVKR,PVQL,all,chemical,1
AVKR,PVQL,all,electrical,2
AVKR,PVT,all,electrical,1
AVKR,RICL,all,electrical,4
AVKR,RIGL,all,chemical,1
AVKR,RIGR,all,electrical,2
AVKR,RIML,all,chemical,5
AVKR,RIMR,all,chemical,3
AVKR,RIMR,all,electrical,1
AVKR,RMDL,all,chemical,1
AVKR,RMDR,all,chemical,2
AVKR,RMFL,all,chemical,2
AVKR,RMGL,all,chemical,2
AVKR,RMHR,all,chemical,1
AVKR,SAADL,all,chemical,2
AVKR,SIADL,all,chemical,3
AVKR,SMBDL,all,chemical,3
AVKR,SMBDL,all,electrical,1
AVKR,SMBDR,all,electrical,9
AVKR,SMBVR,all,electrical,6
AVKR,SMDDR,all,chemical,3
AVKR,SMDVR,all,chemical,1
AVL,AVEL,all,chemical,3
AVL,AVEL,all,electrical,1
AVL,AVKL,all,electrical,3
AVL,AVKR,all,chemical,2
AVL,DA9,all,electrical,4
AVL,DD1,all,chemical,4
AVL,DD6,all,chemical,1
AVL,DD6,all,electrical,28
AVL,DVB,all,chemical,1
AVL,DVB,all,electrical,14
AVL,DVC,all,chemical,2
AVL,DVC,all,electrical,22
AVL,HSNR,all,chemical,2
AVL,PDA,all,electrical,3
AVL,PVPL,all,electrical,1
AVL,PVPR,all,chemical,2
AVL,PVPR,all,electrical,8
AVL,PVT,all,electrical,6
AVL,PVWL,all,chemical,1
AVL,PVWR,all,electrical,3
AVL,RIMR,all,chemical,2
AVL,RIS,all,chemical,1
AVL,SABD,all,chemical,9
AVL,SABVL,all,chemical,9
AVL,SABVR,all,chemical,6
AVL,VC1,all,chemical,2
AVL,VC2,all,chemical,2
AVL,VC6,all,chemical,1
AVL,VD11,all,electrical,1
AVL,VD12,all,chemical,3
AVL,VD12,all,electrical,2
AVL,VD13,all,electrical,5
AVM,ADER,all,chemical,4
AVM,ALML,all,electrical,7
AVM,ALMR,all,electrical,16
AVM,AVBL,all,chemical,13
AVM,AVBR,all,chemical,9
AVM,AVDL,all,chemical,1
AVM,AVDL,all,electrical,8
AVM,AVDR,all,chemical,1
AVM,AVHL,all,chemical,3
AVM,AVJR,all,chemical,1
AVM,AVKL,all,chemical,1
AVM,BDUL,all,chemical,3
AVM,BDUR,all,chemical,5
AVM,DA1,all,chemical,2
AVM,PVCL,all,chemical,10
AVM,PVCR,all,chemical,17
AVM,PVNL,all,chemical,4
AVM,PVNR,all,chemical,3
AVM,PVR,all,chemical,6
AVM,PVR,all,electrical,4
AVM,RID,all,chemical,2
AVM,SIBVL,all,chemical,4
AVM,VA2,all,chemical,1
AVM,VB3,all,chemical,1
AWAL,ADAL,all,chemical,2
AWAL,ADLL,all,electrical,1
AWAL,AFDL,all,chemical,7
AWAL,AIAL,all,electrical,1
AWAL,AIYL,all,chemical,3
AWAL,AIZL,all,chemical,23
AWAL,AIZL,all,electrical,3
AWAL,ASEL,all,chemical,7
AWAL,ASGL,all,chemical,1
AWAL,ASHL,all,chemical,2
AWAL,AWAR,all,electrical,2
AWAL,AWBL,all,chemical,9
AWAR,ADFR,all,chemical,9
AWAR,ADFR,all,electrical,3
AWAR,AFDR,all,chemical,23
AWAR,AIAR,all,chemical,3
AWAR,AIAR,all,electrical,3
AWAR,AIYR,all,chemical,8
AWAR,AIZR,all,chemical,25
AWAR,AIZR,all,electrical,3
AWAR,ASER,all,chemical,5
AWAR,ASGR,all,chemical,1
AWAR,ASIL,all,chemical,2
AWAR,AUAR,all,chemical,1
AWAR,AWAL,all,electrical,2
AWAR,AWBR,all,chemical,3
AWAR,RIFR,all,chemical,5
AWAR,RIGR,all,chemical,6
AWAR,RIR,all,chemical,2
AWBL,ADFL,all,chemical,25
AWBL,AIAL,all,chemical,4
AWBL,AIAL,all,electrical,1
AWBL,AIBR,all,chemical,1
AWBL,AIYL,all,chemical,1
AWBL,AIZL,all,chemical,15
AWBL,ASEL,all,chemical,1
AWBL,ASGL,all,electrical,1
AWBL,ASHL,all,chemical,2
AWBL,AUAL,all,electrical,4
AWBL,AVBL,all,chemical,2
AWBL,AVHR,all,chemical,2
AWBL,AWAL,all,chemical,2
AWBL,AWBR,all,electrical,3
AWBL,AWCL,all,chemical,1
AWBL,HSNL,all,chemical,1
AWBL,RIAL,all,chemical,10
AWBL,RIGL,all,chemical,2
AWBL,RMGL,all,electrical,1
AWBL,SMBDL,all,chemical,2
AWBL,SMBVL,all,chemical,3
AWBR,ADFR,all,chemical,7
AWBR,ADFR,all,electrical,1
AWBR,AIMR,all,chemical,1
AWBR,AIYR,all,chemical,1
AWBR,AIZR,all,chemical,8
AWBR,ASER,all,chemical,1
AWBR,ASER,all,electrical,1
AWBR,ASGR,all,chemical,1
AWBR,ASHR,all,chemical,2
AWBR,AUAR,all,electrical,3
AWBR,AVBR,all,chemical,2
AWBR,AWBL,all,electrical,3
AWBR,HSNL,all,chemical,2
AWBR,HSNR,all,chemical,2
AWBR,OLQVR,all,chemical,1
AWBR,RIAR,all,chemical,3
AWBR,RICL,all,electrical,4
AWBR,RIFR,all,chemical,1
AWBR,RIR,all,chemical,7
AWBR,RMGR,all,electrical,1
AWBR,URYVR,all,chemical,1
AWCL,ADFL,all,electrical,1
AWCL,AFDL,all,chemical,2
AWCL,AIAL,all,chemical,2
AWCL,AIAR,all,chemical,4
AWCL,AIBL,all,chemical,12
AWCL,AIBR,all,chemical,2
AWCL,AIYL,all,chemical,22
AWCL,AIZL,all,chemical,1
AWCL,ASEL,all,electrical,1
AWCL,ASER,all,chemical,1
AWCL,ASGR,all,chemical,1
AWCL,ASIL,all,chemical,1
AWCL,AUAL,all,electrical,1
AWCL,AVAL,all,chemical,1
AWCL,AWCR,all,chemical,11
AWCL,RIAL,all,chemical,6
AWCL,SMDVL,all,chemical,1
AWCR,ADFR,all,chemical,1
AWCR,AFDR,all,electrical,3
AWCR,AIAL,all,chemical,1
AWCR,AIAL,all,electrical,1
AWCR,AIAR,all,chemical,8
AWCR,AIAR,all,electrical,1
AWCR,AIBL,all,chemical,3
AWCR,AIBR,all,chemical,18
AWCR,AIYL,all,chemical,12
AWCR,AIYR,all,chemical,22
AWCR,ASEL,all,chemical,8
AWCR,ASEL,all,electrical,2
AWCR,ASER,all,chemical,5
AWCR,ASGR,all,chemical,3
AWCR,ASGR,all,electrical,2
AWCR,ASHR,all,chemical,1
AWCR,ASIL,all,chemical,2
AWCR,ASIR,all,chemical,2
AWCR,AWCL,all,chemical,17
AWCR,IL2L,all,chemical,2
AWCR,RIAL,all,chemical,3
AWCR,RIVL,all,chemical,3
BAGL,ADFR,all,chemical,1
BAGL,AIBL,all,chemical,2
BAGL,AINL,all,chemical,1
BAGL,AINR,all,electrical,3
BAGL,AIZR,all,chemical,2
BAGL,AUAR,all,chemical,2
BAGL,AVAR,all,chemical,3
BAGL,AVEL,all,chemical,2
BAGL,AVER,all,chemical,7
BAGL,BAGR,all,chemical,1
BAGL,BAGR,all,electrical,1
BAGL,CEPVR,all,chemical,2
BAGL,RIAR,all,chemical,18
BAGL,RIBR,all,chemical,19
BAGL,RID,all,chemical,3
BAGL,RIGL,all,chemical,3
BAGL,RIGL,all,electrical,1
BAGL,RIGR,all,chemical,7
BAGL,RIGR,all,electrical,2
BAGL,RIPR,all,chemical,1
BAGL,RIR,all,electrical,4
BAGL,RIVR,all,chemical,2
BAGL,URAVR,all,chemical,1
BAGL,URXR,all,chemical,1
BAGR,AIYL,all,chemical,3
BAGR,AQR,all,chemical,3
BAGR,AVAL,all,chemical,4
BAGR,AVEL,all,chemical,8
BAGR,AVEL,all,electrical,1
BAGR,BAGL,all,chemical,3
BAGR,BAGL,all,electrical,1
BAGR,OLQVL,all,chemical,2
BAGR,RIAL,all,chemical,18
BAGR,RIBL,all,chemical,22
BAGR,RIBR,all,chemical,1
BAGR,RIGL,all,chemical,10
BAGR,RIR,all,electrical,5
BAGR,SMDVL,all,chemical,1
BDUL,ADAL,all,chemical,2
BDUL,ADEL,all,chemical,6
BDUL,ALML,all,chemical,1
BDUL,AVHL,all,chemical,2
BDUL,AVJR,all,chemical,2
BDUL,HSNL,all,chemical,3
BDUL,PVNL,all,chemical,2
BDUL,PVNL,all,electrical,1
BDUL,PVNR,all,chemical,4
BDUL,RIFL,all,chemical,2
BDUL,RMGL,all,chemical,3
BDUL,SAADL,all,chemical,3
BDUL,URADL,all,chemical,3
BDUR,ADER,all,chemical,4
BDUR,ALMR,all,chemical,4
BDUR,AVAL,all,chemical,7
BDUR,AVBR,all,chemical,1
BDUR,AVHL,all,chemical,2
BDUR,AVJL,all,chemical,5
BDUR,CEPVR,all,chemical,1
BDUR,HSNL,all,electrical,1
BDUR,HSNR,all,chemical,8
BDUR,HSNR,all,electrical,1
BDUR,PVCL,all,chemical,3
BDUR,PVNL,all,chemical,11
BDUR,PVNR,all,chemical,5
BDUR,PVR,all,electrical,3
BDUR,SDQL,all,chemical,2
BDUR,URADR,all,chemical,3
CANL,ALA,all,electrical,401
CANL,PVDL,all,electrical,100
CANR,ALA,all,electrical,401
CANR,PVDR,all,electrical,100
CEPDL,AFDL,all,chemical,2
CEPDL,AINL,all,chemical,2
CEPDL,ALML,all,chemical,2
CEPDL,AVER,all,chemical,13
CEPDL,CEPDR,all,chemical,1
CEPDL,IL1DL,all,chemical,18
CEPDL,IL2DL,all,chemical,1
CEPDL,OLLL,all,chemical,8
CEPDL,OLQDL,all,chemical,27
CEPDL,OLQDL,all,electrical,2
CEPDL,RIBL,all,chemical,3
CEPDL,RICL,all,chemical,11
CEPDL,RICR,all,chemical,8
CEPDL,RIH,all,chemical,1
CEPDL,RIPL,all,chemical,8
CEPDL,RIS,all,chemical,3
CEPDL,RMDDL,all,chemical,2
CEPDL,RMDVL,all,chemical,13
CEPDL,RMGL,all,chemical,6
CEPDL,RMHL,all,chemical,1
CEPDL,RMHR,all,chemical,8
CEPDL,SIADR,all,chemical,4
CEPDL,SIBDR,all,chemical,2
CEPDL,SMBDR,all,chemical,5
CEPDL,URADL,all,chemical,8
CEPDL,URBL,all,chemical,11
CEPDL,URYDL,all,chemical,7
CEPDR,AVEL,all,chemical,9
CEPDR,BDUR,all,chemical,5
CEPDR,CEPDR,all,chemical,6
CEPDR,IL1DR,all,chemical,15
CEPDR,IL1R,all,chemical,1
CEPDR,OLLR,all,chemical,13
CEPDR,OLQDR,all,chemical,20
CEPDR,OLQDR,all,electrical,8
CEPDR,RIBR,all,chemical,3
CEPDR,RICL,all,chemical,13
CEPDR,RICR,all,chemical,19
CEPDR,RIFR,all,chemical,2
CEPDR,RIH,all,chemical,4
CEPDR,RMDR,all,chemical,1
CEPDR,RMDVR,all,chemical,3
CEPDR,RMGR,all,chemical,1
CEPDR,RMHL,all,chemical,7
CEPDR,RMHR,all,chemical,1
CEPDR,SIBVR,all,chemical,1
CEPDR,SMBDL,all,chemical,1
CEPDR,URADR,all,chemical,3
CEPDR,URBR,all,chemical,14
CEPDR,URXR,all,chemical,2
CEPDR,URYDR,all,chemical,3
CEPVL,AVER,all,chemical,5
CEPVL,IL1VL,all,chemical,9
CEPVL,OLLL,all,chemical,4
CEPVL,OLQVL,all,chemical,19
CEPVL,OLQVL,all,electrical,4
CEPVL,PVR,all,chemical,3
CEPVL,RIAL,all,chemical,1
CEPVL,RIBL,all,chemical,3
CEPVL,RICL,all,chemical,20
CEPVL,RICR,all,chemical,17
CEPVL,RIH,all,electrical,1
CEPVL,RIPL,all,chemical,4
CEPVL,RMDDL,all,chemical,7
CEPVL,RMDVR,all,chemical,8
CEPVL,RMGL,all,chemical,2
CEPVL,RMHL,all,chemical,10
CEPVL,RMHR,all,chemical,5
CEPVL,SIAVL,all,chemical,6
CEPVL,SMBVL,all,chemical,1
CEPVL,SMDVR,all,chemical,1
CEPVL,URAVL,all,chemical,6
CEPVL,URAVL,all,electrical,3
CEPVL,URXL,all,chemical,2
CEPVL,URYVL,all,chemical,5
CEPVR,ADLR,all,chemical,3
CEPVR,AIMR,all,electrical,1
CEPVR,ASGR,all,chemical,2
CEPVR,AVEL,all,chemical,13
CEPVR,CEPDR,all,chemical,1
CEPVR,IL1VR,all,chemical,8
CEPVR,IL2VR,all,chemical,3
CEPVR,IL2VR,all,electrical,1
CEPVR,OLLR,all,chemical,14
CEPVR,OLQVR,all,chemical,11
CEPVR,OLQVR,all,electrical,1
CEPVR,RIAL,all,chemical,1
CEPVR,RIAR,all,chemical,1
CEPVR,RICL,all,chemical,13
CEPVR,RICR,all,chemical,12
CEPVR,RIPR,all,chemical,3
CEPVR,RIVL,all,chemical,2
CEPVR,RMDDR,all,chemical,4
CEPVR,RMHR,all,chemical,15
CEPVR,SIAVR,all,chemical,7
CEPVR,SMBVR,all,chemical,2
CEPVR,SMDDR,all,chemical,2
CEPVR,URAVR,all,chemical,3
CEPVR,URYVR,all,chemical,2
DA1,AS1,all,chemical,13
DA1,AVAL,all,electrical,2
DA1,AVAR,all,electrical,9
DA1,AVER,all,electrical,1
DA1,DA2,all,electrical,1
DA1,DB1,all,chemical,1
DA1,DD1,all,chemical,12
DA1,FLPR,all,chemical,2
DA1,FLPR,all,electrical,5
DA1,SABVR,all,electrical,1
DA1,VD1,all,chemical,13
DA1,VD2,all,chemical,4
DA2,AS2,all,chemical,1
DA2,AS2,all,electrical,2
DA2,AS3,all,electrical,1
DA2,AVAL,all,electrical,7
DA2,AVAR,all,electrical,3
DA2,DA1,all,electrical,1
DA2,DA3,all,chemical,1
DA2,DA5,all,electrical,1
DA2,DB1,all,chemical,1
DA2,DD1,all,chemical,7
DA2,FLPR,all,electrical,6
DA2,VA1,all,electrical,9
DA2,VA5,all,electrical,3
DA2,VD2,all,chemical,17
DA2,VD3,all,chemical,11
DA3,AS4,all,chemical,2
DA3,AS4,all,electrical,4
DA3,AVAL,all,electrical,6
DA3,AVAR,all,electrical,7
DA3,DA4,all,chemical,2
DA3,DA4,all,electrical,1
DA3,DA5,all,electrical,1
DA3,DB3,all,chemical,2
DA3,DD2,all,chemical,3
DA3,FLPR,all,electrical,16
DA3,PVDL,all,electrical,1
DA3,VA2,all,electrical,1
DA3,VA6,all,electrical,1
DA3,VD3,all,chemical,43
DA3,VD4,all,chemical,13
DA4,AVAL,all,electrical,2
DA4,AVAR,all,electrical,2
DA4,DA3,all,electrical,1
DA4,DB2,all,chemical,2
DA4,DD2,all,chemical,4
DA4,PVCL,all,electrical,1
DA4,VA3,all,electrical,1
DA4,VD4,all,chemical,11
DA4,VD5,all,chemical,21
DA5,AS6,all,electrical,5
DA5,AVAL,all,electrical,2
DA5,AVAR,all,electrical,5
DA5,DA2,all,electrical,1
DA5,DA3,all,electrical,1
DA5,DA4,all,chemical,1
DA5,DB4,all,chemical,1
DA5,DD3,all,chemical,12
DA5,PVDL,all,electrical,1
DA5,VD5,all,chemical,1
DA5,VD6,all,chemical,22
DA6,AVAL,all,electrical,4
DA6,AVAR,all,electrical,4
DA6,DA5,all,chemical,1
DA6,DB1,all,electrical,1
DA6,DB5,all,chemical,1
DA6,DD3,all,chemical,7
DA6,VD4,all,chemical,3
DA6,VD5,all,chemical,3
DA6,VD6,all,chemical,13
DA6,VD7,all,chemical,13
DA7,AS10,all,electrical,1
DA7,AVAL,all,electrical,10
DA7,DA6,all,chemical,1
DA7,DA8,all,electrical,1
DA7,DB6,all,chemical,1
DA7,DD4,all,chemical,3
DA7,PVCL,all,electrical,1
DA7,PVCR,all,electrical,3
DA7,VD7,all,chemical,10
DA7,VD8,all,chemical,12
DA7,VD9,all,chemical,10
DA8,AS11,all,electrical,1
DA8,AVAL,all,electrical,8
DA8,AVAR,all,electrical,5
DA8,AVHR,all,electrical,5
DA8,DA7,all,chemical,1
DA8,DA7,all,electrical,1
DA8,DA9,all,electrical,15
DA8,DB7,all,chemical,1
DA8,DD4,all,chemical,4
DA8,DD5,all,chemical,4
DA8,DD6,all,electrical,2
DA8,DVB,all,electrical,5
DA8,PDA,all,electrical,1
DA8,PVCL,all,electrical,17
DA8,PVQL,all,electrical,1
DA8,VA10,all,electrical,2
DA8,VA12,all,electrical,6
DA8,VD10,all,chemical,7
DA8,VD11,all,chemical,5
DA8,VD12,all,chemical,5
DA8,VD13,all,chemical,5
DA8,VD8,all,chemical,5
DA8,VD9,all,chemical,5
DA9,AS11,all,chemical,1
DA9,AVAL,all,electrical,1
DA9,AVAR,all,electrical,4
DA9,AVL,all,electrical,4
DA9,DA8,all,chemical,1
DA9,DA8,all,electrical,15
DA9,DB7,all,chemical,2
DA9,DD6,all,chemical,4
DA9,DVA,all,chemical,1
DA9,DVA,all,electrical,3
DA9,PDA,all,electrical,9
DA9,PHCR,all,electrical,7
DA9,PVCR,all,electrical,3
DA9,PVR,all,electrical,15
DA9,RID,all,electrical,1
DA9,VA11,all,chemical,1
DA9,VA11,all,electrical,3
DA9,VA12,all,chemical,1
DA9,VA12,all,electrical,1
DA9,VB11,all,electrical,1
DA9,VD10,all,chemical,5
DA9,VD11,all,chemical,11
DA9,VD12,all,chemical,11
DA9,VD13,all,chemical,4
DA9,VD13,all,electrical,2
DA9,VD9,all,chemical,5
DB1,AS1,all,chemical,28
DB1,AS2,all,chemical,4
DB1,AVBR,all,electrical,15
DB1,DA1,all,chemical,16
DB1,DA2,all,chemical,2
DB1,DA6,all,electrical,1
DB1,DB2,all,electrical,5
DB1,DD1,all,chemical,31
DB1,DVA,all,electrical,3
DB1,FLPR,all,chemical,1
DB1,PVDL,all,electrical,1
DB1,RID,all,chemical,1
DB1,RID,all,electrical,2
DB1,VB3,all,electrical,5
DB1,VD1,all,chemical,18
DB1,VD2,all,chemical,24
DB1,VD3,all,chemical,2
DB2,AS3,all,chemical,3
DB2,AS4,all,chemical,2
DB2,AVBR,all,electrical,3
DB2,DA2,all,chemical,3
DB2,DA3,all,chemical,12
DB2,DA4,all,chemical,1
DB2,DB1,all,electrical,5
DB2,DB3,all,electrical,14
DB2,DD1,all,chemical,3
DB2,DD2,all,chemical,16
DB2,VB1,all,electrical,1
DB2,VB4,all,electrical,1
DB2,VD3,all,chemical,33
DB2,VD4,all,chemical,15
DB3,AS4,all,chemical,2
DB3,AS5,all,chemical,1
DB3,AVBL,all,electrical,9
DB3,AVBR,all,electrical,2
DB3,DA4,all,chemical,4
DB3,DA5,all,chemical,1
DB3,DB2,all,electrical,14
DB3,DB4,all,electrical,1
DB3,DD2,all,chemical,3
DB3,DD3,all,chemical,14
DB3,DD3,all,electrical,1
DB3,DD5,all,chemical,14
DB3,PVM,all,electrical,2
DB3,RID,all,electrical,1
DB3,VB6,all,electrical,1
DB3,VD4,all,chemical,9
DB3,VD5,all,chemical,24
DB3,VD6,all,chemical,4
DB4,AS6,all,chemical,2
DB4,AVBL,all,electrical,4
DB4,AVBR,all,electrical,5
DB4,DA5,all,chemical,3
DB4,DB3,all,electrical,1
DB4,DB5,all,electrical,5
DB4,DD3,all,chemical,9
DB4,DD3,all,electrical,1
DB4,DD4,all,chemical,2
DB4,DD5,all,chemical,9
DB4,DD6,all,chemical,2
DB4,VB7,all,electrical,1
DB4,VD6,all,chemical,14
DB5,AS7,all,chemical,3
DB5,AS8,all,chemical,2
DB5,AVBL,all,electrical,3
DB5,AVBR,all,electrical,4
DB5,DA6,all,chemical,3
DB5,DA7,all,chemical,12
DB5,DA8,all,chemical,1
DB5,DB4,all,electrical,5
DB5,DB6,all,electrical,5
DB5,VD4,all,chemical,3
DB5,VD5,all,chemical,3
DB5,VD6,all,chemical,13
DB5,VD7,all,chemical,13
DB6,AS8,all,chemical,2
DB6,AS9,all,chemical,1
DB6,AVBL,all,electrical,4
DB6,AVBR,all,electrical,4
DB6,DA8,all,chemical,4
DB6,DA9,all,chemical,1
DB6,DB5,all,electrical,5
DB6,DB7,all,electrical,5
DB6,VD7,all,chemical,10
DB6,VD8,all,chemical,12
DB6,VD9,all,chemical,10
DB7,AS10,all,chemical,2
DB7,AS10,all,electrical,1
DB7,AS11,all,chemical,2
DB7,AVBL,all,electrical,13
DB7,AVBR,all,electrical,3
DB7,AVHL,all,electrical,3
DB7,DA9,all,chemical,3
DB7,DB6,all,electrical,5
DB7,DD6,all,chemical,1
DB7,DVA,all,electrical,3
DB7,PDB,all,electrical,2
DB7,PVCL,all,electrical,8
DB7,PVCR,all,electrical,2
DB7,PVR,all,electrical,4
DB7,VA10,all,electrical,1
DB7,VD10,all,chemical,7
DB7,VD11,all,chemical,5
DB7,VD12,all,chemical,5
DB7,VD13,all,chemical,1
DB7,VD8,all,chemical,5
DB7,VD9,all,chemical,5
DD1,DA2,all,chemical,3
DD1,DD2,all,electrical,6
DD1,FLPL,all,electrical,1
DD1,HSNR,all,electrical,1
DD1,RIFR,all,electrical,2
DD1,SABVR,all,electrical,1
DD1,VC1,all,electrical,1
DD1,VD1,all,electrical,1
DD1,VD2,all,chemical,1
DD1,VD2,all,electrical,3
DD1,VD3,all,electrical,4
DD2,DA3,all,chemical,2
DD2,DD1,all,electrical,6
DD2,DD3,all,electrical,2
DD2,VD3,all,chemical,1
DD2,VD3,all,electrical,1
DD2,VD4,all,chemical,1
DD2,VD4,all,electrical,2
DD2,VD5,all,electrical,1
DD3,DA5,all,chemical,1
DD3,DB3,all,electrical,1
DD3,DB4,all,electrical,1
DD3,DD2,all,electrical,2
DD3,DD4,all,electrical,3
DD3,VD5,all,electrical,1
DD3,VD6,all,electrical,2
DD3,VD7,all,electrical,1
DD4,DD3,all,electrical,3
DD4,DD5,all,electrical,3
DD4,VC2,all,electrical,2
DD4,VC3,all,electrical,2
DD4,VD7,all,electrical,1
DD4,VD8,all,electrical,2
DD4,VD9,all,electrical,1
DD5,DD4,all,electrical,3
DD5,DD6,all,electrical,3
DD5,VD10,all,electrical,2
DD5,VD11,all,electrical,1
DD5,VD9,all,electrical,1
DD6,AVG,all,electrical,1
DD6,AVHR,all,electrical,1
DD6,AVL,all,electrical,28
DD6,DA8,all,electrical,2
DD6,DB7,all,chemical,1
DD6,DD5,all,electrical,3
DD6,DVB,all,electrical,3
DD6,DVC,all,electrical,1
DD6,PDA,all,electrical,1
DD6,PDB,all,electrical,2
DD6,PVCL,all,electrical,1
DD6,PVPL,all,electrical,2
DD6,PVPR,all,electrical,9
DD6,PVT,all,electrical,3
DD6,VA12,all,electrical,7
DD6,VD11,all,electrical,3
DD6,VD12,all,electrical,14
DD6,VD13,all,chemical,3
DD6,VD13,all,electrical,2
DVA,AIZL,all,chemical,5
DVA,AIZR,all,chemical,3
DVA,AQR,all,chemical,6
DVA,AS11,all,electrical,1
DVA,AUAL,all,chemical,4
DVA,AUAR,all,chemical,8
DVA,AVAL,all,chemical,6
DVA,AVAR,all,chemical,2
DVA,AVBL,all,chemical,1
DVA,AVBL,all,electrical,11
DVA,AVBR,all,chemical,1
DVA,AVBR,all,electrical,3
DVA,AVDR,all,chemical,2
DVA,AVEL,all,chemical,19
DVA,AVER,all,chemical,17
DVA,AVKL,all,electrical,18
DVA,DA2,all,chemical,1
DVA,DA9,all,electrical,3
DVA,DB1,all,electrical,3
DVA,DB2,all,chemical,2
DVA,DB3,all,chemical,3
DVA,DB4,all,chemical,1
DVA,DB7,all,chemical,1
DVA,DB7,all,electrical,3
DVA,DVC,all,electrical,1
DVA,PDA,all,electrical,1
DVA,PDEL,all,chemical,2
DVA,PDEL,all,electrical,3
DVA,PDER,all,electrical,6
DVA,PVCL,all,chemical,4
DVA,PVCL,all,electrical,3
DVA,PVCR,all,chemical,1
DVA,PVCR,all,electrical,1
DVA,PVM,all,electrical,1
DVA,PVPL,all,electrical,1
DVA,PVPR,all,chemical,3
DVA,PVR,all,chemical,2
DVA,PVR,all,electrical,15
DVA,PVT,all,electrical,8
DVA,RIAL,all,chemical,3
DVA,RIAR,all,chemical,4
DVA,RIMR,all,chemical,5
DVA,RIR,all,chemical,4
DVA,SAADR,all,chemical,5
DVA,SAAVL,all,chemical,3
DVA,SAAVR,all,chemical,1
DVA,SAAVR,all,electrical,1
DVA,SABD,all,chemical,2
DVA,SDQL,all,electrical,1
DVA,SDQR,all,electrical,1
DVA,SIADR,all,electrical,1
DVA,SIAVR,all,electrical,1
DVA,SMBDL,all,chemical,6
DVA,SMBDR,all,chemical,6
DVA,SMBVL,all,chemical,5
DVA,SMBVR,all,chemical,6
DVA,SMDVL,all,chemical,1
DVA,URXL,all,chemical,1
DVA,URYDL,all,chemical,3
DVA,VA11,all,electrical,1
DVA,VA12,all,chemical,1
DVA,VA2,all,chemical,2
DVA,VA6,all,chemical,1
DVA,VA8,all,chemical,1
DVA,VB1,all,chemical,1
DVA,VB11,all,chemical,2
DVA,VB7,all,chemical,1
DVB,AS11,all,electrical,4
DVB,AVL,all,chemical,21
DVB,AVL,all,electrical,14
DVB,DA8,all,chemical,10
DVB,DA8,all,electrical,5
DVB,DD6,all,chemical,10
DVB,DD6,all,electrical,3
DVB,DVB,all,electrical,2
DVB,DVC,all,chemical,5
DVB,DVC,all,electrical,15
DVB,PDA,all,chemical,2
DVB,PHCL,all,chemical,2
DVB,PVPL,all,chemical,10
DVB,PVPL,all,electrical,4
DVB,PVPR,all,electrical,4
DVB,PVQR,all,electrical,1
DVB,PVT,all,electrical,3
DVB,VD13,all,chemical,1
DVB,VD13,all,electrical,5
DVC,AIBL,all,chemical,3
DVC,AIBL,all,electrical,2
DVC,AIBR,all,chemical,3
DVC,AIBR,all,electrical,9
DVC,AVAL,all,chemical,14
DVC,AVAR,all,chemical,16
DVC,AVBL,all,chemical,1
DVC,AVG,all,electrical,12
DVC,AVHR,all,electrical,4
DVC,AVKL,all,chemical,2
DVC,AVL,all,electrical,22
DVC,DD6,all,electrical,1
DVC,DVA,all,electrical,1
DVC,DVB,all,electrical,15
DVC,PVDR,all,chemical,1
DVC,PVDR,all,electrical,1
DVC,PVNR,all,electrical,1
DVC,PVPL,all,electrical,20
DVC,PVPR,all,electrical,34
DVC,PVQR,all,electrical,7
DVC,PVT,all,chemical,1
DVC,PVT,all,electrical,11
DVC,RIBL,all,chemical,2
DVC,RIBR,all,chemical,6
DVC,RIGL,all,chemical,16
DVC,RIGR,all,chemical,13
DVC,RIVR,all,chemical,2
DVC,RMFL,all,chemical,14
DVC,RMFR,all,chemical,9
DVC,URAVL,all,chemical,1
DVC,VC5,all,electrical,1
DVC,VC6,all,electrical,1
DVC,VD1,all,electrical,2
DVC,VD11,all,electrical,1
DVC,VD13,all,electrical,1
DVC,VD9,all,chemical,2
FLPL,ADEL,all,chemical,22
FLPL,ADER,all,chemical,3
FLPL,AIBL,all,chemical,3
FLPL,AIBL,all,electrical,1
FLPL,AIBR,all,chemical,3
FLPL,AVAL,all,chemical,33
FLPL,AVAR,all,chemical,48
FLPL,AVBL,all,chemical,22
FLPL,AVBR,all,chemical,22
FLPL,AVDL,all,chemical,30
FLPL,AVDL,all,electrical,5
FLPL,AVDR,all,chemical,34
FLPL,DD1,all,chemical,6
FLPL,DD1,all,electrical,1
FLPL,DVA,all,chemical,1
FLPL,FLPR,all,chemical,2
FLPL,FLPR,all,electrical,6
FLPL,PVCR,all,chemical,6
FLPL,RIH,all,electrical,1
FLPL,RIS,all,chemical,1
FLPL,SDQL,all,electrical,1
FLPL,SIADR,all,electrical,1
FLPL,VA1,all,chemical,5
FLPR,ADAL,all,chemical,1
FLPR,ADAR,all,chemical,1
FLPR,ADER,all,chemical,6
FLPR,ADER,all,electrical,4
FLPR,AS1,all,electrical,1
FLPR,AVAL,all,chemical,23
FLPR,AVAR,all,chemical,10
FLPR,AVBL,all,chemical,30
FLPR,AVBR,all,chemical,11
FLPR,AVDL,all,chemical,25
FLPR,AVDL,all,electrical,9
FLPR,AVDR,all,chemical,8
FLPR,AVDR,all,electrical,2
FLPR,AVEL,all,chemical,21
FLPR,AVER,all,chemical,7
FLPR,AVJL,all,chemical,2
FLPR,AVJR,all,chemical,2
FLPR,DA1,all,electrical,5
FLPR,DA2,all,electrical,6
FLPR,DA3,all,electrical,16
FLPR,DVA,all,chemical,6
FLPR,FLPL,all,chemical,14
FLPR,FLPL,all,electrical,6
FLPR,PVCL,all,chemical,2
FLPR,VB1,all,chemical,1
HSNL,ADLL,all,chemical,1
HSNL,ADLR,all,chemical,1
HSNL,AIAL,all,chemical,8
HSNL,AIMR,all,chemical,2
HSNL,AIZL,all,chemical,6
HSNL,AIZR,all,chemical,3
HSNL,ALA,all,electrical,1
HSNL,ASHL,all,chemical,3
HSNL,ASHR,all,chemical,1
HSNL,ASJR,all,chemical,2
HSNL,ASKL,all,chemical,3
HSNL,ASKL,all,electrical,1
HSNL,ASKR,all,chemical,2
HSNL,ASKR,all,electrical,3
HSNL,AVFL,all,chemical,11
HSNL,AVFR,all,chemical,4
HSNL,AVJL,all,chemical,3
HSNL,AWAR,all,chemical,3
HSNL,AWBL,all,chemical,5
HSNL,AWBR,all,chemical,3
HSNL,BDUR,all,electrical,1
HSNL,HSNL,all,chemical,1
HSNL,HSNR,all,chemical,5
HSNL,HSNR,all,electrical,1
HSNL,PVNR,all,electrical,2
HSNL,PVPL,all,electrical,1
HSNL,PVQL,all,chemical,1
HSNL,RIFL,all,chemical,9
HSNL,RIFL,all,electrical,1
HSNL,RIML,all,chemical,4
HSNL,RIR,all,chemical,3
HSNL,RMGR,all,chemical,1
HSNL,VC5,all,chemical,9
HSNR,AIAL,all,chemical,3
HSNR,AIBL,all,chemical,2
HSNR,AIZL,all,chemical,3
HSNR,AIZR,all,chemical,1
HSNR,ALA,all,electrical,1
HSNR,AS5,all,chemical,2
HSNR,ASHL,all,chemical,4
HSNR,ASKR,all,electrical,3
HSNR,AVDR,all,chemical,1
HSNR,AVEL,all,chemical,1
HSNR,AVER,all,chemical,1
HSNR,AVFL,all,chemical,4
HSNR,AVFR,all,chemical,2
HSNR,AVHL,all,chemical,2
HSNR,AVHR,all,chemical,2
HSNR,AVJL,all,chemical,3
HSNR,AWBL,all,chemical,2
HSNR,BDUR,all,chemical,2
HSNR,BDUR,all,electrical,1
HSNR,DA5,all,chemical,2
HSNR,DA6,all,chemical,1
HSNR,DB5,all,chemical,1
HSNR,DD1,all,electrical,1
HSNR,HSNL,all,chemical,1
HSNR,HSNL,all,electrical,1
HSNR,PVNR,all,chemical,2
HSNR,PVNR,all,electrical,2
HSNR,PVPR,all,chemical,1
HSNR,PVPR,all,electrical,1
HSNR,PVQR,all,chemical,1
HSNR,PVT,all,chemical,1
HSNR,RIFR,all,chemical,6
HSNR,RIML,all,chemical,1
HSNR,RIMR,all,chemical,1
HSNR,RMDDR,all,chemical,1
HSNR,RMGR,all,chemical,1
HSNR,SABD,all,chemical,1
HSNR,SABVR,all,chemical,1
HSNR,VA6,all,chemical,2
HSNR,VC2,all,chemical,6
HSNR,VC3,all,chemical,1
HSNR,VC4,all,chemical,1
HSNR,VC5,all,chemical,2
I1L,I2L,all,chemical,10
I1L,I2L,all,electrical,2
I1L,I3,all,chemical,3
I1L,I5,all,chemical,2
I1L,I6,all,chemical,1
I1L,M2L,all,chemical,3
I1L,M3L,all,chemical,8
I1L,M3L,all,electrical,2
I1L,M3R,all,chemical,2
I1L,MCL,all,chemical,2
I1L,MCR,all,chemical,2
I1L,MCR,all,electrical,1
I1L,MI,all,chemical,2
I1L,NSML,all,chemical,3
I1L,NSML,all,electrical,3
I1L,RIPL,all,electrical,2
I1R,I2R,all,chemical,6
I1R,I2R,all,electrical,1
I1R,I3,all,chemical,1
I1R,I3,all,electrical,1
I1R,I5,all,chemical,2
I1R,M1,all,chemical,1
I1R,M2L,all,chemical,1
I1R,M2R,all,chemical,3
I1R,M3L,all,chemical,1
I1R,M3R,all,chemical,6
I1R,MCL,all,chemical,3
I1R,MCR,all,chemical,4
I1R,MCR,all,electrical,4
I1R,MI,all,chemical,1
I1R,NSML,all,chemical,1
I1R,NSMR,all,chemical,2
I1R,NSMR,all,electrical,2
I1R,RIPR,all,electrical,2
I2L,I1L,all,chemical,2
I2L,I1L,all,electrical,2
I2L,I2R,all,chemical,3
I2L,I4,all,chemical,13
I2L,I4,all,electrical,1
I2L,I5,all,chemical,2
I2L,I6,all,chemical,2
I2L,M1,all,chemical,1
I2L,M2L,all,electrical,1
I2L,M3R,all,chemical,3
I2L,M4,all,chemical,4
I2L,NSML,all,chemical,14
I2L,NSMR,all,chemical,24
I2R,I1R,all,chemical,1
I2R,I1R,all,electrical,1
I2R,I2L,all,chemical,3
I2R,I4,all,chemical,20
I2R,I5,all,chemical,2
I2R,I6,all,chemical,3
I2R,M1,all,chemical,3
I2R,M1,all,electrical,1
I2R,M2R,all,chemical,2
I2R,M2R,all,electrical,1
I2R,M3R,all,chemical,2
I2R,M4,all,chemical,3
I2R,MCL,all,chemical,1
I2R,MCR,all,electrical,1
I2R,NSML,all,chemical,34
I2R,NSMR,all,chemical,7
I2R,NSMR,all,electrical,2
I3,I1L,all,chemical,1
I3,I1R,all,chemical,1
I3,I1R,all,electrical,1
I3,I5,all,chemical,2
I3,I6,all,chemical,1
I3,M1,all,chemical,2
I3,M1,all,electrical,1
I3,M2L,all,chemical,2
I3,M2R,all,electrical,1
I3,M3L,all,chemical,2
I3,M3R,all,chemical,2
I3,M4,all,chemical,2
I3,MCL,all,chemical,1
I3,MCR,all,chemical,2
I3,MI,all,chemical,1
I3,MI,all,electrical,1
I3,NSMR,all,chemical,2
I4,I2L,all,electrical,1
I4,I2R,all,chemical,7
I4,I5,all,chemical,2
I4,M2L,all,chemical,5
I4,M2R,all,electrical,2
I4,M3L,all,chemical,6
I4,M3R,all,chemical,22
I4,M4,all,electrical,1
I4,MI,all,chemical,1
I4,NSML,all,chemical,8
I4,NSMR,all,chemical,15
I5,I1L,all,chemical,2
I5,I2L,all,chemical,3
I5,I2R,all,chemical,1
I5,I3,all,chemical,1
I5,I4,all,chemical,7
I5,M1,all,chemical,3
I5,M2L,all,chemical,4
I5,M2L,all,electrical,1
I5,M2R,all,electrical,1
I5,M3L,all,chemical,4
I5,M3R,all,chemical,2
I5,M4,all,chemical,19
I5,M5,all,chemical,2
I5,M5,all,electrical,1
I5,MI,all,chemical,4
I5,NSML,all,chemical,1
I5,NSMR,all,chemical,5
I6,I1R,all,chemical,1
I6,I2L,all,chemical,1
I6,I2R,all,chemical,4
I6,I3,all,chemical,12
I6,M3L,all,chemical,10
I6,M4,all,chemical,15
I6,M4,all,electrical,5
I6,NSML,all,chemical,24
I6,NSMR,all,chemical,23
IL1DL,IL1DR,all,electrical,3
IL1DL,IL1L,all,electrical,2
IL1DL,IL2DL,all,chemical,1
IL1DL,RIPL,all,chemical,11
IL1DL,RMDDR,all,chemical,3
IL1DL,RMDVL,all,chemical,3
IL1DL,RMEL,all,chemical,1
IL1DL,RMEV,all,electrical,1
IL1DL,URADL,all,chemical,10
IL1DR,IL1DL,all,electrical,3
IL1DR,IL1DR,all,chemical,1
IL1DR,IL1R,all,chemical,2
IL1DR,IL1R,all,electrical,8
IL1DR,IL2DR,all,chemical,5
IL1DR,OLLR,all,chemical,1
IL1DR,PVR,all,chemical,5
IL1DR,RIPR,all,chemical,28
IL1DR,RMDDL,all,chemical,11
IL1DR,RMDVR,all,chemical,32
IL1DR,RMDVR,all,electrical,1
IL1DR,RMEV,all,electrical,4
IL1DR,URADR,all,chemical,8
IL1DR,URYDR,all,chemical,2
IL1L,ADEL,all,chemical,3
IL1L,AVER,all,chemical,5
IL1L,IL1DL,all,electrical,2
IL1L,IL1VL,all,electrical,8
IL1L,IL2L,all,chemical,1
IL1L,OLLL,all,chemical,1
IL1L,RIPL,all,electrical,1
IL1L,RMDDL,all,chemical,20
IL1L,RMDR,all,chemical,9
IL1L,RMDVL,all,chemical,22
IL1L,RMDVR,all,chemical,5
IL1L,RMER,all,chemical,4
IL1L,RMER,all,electrical,1
IL1L,RMGL,all,chemical,1
IL1L,URAVL,all,chemical,4
IL1L,URBL,all,chemical,1
IL1L,URBL,all,electrical,2
IL1R,AVEL,all,chemical,2
IL1R,AVER,all,chemical,5
IL1R,IL1DR,all,electrical,8
IL1R,IL1VR,all,electrical,8
IL1R,OLLR,all,chemical,1
IL1R,RMDDL,all,chemical,8
IL1R,RMDDR,all,chemical,12
IL1R,RMDL,all,chemical,11
IL1R,RMDR,all,chemical,4
IL1R,RMDVL,all,chemical,8
IL1R,RMDVR,all,chemical,17
IL1R,RMEL,all,chemical,5
IL1R,RMHL,all,chemical,3
IL1R,URXR,all,chemical,1
IL1VL,AVL,all,chemical,1
IL1VL,IL1L,all,chemical,3
IL1VL,IL1L,all,electrical,8
IL1VL,IL1VL,all,chemical,5
IL1VL,IL1VR,all,electrical,11
IL1VL,OLQVL,all,chemical,2
IL1VL,RIPL,all,chemical,13
IL1VL,RMDDL,all,chemical,30
IL1VL,RMDDL,all,electrical,1
IL1VL,RMDVR,all,chemical,3
IL1VL,RMED,all,electrical,3
IL1VL,RMHL,all,chemical,1
IL1VL,URAVL,all,chemical,4
IL1VL,URYVL,all,chemical,4
IL1VR,IL1R,all,chemical,4
IL1VR,IL1R,all,electrical,8
IL1VR,IL1VL,all,electrical,11
IL1VR,IL2VR,all,chemical,2
IL1VR,IL2VR,all,electrical,1
IL1VR,OLLR,all,chemical,1
IL1VR,OLQVR,all,chemical,5
IL1VR,RIPR,all,chemical,16
IL1VR,RMDDR,all,chemical,40
IL1VR,RMDVL,all,chemical,5
IL1VR,URAVR,all,chemical,4
IL1VR,URAVR,all,electrical,4
IL2DL,AUAL,all,chemical,2
IL2DL,AVBR,all,chemical,2
IL2DL,IL1DL,all,chemical,17
IL2DL,IL2DL,all,chemical,2
IL2DL,OLQDL,all,chemical,2
IL2DL,RIBL,all,chemical,1
IL2DL,RIH,all,chemical,2
IL2DL,RIPL,all,chemical,28
IL2DL,RMED,all,chemical,2
IL2DL,RMEL,all,chemical,11
IL2DL,RMER,all,chemical,8
IL2DL,RMEV,all,chemical,1
IL2DL,RMHL,all,chemical,1
IL2DL,URADL,all,chemical,8
IL2DL,URADL,all,electrical,1
IL2DR,CEPDR,all,chemical,2
IL2DR,IL1DR,all,chemical,28
IL2DR,OLQDR,all,chemical,2
IL2DR,RICL,all,chemical,1
IL2DR,RICR,all,chemical,2
IL2DR,RIPL,all,chemical,1
IL2DR,RIPR,all,chemical,43
IL2DR,RMED,all,chemical,3
IL2DR,RMED,all,electrical,1
IL2DR,RMEL,all,chemical,12
IL2DR,RMER,all,chemical,11
IL2DR,RMEV,all,chemical,5
IL2DR,URADR,all,chemical,5
IL2DR,URADR,all,electrical,1
IL2L,ADEL,all,chemical,6
IL2L,ADEL,all,electrical,2
IL2L,ASJL,all,electrical,1
IL2L,AVEL,all,chemical,2
IL2L,IL1L,all,chemical,6
IL2L,OLLL,all,electrical,2
IL2L,OLQDL,all,chemical,20
IL2L,OLQVL,all,chemical,19
IL2L,RICL,all,chemical,1
IL2L,RIH,all,chemical,25
IL2L,RMDL,all,electrical,2
IL2L,RMDR,all,chemical,3
IL2L,RMER,all,chemical,10
IL2L,RMER,all,electrical,2
IL2L,RMEV,all,chemical,5
IL2L,RMGL,all,electrical,5
IL2L,URAVL,all,chemical,2
IL2L,URAVL,all,electrical,1
IL2L,URBL,all,electrical,4
IL2L,URXL,all,chemical,3
IL2L,URXL,all,electrical,1
IL2R,ADER,all,chemical,5
IL2R,AVER,all,chemical,2
IL2R,IL1R,all,chemical,2
IL2R,OLLR,all,chemical,5
IL2R,OLQDR,all,chemical,10
IL2R,OLQVR,all,chemical,26
IL2R,RIH,all,chemical,19
IL2R,RMDL,all,chemical,3
IL2R,RMEL,all,chemical,5
IL2R,RMEV,all,chemical,2
IL2R,RMGR,all,chemical,1
IL2R,RMGR,all,electrical,1
IL2R,URADR,all,chemical,2
IL2R,URAVR,all,chemical,1
IL2R,URBR,all,chemical,3
IL2R,URBR,all,electrical,4
IL2R,URXR,all,chemical,1
IL2R,URXR,all,electrical,4
IL2VL,BAGR,all,chemical,1
IL2VL,DVC,all,chemical,1
IL2VL,IL1VL,all,chemical,27
IL2VL,IL2L,all,chemical,1
IL2VL,OLQVL,all,chemical,6
IL2VL,RIAL,all,chemical,4
IL2VL,RIH,all,chemical,5
IL2VL,RIPL,all,chemical,36
IL2VL,RMEL,all,chemical,7
IL2VL,RMER,all,chemical,6
IL2VL,RMEV,all,chemical,2
IL2VL,URAVL,all,chemical,7
IL2VL,URAVL,all,electrical,3
IL2VR,ADLR,all,chemical,1
IL2VR,AVAL,all,chemical,1
IL2VR,CEPVR,all,electrical,1
IL2VR,IL1VR,all,chemical,29
IL2VR,IL1VR,all,electrical,1
IL2VR,OLQVR,all,chemical,9
IL2VR,RIAR,all,chemical,2
IL2VR,RIH,all,chemical,5
IL2VR,RIPR,all,chemical,43
IL2VR,RMED,all,chemical,2
IL2VR,RMEL,all,chemical,8
IL2VR,RMER,all,chemical,17
IL2VR,RMEV,all,chemical,15
IL2VR,SIADR,all,chemical,1
IL2VR,URAVR,all,chemical,16
IL2VR,URXR,all,chemical,1
LUAL,AVAL,all,chemical,27
LUAL,AVAL,all,electrical,2
LUAL,AVAR,all,chemical,23
LUAL,AVDL,all,chemical,27
LUAL,AVDR,all,chemical,6
LUAL,AVHL,all,electrical,1
LUAL,AVJL,all,chemical,4
LUAL,AVJL,all,electrical,5
LUAL,AVJR,all,chemical,1
LUAL,PHBL,all,chemical,2
LUAL,PLML,all,electrical,8
LUAL,PVCL,all,electrical,1
LUAL,PVNL,all,chemical,1
LUAL,PVNL,all,electrical,3
LUAL,PVR,all,electrical,6
LUAL,PVWL,all,chemical,1
LUAR,AVAL,all,chemical,13
LUAR,AVAL,all,electrical,2
LUAR,AVAR,all,chemical,31
LUAR,AVAR,all,electrical,4
LUAR,AVDL,all,chemical,5
LUAR,AVDR,all,chemical,14
LUAR,AVJL,all,electrical,1
LUAR,AVJR,all,chemical,4
LUAR,AVJR,all,electrical,1
LUAR,PDB,all,chemical,2
LUAR,PLMR,all,electrical,9
LUAR,PQR,all,chemical,7
LUAR,PVCR,all,chemical,9
LUAR,PVNL,all,chemical,1
LUAR,PVNR,all,electrical,2
LUAR,PVR,all,chemical,2
LUAR,PVR,all,electrical,9
LUAR,PVT,all,electrical,4
LUAR,PVWL,all,chemical,3
LUAR,PVWL,all,electrical,3
LUAR,PVWR,all,chemical,2
LUAR,PVWR,all,electrical,3
M1,I1R,all,chemical,1
M1,I2L,all,chemical,3
M1,I2R,all,chemical,2
M1,I2R,all,electrical,1
M1,I3,all,chemical,8
M1,I3,all,electrical,1
M1,I4,all,chemical,1
M1,I5,all,chemical,2
M1,M4,all,chemical,1
M1,M5,all,chemical,1
M1,MI,all,chemical,6
M1,NSML,all,chemical,2
M1,RIPL,all,chemical,1
M2L,I2L,all,electrical,1
M2L,I3,all,chemical,2
M2L,I4,all,chemical,8
M2L,I5,all,chemical,2
M2L,I5,all,electrical,1
M2L,M3L,all,chemical,3
M2L,M3R,all,chemical,1
M2L,M4,all,electrical,1
M2L,MCL,all,electrical,1
M2R,I2R,all,electrical,1
M2R,I3,all,electrical,1
M2R,I4,all,chemical,1
M2R,I4,all,electrical,2
M2R,I5,all,chemical,3
M2R,I5,all,electrical,1
M2R,M3L,all,chemical,2
M2R,M3R,all,chemical,1
M2R,M3R,all,electrical,1
M2R,MCR,all,electrical,11
M2R,MI,all,electrical,5
M2R,NSMR,all,chemical,1
M3L,I1L,all,electrical,2
M3L,NSML,all,chemical,1
M3L,NSMR,all,electrical,1
M3R,M2R,all,electrical,1
M3R,M4,all,chemical,2
M3R,NSMR,all,electrical,2
M4,I4,all,chemical,5
M4,I4,all,electrical,1
M4,I5,all,chemical,1
M4,I6,all,electrical,5
M4,M2L,all,chemical,1
M4,M2L,all,electrical,1
M4,M3L,all,chemical,1
M4,M4,all,chemical,15
M4,M4,all,electrical,1
M4,M5,all,electrical,2
M4,MCL,all,chemical,1
M5,I5,all,chemical,1
M5,I5,all,electrical,1
M5,M1,all,chemical,1
M5,M4,all,electrical,2
M5,M5,all,electrical,1
MCL,M2L,all,electrical,1
MCR,I1L,all,electrical,1
MCR,I1R,all,electrical,4
MCR,I2R,all,electrical,1
MCR,M2R,all,electrical,11
MI,I1L,all,chemical,1
MI,I3,all,chemical,2
MI,I3,all,electrical,1
MI,I4,all,chemical,1
MI,M1,all,chemical,7
MI,M2L,all,chemical,3
MI,M2R,all,chemical,2
MI,M2R,all,electrical,5
MI,M3L,all,chemical,2
MI,M3R,all,chemical,2
MI,MCL,all,chemical,3
MI,NSML,all,chemical,1
MI,NSMR,all,chemical,2
NSML,I1L,all,electrical,3
NSML,I4,all,chemical,1
NSML,I6,all,chemical,1
NSML,M3L,all,chemical,21
NSML,M3R,all,chemical,1
NSML,M4,all,chemical,13
NSML,NSMR,all,chemical,7
NSML,NSMR,all,electrical,2
NSMR,I1R,all,electrical,2
NSMR,I2L,all,chemical,1
NSMR,I2R,all,chemical,1
NSMR,I2R,all,electrical,2
NSMR,I4,all,chemical,3
NSMR,I6,all,chemical,4
NSMR,M3L,all,electrical,1
NSMR,M3R,all,chemical,24
NSMR,M3R,all,electrical,2
NSMR,NSML,all,electrical,2
OLLL,ADEL,all,chemical,5
OLLL,AVER,all,chemical,53
OLLL,CEPDL,all,chemical,5
OLLL,CEPVL,all,chemical,14
OLLL,IL1VL,all,chemical,3
OLLL,IL2L,all,electrical,2
OLLL,OLLL,all,chemical,4
OLLL,OLLR,all,electrical,11
OLLL,RIBL,all,chemical,24
OLLL,RIGL,all,electrical,3
OLLL,RMDDL,all,chemical,22
OLLL,RMDL,all,chemical,6
OLLL,RMDVL,all,chemical,3
OLLL,RMEL,all,chemical,5
OLLL,SMDDL,all,chemical,8
OLLL,SMDDR,all,chemical,9
OLLL,SMDVR,all,chemical,10
OLLL,URYDL,all,chemical,2
OLLL,URYVL,all,chemical,1
OLLR,ADER,all,chemical,2
OLLR,AVEL,all,chemical,39
OLLR,CEPDR,all,chemical,4
OLLR,CEPVR,all,chemical,16
OLLR,IL1DR,all,chemical,1
OLLR,IL1VR,all,chemical,2
OLLR,IL2R,all,chemical,1
OLLR,OLLL,all,electrical,11
OLLR,OLLR,all,chemical,4
OLLR,OLQDR,all,chemical,1
OLLR,RIBR,all,chemical,21
OLLR,RIGR,all,electrical,5
OLLR,RIS,all,chemical,2
OLLR,RMDDR,all,chemical,26
OLLR,RMDL,all,chemical,9
OLLR,RMDR,all,chemical,2
OLLR,RMDVR,all,chemical,6
OLLR,RMED,all,chemical,1
OLLR,RMER,all,chemical,3
OLLR,SMDDL,all,chemical,3
OLLR,SMDDR,all,chemical,1
OLLR,SMDVL,all,chemical,11
OLLR,SMDVR,all,chemical,4
OLQDL,CEPDL,all,chemical,3
OLQDL,CEPDL,all,electrical,2
OLQDL,RIBL,all,electrical,5
OLQDL,RICR,all,chemical,6
OLQDL,RIGL,all,electrical,3
OLQDL,RIH,all,chemical,3
OLQDL,RMDDL,all,chemical,1
OLQDL,RMDDR,all,chemical,10
OLQDL,RMDVL,all,electrical,1
OLQDL,RMED,all,chemical,1
OLQDL,RMEL,all,chemical,2
OLQDL,RMHL,all,chemical,1
OLQDL,SIBVL,all,chemical,10
OLQDL,URBL,all,electrical,3
OLQDL,URYDL,all,chemical,3
OLQDR,CEPDR,all,electrical,8
OLQDR,IL1DR,all,chemical,1
OLQDR,RIBR,all,electrical,5
OLQDR,RICL,all,chemical,2
OLQDR,RICR,all,chemical,2
OLQDR,RIGR,all,electrical,4
OLQDR,RIH,all,chemical,2
OLQDR,RIH,all,electrical,2
OLQDR,RMDDL,all,chemical,11
OLQDR,RMDVR,all,electrical,1
OLQDR,RMER,all,chemical,1
OLQDR,RMHR,all,chemical,3
OLQDR,SIBVR,all,chemical,6
OLQDR,URBR,all,electrical,7
OLQVL,ADAL,all,electrical,4
OLQVL,AVAL,all,chemical,1
OLQVL,AVDR,all,chemical,1
OLQVL,CEPVL,all,electrical,4
OLQVL,IL2L,all,chemical,1
OLQVL,RIBL,all,electrical,2
OLQVL,RICL,all,chemical,4
OLQVL,RIGL,all,electrical,2
OLQVL,RMDDL,all,electrical,3
OLQVL,RMDVR,all,chemical,14
OLQVL,RMHL,all,chemical,2
OLQVL,SIAVL,all,chemical,9
OLQVL,SIBDL,all,chemical,13
OLQVR,CEPVR,all,electrical,1
OLQVR,IL1VR,all,chemical,2
OLQVR,RIBR,all,electrical,6
OLQVR,RICR,all,chemical,3
OLQVR,RIGR,all,electrical,6
OLQVR,RIH,all,chemical,18
OLQVR,RIPR,all,chemical,18
OLQVR,RMDDR,all,electrical,1
OLQVR,RMDVL,all,chemical,18
OLQVR,RMDVL,all,electrical,2
OLQVR,RMER,all,chemical,2
OLQVR,RMHR,all,chemical,1
OLQVR,RMHR,all,electrical,1
OLQVR,SIBDR,all,chemical,18
OLQVR,URBR,all,electrical,5
PDA,AVL,all,electrical,3
PDA,DA8,all,electrical,1
PDA,DA9,all,chemical,1
PDA,DA9,all,electrical,9
PDA,DD6,all,chemical,3
PDA,DD6,all,electrical,1
PDA,DVA,all,electrical,1
PDA,PDB,all,electrical,5
PDA,PHAR,all,electrical,1
PDA,PVNR,all,chemical,1
PDA,PVQR,all,electrical,1
PDA,VD11,all,chemical,10
PDA,VD12,all,chemical,12
PDA,VD13,all,chemical,3
PDB,AS11,all,electrical,4
PDB,AVJL,all,electrical,2
PDB,DB7,all,electrical,2
PDB,DD6,all,chemical,2
PDB,DD6,all,electrical,2
PDB,PDA,all,electrical,5
PDB,PVPL,all,electrical,1
PDB,PVR,all,electrical,13
PDB,RID,all,electrical,2
PDB,VD12,all,chemical,10
PDB,VD13,all,chemical,2
PDB,VD13,all,electrical,4
PDEL,AVKL,all,chemical,5
PDEL,AVKR,all,electrical,1
PDEL,DVA,all,chemical,7
PDEL,DVA,all,electrical,3
PDEL,PDER,all,chemical,4
PDEL,PDER,all,electrical,25
PDEL,PLML,all,electrical,2
PDEL,PLMR,all,electrical,4
PDEL,PVCL,all,electrical,2
PDEL,PVM,all,chemical,3
PDEL,PVM,all,electrical,11
PDEL,PVR,all,chemical,2
PDEL,PVR,all,electrical,8
PDEL,VB10,all,electrical,1
PDEL,VD6,all,electrical,2
PDER,AVKL,all,chemical,16
PDER,AVKL,all,electrical,1
PDER,DVA,all,chemical,1
PDER,DVA,all,electrical,6
PDER,PDEL,all,electrical,25
PDER,PLML,all,electrical,3
PDER,PLMR,all,electrical,2
PDER,PVCL,all,chemical,1
PDER,PVCL,all,electrical,1
PDER,PVCR,all,chemical,1
PDER,PVCR,all,electrical,2
PDER,PVDR,all,electrical,1
PDER,PVM,all,chemical,1
PDER,PVM,all,electrical,8
PDER,PVR,all,electrical,9
PDER,VB10,all,electrical,4
PDER,VB2,all,chemical,1
PDER,VB9,all,electrical,7
PDER,VD9,all,electrical,5
PHAL,AVDR,all,chemical,2
PHAL,AVFL,all,chemical,4
PHAL,AVG,all,chemical,11
PHAL,AVG,all,electrical,3
PHAL,AVHL,all,chemical,4
PHAL,AVHL,all,electrical,1
PHAL,AVHR,all,chemical,1
PHAL,DA8,all,chemical,3
PHAL,DVA,all,chemical,2
PHAL,PHAR,all,chemical,13
PHAL,PHAR,all,electrical,7
PHAL,PHBL,all,chemical,7
PHAL,PHBR,all,chemical,10
PHAL,PHCL,all,electrical,1
PHAL,PLNL,all,electrical,1
PHAL,PVPR,all,electrical,7
PHAL,PVQL,all,chemical,3
PHAR,AVDR,all,chemical,2
PHAR,AVG,all,chemical,9
PHAR,AVG,all,electrical,2
PHAR,AVHR,all,chemical,1
PHAR,AVHR,all,electrical,2
PHAR,DA8,all,chemical,2
PHAR,DVA,all,chemical,6
PHAR,PDA,all,electrical,1
PHAR,PHAL,all,chemical,11
PHAR,PHAL,all,electrical,7
PHAR,PHBL,all,chemical,3
PHAR,PHBR,all,chemical,8
PHAR,PHCR,all,electrical,1
PHAR,PLNR,all,electrical,6
PHAR,PVPL,all,chemical,3
PHAR,PVPL,all,electrical,15
PHAR,PVQL,all,chemical,4
PHAR,PVQR,all,chemical,1
PHAR,PVR,all,electrical,2
PHAR,PVT,all,chemical,2
PHBL,AS11,all,chemical,1
PHBL,AVAL,all,chemical,48
PHBL,AVAR,all,chemical,33
PHBL,AVAR,all,electrical,1
PHBL,AVDL,all,chemical,6
PHBL,AVDR,all,chemical,1
PHBL,AVG,all,chemical,1
PHBL,AVHL,all,electrical,1
PHBL,AVHR,all,electrical,2
PHBL,AVJR,all,electrical,1
PHBL,DA8,all,chemical,1
PHBL,PHBR,all,chemical,4
PHBL,PHBR,all,electrical,17
PHBL,PLNL,all,electrical,1
PHBL,PVCL,all,chemical,71
PHBL,PVCL,all,electrical,3
PHBL,PVNL,all,chemical,1
PHBL,PVQL,all,electrical,3
PHBL,VA12,all,chemical,5
PHBR,AVAL,all,chemical,35
PHBR,AVAR,all,chemical,38
PHBR,AVDL,all,chemical,7
PHBR,AVDR,all,chemical,5
PHBR,AVHL,all,electrical,10
PHBR,AVHR,all,electrical,2
PHBR,PHBL,all,chemical,3
PHBR,PHBL,all,electrical,17
PHBR,PHCL,all,chemical,1
PHBR,PHCR,all,chemical,3
PHBR,PHCR,all,electrical,1
PHBR,PVCL,all,chemical,39
PHBR,PVCR,all,chemical,21
PHBR,PVPL,all,electrical,1
PHBR,PVT,all,electrical,1
PHBR,VA12,all,chemical,1
PHCL,AVAL,all,chemical,5
PHCL,AVAL,all,electrical,1
PHCL,AVHR,all,chemical,1
PHCL,DA9,all,chemical,1
PHCL,DVA,all,chemical,12
PHCL,LUAL,all,chemical,2
PHCL,PHAL,all,electrical,1
PHCL,PHAR,all,chemical,1
PHCL,PHCR,all,chemical,2
PHCL,PHCR,all,electrical,2
PHCL,PLNL,all,electrical,2
PHCL,PVCL,all,chemical,7
PHCL,PVQR,all,chemical,2
PHCL,VA12,all,chemical,6
PHCL,VA12,all,electrical,1
PHCR,AVAL,all,electrical,3
PHCR,AVAR,all,electrical,1
PHCR,AVG,all,electrical,1
PHCR,AVHR,all,chemical,2
PHCR,AVJR,all,electrical,1
PHCR,DA9,all,chemical,23
PHCR,DA9,all,electrical,7
PHCR,DVA,all,chemical,22
PHCR,LUAR,all,chemical,6
PHCR,PHAR,all,chemical,2
PHCR,PHAR,all,electrical,1
PHCR,PHBR,all,electrical,1
PHCR,PHCL,all,chemical,4
PHCR,PHCL,all,electrical,2
PHCR,PVCR,all,chemical,25
PHCR,PVCR,all,electrical,5
PHCR,PVQR,all,chemical,4
PHCR,VA12,all,chemical,8
PLML,AVAL,all,chemical,4
PLML,AVAL,all,electrical,2
PLML,AVAR,all,chemical,5
PLML,AVAR,all,electrical,3
PLML,AVDL,all,electrical,3
PLML,AVDR,all,chemical,5
PLML,AVDR,all,electrical,2
PLML,DVA,all,chemical,9
PLML,LUAL,all,electrical,8
PLML,PDEL,all,chemical,16
PLML,PDEL,all,electrical,2
PLML,PDER,all,chemical,19
PLML,PDER,all,electrical,3
PLML,PVCL,all,electrical,4
PLML,PVR,all,electrical,15
PLML,VA9,all,chemical,6
PLMR,AVAL,all,chemical,3
PLMR,AVAL,all,electrical,1
PLMR,AVAR,all,chemical,5
PLMR,AVDL,all,chemical,8
PLMR,AVDR,all,chemical,5
PLMR,DVA,all,chemical,19
PLMR,LUAR,all,electrical,9
PLMR,PDEL,all,chemical,18
PLMR,PDEL,all,electrical,4
PLMR,PDER,all,chemical,10
PLMR,PDER,all,electrical,2
PLMR,PLNR,all,electrical,1
PLMR,PVCR,all,electrical,8
PLMR,PVR,all,electrical,3
PLNL,PHAL,all,electrical,1
PLNL,PHBL,all,electrical,1
PLNL,PHCL,all,electrical,2
PLNL,SAADL,all,chemical,5
PLNL,SIAVL,all,chemical,10
PLNL,SMBVL,all,chemical,10
PLNR,PHAR,all,electrical,6
PLNR,PLMR,all,electrical,1
PLNR,RMDVL,all,chemical,1
PLNR,SAADR,all,chemical,8
PLNR,SAAVL,all,chemical,1
PLNR,SIAVR,all,chemical,10
PLNR,SMBVR,all,chemical,10
PLNR,SMDVL,all,chemical,2
PLNR,VA2,all,electrical,2
PQR,AS11,all,chemical,2
PQR,AVAL,all,chemical,23
PQR,AVAR,all,chemical,26
PQR,AVAR,all,electrical,17
PQR,AVDL,all,chemical,15
PQR,AVDL,all,electrical,2
PQR,AVDR,all,chemical,20
PQR,AVDR,all,electrical,3
PQR,AVG,all,chemical,1
PQR,AVHL,all,chemical,1
PQR,AVJL,all,electrical,5
PQR,AVJR,all,chemical,1
PQR,AVJR,all,electrical,2
PQR,DA8,all,chemical,1
PQR,DB7,all,chemical,2
PQR,LUAR,all,chemical,3
PQR,PHBL,all,chemical,2
PQR,PVCL,all,chemical,1
PQR,PVCL,all,electrical,2
PQR,PVCR,all,chemical,1
PQR,PVNL,all,chemical,2
PQR,PVNL,all,electrical,3
PQR,PVNR,all,electrical,2
PQR,PVPL,all,electrical,16
PQR,PVPR,all,chemical,1
PQR,PVPR,all,electrical,10
PVCL,ADLR,all,chemical,2
PVCL,AS1,all,chemical,1
PVCL,AS2,all,chemical,1
PVCL,ASHR,all,chemical,2
PVCL,AVAL,all,chemical,5
PVCL,AVAL,all,electrical,5
PVCL,AVAR,all,chemical,7
PVCL,AVAR,all,electrical,10
PVCL,AVBL,all,chemical,7
PVCL,AVBR,all,chemical,27
PVCL,AVDL,all,chemical,7
PVCL,AVDR,all,chemical,11
PVCL,AVEL,all,chemical,2
PVCL,AVER,all,chemical,7
PVCL,AVFL,all,electrical,1
PVCL,AVG,all,chemical,2
PVCL,AVJL,all,chemical,3
PVCL,AVJL,all,electrical,3
PVCL,AVJR,all,chemical,2
PVCL,AVJR,all,electrical,3
PVCL,DA4,all,electrical,1
PVCL,DA5,all,chemical,1
PVCL,DA7,all,electrical,1
PVCL,DA8,all,chemical,2
PVCL,DA8,all,electrical,17
PVCL,DB2,all,chemical,4
PVCL,DB3,all,chemical,2
PVCL,DB4,all,chemical,6
PVCL,DB5,all,chemical,2
PVCL,DB7,all,chemical,5
PVCL,DB7,all,electrical,8
PVCL,DD6,all,electrical,1
PVCL,DVA,all,chemical,4
PVCL,DVA,all,electrical,3
PVCL,LUAL,all,electrical,1
PVCL,PDEL,all,chemical,1
PVCL,PDEL,all,electrical,2
PVCL,PDER,all,electrical,1
PVCL,PHBL,all,electrical,3
PVCL,PLML,all,electrical,4
PVCL,PQR,all,electrical,2
PVCL,PVCL,all,chemical,1
PVCL,PVCR,all,chemical,10
PVCL,PVCR,all,electrical,67
PVCL,PVNL,all,electrical,2
PVCL,PVWL,all,electrical,4
PVCL,RID,all,chemical,12
PVCL,RIS,all,chemical,2
PVCL,SIBDL,all,chemical,2
PVCL,SIBVL,all,chemical,7
PVCL,SMBVR,all,chemical,3
PVCL,VA12,all,electrical,18
PVCL,VB10,all,electrical,2
PVCL,VB11,all,chemical,1
PVCL,VB11,all,electrical,4
PVCL,VB4,all,chemical,3
PVCL,VB6,all,chemical,2
PVCL,VB7,all,chemical,1
PVCL,VB8,all,chemical,1
PVCL,VD13,all,electrical,1
PVCR,AQR,all,chemical,2
PVCR,AVAL,all,chemical,10
PVCR,AVAL,all,electrical,15
PVCR,AVAR,all,chemical,5
PVCR,AVAR,all,electrical,22
PVCR,AVBL,all,chemical,21
PVCR,AVBR,all,chemical,14
PVCR,AVDL,all,chemical,16
PVCR,AVDR,all,chemical,6
PVCR,AVDR,all,electrical,2
PVCR,AVEL,all,chemical,6
PVCR,AVER,all,chemical,6
PVCR,AVHL,all,chemical,1
PVCR,AVJL,all,electrical,19
PVCR,AVJR,all,electrical,1
PVCR,AVL,all,chemical,1
PVCR,DA2,all,chemical,1
PVCR,DA4,all,chemical,1
PVCR,DA5,all,chemical,2
PVCR,DA7,all,chemical,1
PVCR,DA7,all,electrical,3
PVCR,DA9,all,electrical,3
PVCR,DB2,all,chemical,4
PVCR,DB3,all,chemical,6
PVCR,DB4,all,chemical,6
PVCR,DB5,all,chemical,3
PVCR,DB7,all,chemical,1
PVCR,DB7,all,electrical,2
PVCR,DVA,all,chemical,3
PVCR,DVA,all,electrical,1
PVCR,FLPL,all,chemical,2
PVCR,LUAR,all,chemical,1
PVCR,PDEL,all,chemical,1
PVCR,PDER,all,electrical,2
PVCR,PHCR,all,electrical,5
PVCR,PLMR,all,electrical,8
PVCR,PVCL,all,chemical,5
PVCR,PVCL,all,electrical,67
PVCR,PVDL,all,chemical,2
PVCR,PVDL,all,electrical,1
PVCR,PVDR,all,chemical,1
PVCR,PVDR,all,electrical,2
PVCR,PVPR,all,chemical,1
PVCR,PVR,all,chemical,1
PVCR,PVR,all,electrical,19
PVCR,PVT,all,electrical,4
PVCR,PVWL,all,electrical,10
PVCR,PVWR,all,chemical,1
PVCR,PVWR,all,electrical,10
PVCR,RID,all,chemical,19
PVCR,SIBDR,all,electrical,1
PVCR,SIBVL,all,electrical,1
PVCR,SIBVR,all,chemical,10
PVCR,SIBVR,all,electrical,1
PVCR,VA11,all,electrical,3
PVCR,VA12,all,electrical,8
PVCR,VA9,all,electrical,3
PVCR,VB10,all,electrical,1
PVCR,VB11,all,chemical,3
PVCR,VB11,all,electrical,2
PVCR,VB3,all,chemical,1
PVCR,VB4,all,chemical,1
PVCR,VB6,all,chemical,4
PVCR,VB7,all,chemical,1
PVCR,VB8,all,chemical,2
PVDL,ALA,all,electrical,250
PVDL,AVAL,all,chemical,13
PVDL,AVAR,all,chemical,29
PVDL,AVAR,all,electrical,4
PVDL,AVDL,all,chemical,1
PVDL,AVDR,all,chemical,1
PVDL,AVFL,all,chemical,1
PVDL,AVG,all,chemical,8
PVDL,AVG,all,electrical,1
PVDL,CANL,all,electrical,100
PVDL,DA3,all,electrical,1
PVDL,DA5,all,electrical,1
PVDL,DB1,all,electrical,1
PVDL,DD5,all,chemical,3
PVDL,PVCL,all,chemical,13
PVDL,PVCR,all,chemical,36
PVDL,PVCR,all,electrical,1
PVDL,PVDR,all,chemical,10
PVDL,PVDR,all,electrical,3
PVDL,PVPL,all,chemical,1
PVDL,VA10,all,electrical,1
PVDL,VD10,all,chemical,3
PVDR,ALA,all,electrical,250
PVDR,AS3,all,electrical,1
PVDR,AVAL,all,chemical,9
PVDR,AVAL,all,electrical,6
PVDR,AVAR,all,chemical,30
PVDR,AVDL,all,chemical,1
PVDR,CANR,all,electrical,100
PVDR,DVA,all,chemical,5
PVDR,DVC,all,electrical,1
PVDR,PDER,all,electrical,1
PVDR,PVCL,all,chemical,29
PVDR,PVCR,all,chemical,29
PVDR,PVCR,all,electrical,2
PVDR,PVDL,all,chemical,2
PVDR,PVDL,all,electrical,3
PVDR,PVR,all,chemical,4
PVDR,VA12,all,chemical,3
PVDR,VA9,all,chemical,2
PVDR,VB5,all,chemical,2
PVDR,VB6,all,chemical,4
PVDR,VD9,all,electrical,1
PVM,ADER,all,electrical,1
PVM,AVKL,all,chemical,15
PVM,AVKL,all,electrical,1
PVM,AVM,all,chemical,2
PVM,DB3,all,electrical,2
PVM,DVA,all,chemical,3
PVM,DVA,all,electrical,1
PVM,PDEL,all,chemical,10
PVM,PDEL,all,electrical,11
PVM,PDER,all,chemical,7
PVM,PDER,all,electrical,8
PVM,PVCL,all,chemical,1
PVM,PVCR,all,chemical,2
PVM,PVM,all,chemical,6
PVM,PVM,all,electrical,1
PVM,PVR,all,chemical,3
PVM,PVR,all,electrical,1
PVM,VD9,all,electrical,1
PVNL,AVAL,all,chemical,6
PVNL,AVAL,all,electrical,1
PVNL,AVBR,all,chemical,2
PVNL,AVBR,all,electrical,7
PVNL,AVDL,all,chemical,7
PVNL,AVDR,all,chemical,6
PVNL,AVDR,all,electrical,1
PVNL,AVG,all,chemical,2
PVNL,AVHL,all,electrical,1
PVNL,AVJL,all,chemical,6
PVNL,AVJL,all,electrical,5
PVNL,AVJR,all,chemical,8
PVNL,AVJR,all,electrical,1
PVNL,AVL,all,chemical,1
PVNL,BDUL,all,chemical,5
PVNL,BDUL,all,electrical,1
PVNL,BDUR,all,chemical,2
PVNL,DD1,all,chemical,5
PVNL,LUAL,all,chemical,3
PVNL,LUAL,all,electrical,3
PVNL,PQR,all,chemical,5
PVNL,PQR,all,electrical,3
PVNL,PVCL,all,chemical,5
PVNL,PVCL,all,electrical,2
PVNL,PVDL,all,chemical,3
PVNL,PVNR,all,chemical,9
PVNL,PVNR,all,electrical,2
PVNL,PVPL,all,electrical,2
PVNL,PVPR,all,chemical,1
PVNL,PVT,all,chemical,6
PVNL,PVT,all,electrical,2
PVNL,PVWL,all,chemical,4
PVNL,PVWR,all,chemical,1
PVNL,VA12,all,chemical,1
PVNL,VD12,all,chemical,1
PVNR,ALML,all,chemical,2
PVNR,AVAL,all,chemical,5
PVNR,AVBL,all,electrical,5
PVNR,AVBR,all,chemical,1
PVNR,AVBR,all,electrical,2
PVNR,AVDL,all,chemical,1
PVNR,AVDL,all,electrical,1
PVNR,AVDR,all,chemical,2
PVNR,AVDR,all,electrical,1
PVNR,AVEL,all,chemical,5
PVNR,AVFL,all,electrical,1
PVNR,AVJL,all,chemical,1
PVNR,AVJR,all,chemical,1
PVNR,AVJR,all,electrical,5
PVNR,AVL,all,chemical,3
PVNR,BDUL,all,chemical,1
PVNR,CEPDL,all,chemical,2
PVNR,DB3,all,chemical,1
PVNR,DD2,all,chemical,1
PVNR,DVC,all,electrical,1
PVNR,HSNL,all,electrical,2
PVNR,HSNR,all,chemical,1
PVNR,HSNR,all,electrical,2
PVNR,LUAR,all,electrical,2
PVNR,PQR,all,chemical,4
PVNR,PQR,all,electrical,2
PVNR,PVCR,all,chemical,2
PVNR,PVDR,all,chemical,5
PVNR,PVNL,all,electrical,2
PVNR,PVNR,all,chemical,1
PVNR,PVPR,all,electrical,2
PVNR,PVR,all,chemical,1
PVNR,PVR,all,electrical,5
PVNR,PVT,all,chemical,3
PVNR,PVT,all,electrical,3
PVNR,PVWL,all,chemical,9
PVNR,PVWR,all,chemical,2
PVNR,PVWR,all,electrical,6
PVNR,URBL,all,chemical,2
PVNR,URXL,all,chemical,2
PVNR,VA11,all,chemical,1
PVNR,VA5,all,chemical,1
PVNR,VC2,all,chemical,1
PVNR,VD12,all,chemical,1
PVNR,VD13,all,chemical,1
PVNR,VD13,all,electrical,1
PVNR,VD3,all,chemical,3
PVNR,VD4,all,chemical,6
PVNR,VD6,all,chemical,1
PVNR,VD7,all,chemical,1
PVPL,ADAL,all,chemical,1
PVPL,AIBR,all,electrical,2
PVPL,AQR,all,chemical,8
PVPL,AQR,all,electrical,41
PVPL,AS11,all,electrical,6
PVPL,AVAL,all,chemical,4
PVPL,AVAL,all,electrical,1
PVPL,AVAR,all,chemical,3
PVPL,AVBL,all,chemical,13
PVPL,AVBR,all,chemical,12
PVPL,AVDR,all,chemical,3
PVPL,AVFL,all,electrical,2
PVPL,AVFR,all,electrical,3
PVPL,AVG,all,electrical,3
PVPL,AVHR,all,chemical,3
PVPL,AVHR,all,electrical,4
PVPL,AVKL,all,electrical,3
PVPL,AVKR,all,electrical,22
PVPL,AVL,all,electrical,1
PVPL,DD6,all,electrical,2
PVPL,DVA,all,electrical,1
PVPL,DVB,all,electrical,4
PVPL,DVC,all,electrical,20
PVPL,HSNL,all,electrical,1
PVPL,PDB,all,electrical,1
PVPL,PHAR,all,electrical,15
PVPL,PHBR,all,electrical,1
PVPL,PQR,all,electrical,16
PVPL,PVCL,all,chemical,3
PVPL,PVCR,all,chemical,9
PVPL,PVDL,all,chemical,1
PVPL,PVNL,all,electrical,2
PVPL,PVPL,all,electrical,1
PVPL,PVPR,all,electrical,2
PVPL,PVQL,all,electrical,8
PVPL,PVT,all,electrical,14
PVPL,RIGL,all,chemical,3
PVPL,RIGL,all,electrical,2
PVPL,RIR,all,chemical,1
PVPL,VA12,all,electrical,1
PVPL,VD13,all,electrical,11
PVPR,ADFR,all,chemical,2
PVPR,AQR,all,chemical,5
PVPR,AQR,all,electrical,61
PVPR,ASHR,all,chemical,2
PVPR,AVAL,all,chemical,1
PVPR,AVAL,all,electrical,2
PVPR,AVAR,all,chemical,5
PVPR,AVBL,all,chemical,8
PVPR,AVBR,all,chemical,11
PVPR,AVEL,all,electrical,1
PVPR,AVG,all,chemical,1
PVPR,AVHL,all,chemical,3
PVPR,AVHL,all,electrical,6
PVPR,AVHR,all,electrical,3
PVPR,AVJL,all,chemical,2
PVPR,AVJL,all,electrical,1
PVPR,AVKL,all,electrical,6
PVPR,AVL,all,chemical,4
PVPR,AVL,all,electrical,8
PVPR,DD2,all,chemical,1
PVPR,DD6,all,electrical,9
PVPR,DVB,all,electrical,4
PVPR,DVC,all,chemical,3
PVPR,DVC,all,electrical,34
PVPR,HSNR,all,chemical,2
PVPR,HSNR,all,electrical,1
PVPR,PHAL,all,electrical,7
PVPR,PQR,all,electrical,10
PVPR,PVCL,all,chemical,6
PVPR,PVCR,all,chemical,13
PVPR,PVNR,all,electrical,2
PVPR,PVPL,all,electrical,2
PVPR,PVQR,all,chemical,1
PVPR,PVT,all,electrical,17
PVPR,PVWL,all,electrical,1
PVPR,RIAR,all,chemical,2
PVPR,RIGR,all,chemical,2
PVPR,RIMR,all,chemical,1
PVPR,RMGR,all,electrical,3
PVPR,URXR,all,chemical,1
PVPR,VC1,all,electrical,1
PVPR,VD12,all,electrical,35
PVQL,ADAL,all,electrical,4
PVQL,AIAL,all,chemical,10
PVQL,ASJL,all,chemical,3
PVQL,ASJL,all,electrical,1
PVQL,ASKL,all,chemical,12
PVQL,ASKL,all,electrical,8
PVQL,AVFR,all,electrical,2
PVQL,AVHR,all,chemical,1
PVQL,AVHR,all,electrical,3
PVQL,AVKR,all,electrical,2
PVQL,AWAL,all,chemical,1
PVQL,DA8,all,chemical,1
PVQL,DA8,all,electrical,1
PVQL,DD6,all,chemical,1
PVQL,HSNL,all,chemical,3
PVQL,HSNR,all,chemical,6
PVQL,PHBL,all,electrical,3
PVQL,PVPL,all,chemical,1
PVQL,PVPL,all,electrical,8
PVQL,PVQR,all,electrical,46
PVQL,RMGL,all,chemical,1
PVQR,ADAR,all,electrical,2
PVQR,ADER,all,electrical,2
PVQR,AIAL,all,chemical,1
PVQR,AIAR,all,chemical,12
PVQR,AIMR,all,chemical,2
PVQR,ASER,all,chemical,2
PVQR,ASER,all,electrical,1
PVQR,ASJL,all,chemical,1
PVQR,ASJR,all,electrical,5
PVQR,ASKR,all,chemical,6
PVQR,ASKR,all,electrical,25
PVQR,AVBR,all,chemical,1
PVQR,AVFL,all,electrical,5
PVQR,AVFR,all,chemical,1
PVQR,AVHR,all,electrical,2
PVQR,AVL,all,chemical,2
PVQR,AWAR,all,chemical,4
PVQR,DD1,all,chemical,1
PVQR,DD6,all,chemical,2
PVQR,DVB,all,electrical,1
PVQR,DVC,all,chemical,1
PVQR,DVC,all,electrical,7
PVQR,PDA,all,electrical,1
PVQR,PVQL,all,electrical,46
PVQR,PVT,all,chemical,1
PVQR,PVT,all,electrical,1
PVQR,PVWR,all,electrical,1
PVQR,RIFR,all,chemical,4
PVQR,RMGR,all,chemical,1
PVQR,VC2,all,chemical,1
PVQR,VD1,all,chemical,1
PVR,ADAR,all,chemical,1
PVR,ALML,all,electrical,3
PVR,ALMR,all,chemical,2
PVR,ALMR,all,electrical,3
PVR,ALNR,all,electrical,16
PVR,AVBL,all,chemical,17
PVR,AVBR,all,chemical,17
PVR,AVJL,all,chemical,11
PVR,AVJR,all,chemical,5
PVR,AVKL,all,chemical,1
PVR,AVM,all,electrical,4
PVR,BDUR,all,electrical,3
PVR,CEPVR,all,chemical,2
PVR,DA5,all,chemical,1
PVR,DA9,all,chemical,2
PVR,DA9,all,electrical,15
PVR,DB2,all,chemical,2
PVR,DB3,all,chemical,3
PVR,DB4,all,chemical,1
PVR,DB7,all,chemical,2
PVR,DB7,all,electrical,4
PVR,DVA,all,chemical,2
PVR,DVA,all,electrical,15
PVR,IL1DR,all,chemical,5
PVR,IL1VL,all,chemical,9
PVR,IL1VR,all,chemical,9
PVR,LUAL,all,electrical,6
PVR,LUAR,all,electrical,9
PVR,PDB,all,electrical,13
PVR,PDEL,all,electrical,8
PVR,PDER,all,chemical,1
PVR,PDER,all,electrical,9
PVR,PHAR,all,electrical,2
PVR,PLML,all,electrical,15
PVR,PLMR,all,electrical,3
PVR,PVCL,all,chemical,4
PVR,PVCR,all,electrical,19
PVR,PVM,all,chemical,1
PVR,PVM,all,electrical,1
PVR,PVNR,all,electrical,5
PVR,PVR,all,chemical,1
PVR,PVWR,all,electrical,2
PVR,RIPL,all,chemical,16
PVR,RIPR,all,chemical,19
PVR,SABD,all,chemical,2
PVR,SDQR,all,chemical,5
PVR,URADL,all,chemical,3
PVR,VB3,all,chemical,2
PVR,VB7,all,chemical,1
PVR,VD13,all,electrical,1
PVT,AIBL,all,chemical,5
PVT,AIBR,all,chemical,10
PVT,AIBR,all,electrical,1
PVT,AVAR,all,electrical,2
PVT,AVDL,all,electrical,1
PVT,AVG,all,electrical,4
PVT,AVJL,all,electrical,1
PVT,AVKL,all,chemical,7
PVT,AVKL,all,electrical,5
PVT,AVKR,all,chemical,8
PVT,AVKR,all,electrical,1
PVT,AVL,all,chemical,3
PVT,AVL,all,electrical,6
PVT,DD6,all,electrical,3
PVT,DVA,all,electrical,8
PVT,DVB,all,electrical,3
PVT,DVC,all,chemical,3
PVT,DVC,all,electrical,11
PVT,LUAR,all,electrical,4
PVT,PHBR,all,electrical,1
PVT,PVCR,all,electrical,4
PVT,PVNL,all,electrical,2
PVT,PVNR,all,electrical,3
PVT,PVPL,all,electrical,14
PVT,PVPR,all,electrical,17
PVT,PVQR,all,electrical,1
PVT,PVWR,all,electrical,2
PVT,RIGL,all,chemical,1
PVT,RIGR,all,chemical,6
PVT,RIH,all,chemical,2
PVT,RIS,all,chemical,1
PVT,RMEV,all,chemical,4
PVT,RMEV,all,electrical,1
PVT,RMFL,all,chemical,3
PVT,RMFR,all,chemical,7
PVT,URAVL,all,electrical,1
PVT,VC2,all,electrical,1
PVT,VC3,all,electrical,1
PVT,VC5,all,electrical,2
PVT,VC6,all,electrical,2
PVT,VD11,all,electrical,3
PVT,VD12,all,electrical,4
PVT,VD13,all,electrical,17
PVWL,AVJL,all,chemical,1
PVWL,AVJL,all,electrical,3
PVWL,LUAR,all,electrical,3
PVWL,PVCL,all,chemical,1
PVWL,PVCL,all,electrical,4
PVWL,PVCR,all,chemical,1
PVWL,PVCR,all,electrical,10
PVWL,PVPR,all,electrical,1
PVWL,PVT,all,chemical,1
PVWL,PVWR,all,chemical,1
PVWL,PVWR,all,electrical,2
PVWL,VD12,all,chemical,1
PVWL,VD13,all,electrical,1
PVWR,AVAR,all,chemical,1
PVWR,AVAR,all,electrical,2
PVWR,AVDR,all,chemical,2
PVWR,AVDR,all,electrical,1
PVWR,AVJL,all,electrical,5
PVWR,AVL,all,chemical,1
PVWR,AVL,all,electrical,3
PVWR,LUAR,all,chemical,1
PVWR,LUAR,all,electrical,3
PVWR,PVCR,all,chemical,1
PVWR,PVCR,all,electrical,10
PVWR,PVNR,all,electrical,6
PVWR,PVQR,all,electrical,1
PVWR,PVR,all,electrical,2
PVWR,PVT,all,chemical,2
PVWR,PVT,all,electrical,2
PVWR,PVWL,all,electrical,2
PVWR,VA12,all,chemical,1
PVWR,VD13,all,electrical,2
RIAL,ADFL,all,electrical,1
RIAL,AINR,all,electrical,2
RIAL,AIZL,all,chemical,1
RIAL,AQR,all,chemical,4
RIAL,AVAL,all,chemical,2
RIAL,BAGR,all,chemical,2
RIAL,CEPDL,all,chemical,1
RIAL,RIAR,all,chemical,23
RIAL,RIBL,all,chemical,2
RIAL,RIBL,all,electrical,1
RIAL,RIML,all,chemical,2
RIAL,RIMR,all,chemical,2
RIAL,RIR,all,chemical,3
RIAL,RIVL,all,chemical,8
RIAL,RIVR,all,chemical,12
RIAL,RMDDL,all,chemical,48
RIAL,RMDDR,all,chemical,35
RIAL,RMDL,all,chemical,26
RIAL,RMDR,all,chemical,17
RIAL,RMDVL,all,chemical,48
RIAL,RMDVR,all,chemical,48
RIAL,SAADL,all,chemical,1
RIAL,SIADL,all,chemical,3
RIAL,SIAVR,all,chemical,2
RIAL,SMBDR,all,chemical,7
RIAL,SMDDL,all,chemical,22
RIAL,SMDDR,all,chemical,33
RIAL,SMDVL,all,chemical,14
RIAL,SMDVL,all,electrical,4
RIAL,SMDVR,all,chemical,32
RIAL,URXL,all,chemical,2
RIAR,ADFR,all,chemical,2
RIAR,AUAR,all,chemical,2
RIAR,AVAR,all,chemical,2
RIAR,CEPVL,all,chemical,1
RIAR,CEPVR,all,chemical,1
RIAR,IL1R,all,chemical,2
RIAR,RIAL,all,chemical,38
RIAR,RIAR,all,chemical,3
RIAR,RIBR,all,chemical,1
RIAR,RIVL,all,chemical,3
RIAR,RIVR,all,chemical,3
RIAR,RMDDL,all,chemical,48
RIAR,RMDDL,all,electrical,1
RIAR,RMDDR,all,chemical,53
RIAR,RMDDR,all,electrical,1
RIAR,RMDL,all,chemical,9
RIAR,RMDR,all,chemical,35
RIAR,RMDVL,all,chemical,57
RIAR,RMDVR,all,chemical,47
RIAR,SAADR,all,chemical,1
RIAR,SAAVR,all,electrical,1
RIAR,SIADR,all,chemical,4
RIAR,SIAVL,all,chemical,7
RIAR,SIAVL,all,electrical,1
RIAR,SIAVR,all,electrical,1
RIAR,SMBDR,all,chemical,2
RIAR,SMBVR,all,chemical,2
RIAR,SMDDL,all,chemical,32
RIAR,SMDDL,all,electrical,1
RIAR,SMDDR,all,chemical,26
RIAR,SMDVL,all,chemical,43
RIAR,SMDVR,all,chemical,26
RIAR,SMDVR,all,electrical,1
RIBL,AIBR,all,chemical,8
RIBL,AUAL,all,chemical,9
RIBL,AVAL,all,chemical,5
RIBL,AVBL,all,electrical,6
RIBL,AVBR,all,chemical,1
RIBL,AVBR,all,electrical,3
RIBL,AVDR,all,chemical,4
RIBL,AVEL,all,chemical,9
RIBL,AVER,all,chemical,14
RIBL,BAGR,all,chemical,3
RIBL,CEPVL,all,chemical,5
RIBL,DVC,all,chemical,1
RIBL,OLQDL,all,electrical,5
RIBL,OLQVL,all,electrical,2
RIBL,RIAL,all,chemical,6
RIBL,RIAL,all,electrical,1
RIBL,RIBL,all,electrical,3
RIBL,RIBR,all,electrical,15
RIBL,RIGL,all,chemical,1
RIBL,RIGL,all,electrical,3
RIBL,RIML,all,chemical,1
RIBL,RIS,all,chemical,5
RIBL,RMDR,all,chemical,1
RIBL,RMEV,all,electrical,2
RIBL,SIADL,all,electrical,2
RIBL,SIAVL,all,electrical,1
RIBL,SIBDL,all,electrical,5
RIBL,SIBVR,all,electrical,2
RIBL,SMDDL,all,electrical,3
RIBL,SMDVR,all,chemical,6
RIBL,URYDL,all,chemical,3
RIBR,AIBL,all,chemical,3
RIBR,AINL,all,chemical,1
RIBR,AIZR,all,chemical,2
RIBR,AUAR,all,chemical,2
RIBR,AVAR,all,chemical,6
RIBR,AVBL,all,chemical,2
RIBR,AVBL,all,electrical,2
RIBR,AVBR,all,electrical,3
RIBR,AVEL,all,chemical,6
RIBR,AVER,all,chemical,4
RIBR,BAGL,all,chemical,8
RIBR,OLLR,all,chemical,1
RIBR,OLQDR,all,electrical,5
RIBR,OLQVR,all,electrical,6
RIBR,RIAR,all,chemical,8
RIBR,RIBL,all,electrical,15
RIBR,RIBR,all,electrical,5
RIBR,RIGR,all,chemical,5
RIBR,RIGR,all,electrical,2
RIBR,RIH,all,chemical,2
RIBR,RIS,all,chemical,1
RIBR,RMDVR,all,chemical,1
RIBR,RMED,all,chemical,1
RIBR,SIADR,all,electrical,3
RIBR,SIAVR,all,electrical,2
RIBR,SIBDR,all,electrical,2
RIBR,SIBVR,all,electrical,6
RIBR,SMBDR,all,electrical,2
RIBR,SMDDL,all,chemical,2
RIBR,SMDDL,all,electrical,4
RIBR,SMDDR,all,electrical,2
RIBR,SMDVL,all,chemical,2
RIBR,SMDVR,all,chemical,2
RIBR,URYVR,all,chemical,2
RICL,ADAL,all,chemical,1
RICL,ADAR,all,chemical,7
RICL,ADLR,all,chemical,2
RICL,ASHL,all,electrical,5
RICL,AVAL,all,chemical,15
RICL,AVAR,all,chemical,18
RICL,AVKR,all,electrical,4
RICL,AWBR,all,electrical,4
RICL,CEPDL,all,chemical,1
RICL,CEPVL,all,chemical,2
RICL,OLQVL,all,chemical,1
RICL,RICR,all,chemical,2
RICL,RIML,all,chemical,1
RICL,RIMR,all,chemical,8
RICL,RIVR,all,chemical,4
RICL,RMFR,all,chemical,2
RICL,SAAVL,all,chemical,2
RICL,SMBDL,all,chemical,5
RICL,SMBDR,all,chemical,1
RICL,SMDDL,all,chemical,11
RICL,SMDDR,all,chemical,8
RICL,SMDVR,all,chemical,1
RICL,URBR,all,chemical,2
RICR,ADAR,all,chemical,2
RICR,AIBL,all,chemical,2
RICR,AIBR,all,chemical,2
RICR,AIBR,all,electrical,1
RICR,AIZL,all,chemical,6
RICR,ASHR,all,electrical,4
RICR,AVAL,all,chemical,15
RICR,AVAR,all,chemical,13
RICR,AVKL,all,electrical,2
RICR,AVKR,all,chemical,1
RICR,CEPDL,all,chemical,1
RICR,CEPDR,all,chemical,1
RICR,RICL,all,chemical,3
RICR,RIML,all,chemical,10
RICR,RIMR,all,chemical,1
RICR,RIVL,all,chemical,1
RICR,RMFL,all,chemical,1
RICR,RMGL,all,chemical,1
RICR,RMHR,all,electrical,1
RICR,SMBDR,all,chemical,3
RICR,SMDDL,all,chemical,9
RICR,SMDDR,all,chemical,9
RICR,SMDVL,all,chemical,6
RICR,SMDVR,all,chemical,3
RICR,URBR,all,chemical,2
RICR,URXR,all,electrical,1
RICR,VB1,all,chemical,7
RID,ALA,all,electrical,4
RID,AS11,all,chemical,1
RID,AS11,all,electrical,1
RID,AVBL,all,electrical,2
RID,AVBR,all,electrical,7
RID,DA2,all,chemical,1
RID,DA6,all,chemical,2
RID,DA9,all,electrical,1
RID,DB1,all,chemical,1
RID,DB1,all,electrical,2
RID,DB3,all,electrical,1
RID,DD1,all,chemical,3
RID,DD2,all,chemical,2
RID,DD3,all,chemical,2
RID,FLPL,all,chemical,1
RID,PDB,all,electrical,2
RID,RID,all,electrical,5
RID,RMED,all,chemical,5
RID,VD13,all,chemical,2
RID,VD5,all,chemical,1
RIFL,ALML,all,chemical,5
RIFL,AVBL,all,chemical,26
RIFL,AVBR,all,chemical,1
RIFL,AVDL,all,electrical,1
RIFL,AVER,all,electrical,1
RIFL,AVHR,all,chemical,1
RIFL,AVJR,all,chemical,8
RIFL,HSNL,all,electrical,1
RIFL,PVPL,all,chemical,8
RIFL,RIML,all,chemical,7
RIFL,VD1,all,electrical,1
RIFR,ADLR,all,chemical,1
RIFR,AIZL,all,chemical,1
RIFR,ASHR,all,chemical,6
RIFR,AVBL,all,chemical,1
RIFR,AVBR,all,chemical,35
RIFR,AVFL,all,chemical,1
RIFR,AVG,all,electrical,3
RIFR,AVJL,all,chemical,2
RIFR,AVJL,all,electrical,1
RIFR,AVJR,all,chemical,2
RIFR,AWBR,all,chemical,2
RIFR,CEPVR,all,chemical,2
RIFR,DD1,all,electrical,2
RIFR,HSNL,all,chemical,2
RIFR,HSNR,all,chemical,3
RIFR,PVCL,all,chemical,1
RIFR,PVCR,all,chemical,1
RIFR,PVPR,all,chemical,6
RIFR,RIAR,all,chemical,1
RIFR,RIFL,all,chemical,1
RIFR,RIMR,all,chemical,10
RIFR,RIPR,all,chemical,2
RIFR,RMGR,all,electrical,1
RIFR,URXR,all,chemical,3
RIGL,ADFL,all,chemical,1
RIGL,ADLL,all,chemical,2
RIGL,AIBR,all,chemical,4
RIGL,AIBR,all,electrical,3
RIGL,AIZL,all,chemical,10
RIGL,AIZL,all,electrical,1
RIGL,AIZR,all,chemical,2
RIGL,ALNL,all,chemical,6
RIGL,AVEL,all,chemical,7
RIGL,AVER,all,chemical,1
RIGL,AVKL,all,electrical,2
RIGL,AVKR,all,chemical,17
RIGL,BAGL,all,electrical,1
RIGL,BAGR,all,chemical,3
RIGL,DVA,all,chemical,1
RIGL,OLLL,all,electrical,3
RIGL,OLQDL,all,electrical,3
RIGL,OLQVL,all,chemical,2
RIGL,OLQVL,all,electrical,2
RIGL,PVPL,all,chemical,2
RIGL,PVPL,all,electrical,2
RIGL,RIBL,all,chemical,3
RIGL,RIBL,all,electrical,3
RIGL,RIGR,all,electrical,81
RIGL,RIH,all,chemical,2
RIGL,RIR,all,chemical,8
RIGL,RMEL,all,electrical,2
RIGL,RMFL,all,electrical,1
RIGL,RMGL,all,chemical,6
RIGL,RMHR,all,chemical,23
RIGL,URXL,all,chemical,6
RIGL,URYDL,all,electrical,4
RIGL,URYVL,all,electrical,3
RIGL,VD1,all,electrical,3
RIGR,ADEL,all,electrical,1
RIGR,AFDR,all,chemical,1
RIGR,AIBL,all,chemical,2
RIGR,AIBL,all,electrical,3
RIGR,AIZR,all,chemical,5
RIGR,ALNR,all,chemical,3
RIGR,AQR,all,electrical,3
RIGR,AVDL,all,chemical,1
RIGR,AVER,all,chemical,4
RIGR,AVKL,all,chemical,21
RIGR,AVKL,all,electrical,1
RIGR,AVKR,all,chemical,5
RIGR,AVKR,all,electrical,2
RIGR,BAGL,all,chemical,2
RIGR,BAGL,all,electrical,2
RIGR,DVA,all,chemical,4
RIGR,DVC,all,chemical,2
RIGR,OLLR,all,electrical,5
RIGR,OLQDR,all,electrical,4
RIGR,OLQVR,all,chemical,2
RIGR,OLQVR,all,electrical,6
RIGR,PVT,all,chemical,5
RIGR,RIAR,all,chemical,3
RIGR,RIBR,all,chemical,2
RIGR,RIBR,all,electrical,2
RIGR,RIGL,all,electrical,81
RIGR,RIR,all,chemical,5
RIGR,RMFL,all,electrical,1
RIGR,RMHL,all,chemical,17
RIGR,URXR,all,chemical,3
RIGR,URYDR,all,electrical,3
RIGR,URYVR,all,chemical,2
RIGR,VD1,all,electrical,2
RIH,ADFR,all,chemical,3
RIH,ADFR,all,electrical,1
RIH,AIYL,all,chemical,3
RIH,AIYR,all,chemical,4
RIH,AIZL,all,chemical,12
RIH,AIZL,all,electrical,1
RIH,AIZR,all,chemical,19
RIH,AUAR,all,chemical,2
RIH,BAGL,all,chemical,2
RIH,BAGR,all,chemical,5
RIH,CEPDL,all,chemical,6
RIH,CEPVL,all,chemical,3
RIH,CEPVL,all,electrical,1
RIH,CEPVR,all,chemical,6
RIH,FLPL,all,electrical,1
RIH,IL2L,all,chemical,2
RIH,IL2R,all,chemical,3
RIH,IL2VL,all,chemical,4
RIH,IL2VR,all,chemical,5
RIH,OLQDL,all,chemical,11
RIH,OLQDR,all,chemical,7
RIH,OLQDR,all,electrical,2
RIH,OLQVL,all,chemical,13
RIH,OLQVR,all,chemical,7
RIH,RIAL,all,chemical,34
RIH,RIAR,all,chemical,36
RIH,RIBL,all,chemical,18
RIH,RIBR,all,chemical,15
RIH,RIPL,all,chemical,18
RIH,RIPR,all,chemical,7
RIH,RMER,all,chemical,6
RIH,RMEV,all,chemical,10
RIH,URAVR,all,chemical,1
RIH,URYVR,all,chemical,4
RIML,AIBL,all,chemical,1
RIML,AIBR,all,chemical,22
RIML,AIBR,all,electrical,2
RIML,AIYL,all,electrical,5
RIML,AVAL,all,chemical,5
RIML,AVAR,all,chemical,2
RIML,AVAR,all,electrical,8
RIML,AVBL,all,chemical,9
RIML,AVBR,all,chemical,11
RIML,AVEL,all,electrical,10
RIML,AVER,all,chemical,5
RIML,AVER,all,electrical,9
RIML,AVKR,all,chemical,1
RIML,RIAL,all,chemical,3
RIML,RIBL,all,chemical,9
RIML,RICR,all,chemical,1
RIML,RIML,all,chemical,11
RIML,RIMR,all,chemical,2
RIML,RIS,all,electrical,2
RIML,RMDL,all,chemical,9
RIML,RMDL,all,electrical,1
RIML,RMDR,all,chemical,21
RIML,RMFL,all,chemical,2
RIML,RMFL,all,electrical,3
RIML,RMFR,all,chemical,2
RIML,SAADL,all,chemical,1
RIML,SAADR,all,chemical,4
RIML,SAAVL,all,chemical,10
RIML,SAAVR,all,chemical,10
RIML,SIADL,all,electrical,1
RIML,SMDDL,all,chemical,11
RIML,SMDDR,all,chemical,14
RIML,SMDVL,all,chemical,11
RIML,VB1,all,chemical,8
RIMR,ADAR,all,chemical,9
RIMR,AIBL,all,chemical,15
RIMR,AIBL,all,electrical,1
RIMR,AIYR,all,electrical,3
RIMR,AVAL,all,chemical,9
RIMR,AVAL,all,electrical,11
RIMR,AVAR,all,electrical,2
RIMR,AVBL,all,chemical,9
RIMR,AVBR,all,chemical,12
RIMR,AVEL,all,electrical,7
RIMR,AVER,all,electrical,11
RIMR,AVJL,all,chemical,4
RIMR,AVKL,all,chemical,1
RIMR,AVKR,all,electrical,1
RIMR,RIBR,all,chemical,4
RIMR,RIML,all,chemical,4
RIMR,RIS,all,chemical,2
RIMR,RIS,all,electrical,2
RIMR,RMDL,all,chemical,15
RIMR,RMDR,all,chemical,12
RIMR,RMFL,all,chemical,1
RIMR,RMFR,all,chemical,7
RIMR,SAAVL,all,chemical,11
RIMR,SAAVR,all,chemical,8
RIMR,SIADR,all,electrical,1
RIMR,SMDDL,all,chemical,9
RIMR,SMDDR,all,chemical,14
RIMR,SMDVL,all,chemical,2
RIMR,SMDVR,all,chemical,3
RIMR,VB1,all,chemical,2
RIPL,ADFL,all,chemical,3
RIPL,ADFL,all,electrical,2
RIPL,BAGL,all,chemical,7
RIPL,I1L,all,electrical,2
RIPL,IL1L,all,electrical,1
RIPL,OLLL,all,chemical,4
RIPL,OLQDR,all,chemical,2
RIPL,OLQVL,all,chemical,1
RIPL,RIH,all,chemical,2
RIPL,RIPL,all,chemical,3
RIPL,RIPL,all,electrical,4
RIPL,RIPR,all,electrical,2
RIPL,RMED,all,electrical,2
RIPL,URAVL,all,electrical,1
RIPR,ADFR,all,chemical,1
RIPR,AVBR,all,chemical,2
RIPR,BAGR,all,chemical,2
RIPR,I1R,all,electrical,2
RIPR,IL1R,all,chemical,1
RIPR,OLQDR,all,chemical,3
RIPR,OLQVR,all,chemical,2
RIPR,RIH,all,chemical,1
RIPR,RIPL,all,electrical,2
RIPR,RMED,all,electrical,4
RIPR,URAVR,all,chemical,1
RIPR,URBR,all,chemical,1
RIR,ADAR,all,chemical,1
RIR,ADFL,all,chemical,1
RIR,ADFR,all,chemical,4
RIR,AFDR,all,chemical,1
RIR,AIMR,all,chemical,1
RIR,AIZL,all,chemical,12
RIR,AIZR,all,chemical,15
RIR,AQR,all,chemical,2
RIR,ASHL,all,chemical,1
RIR,ASHR,all,chemical,1
RIR,AUAL,all,chemical,7
RIR,AVEL,all,chemical,4
RIR,AWBR,all,chemical,1
RIR,BAGL,all,electrical,4
RIR,BAGR,all,chemical,1
RIR,BAGR,all,electrical,5
RIR,DVA,all,chemical,9
RIR,HSNL,all,chemical,1
RIR,PVPL,all,chemical,2
RIR,PVPR,all,chemical,1
RIR,RIAL,all,chemical,11
RIR,RIAR,all,chemical,4
RIR,RIGL,all,chemical,2
RIR,RIGR,all,chemical,4
RIR,RMGL,all,chemical,1
RIR,RMGR,all,chemical,1
RIR,URXL,all,chemical,9
RIR,URXR,all,chemical,6
RIS,AIBL,all,electrical,1
RIS,AIBR,all,electrical,3
RIS,AVEL,all,chemical,17
RIS,AVEL,all,electrical,3
RIS,AVER,all,chemical,18
RIS,AVJL,all,electrical,15
RIS,AVKL,all,chemical,6
RIS,AVKR,all,chemical,13
RIS,AVL,all,chemical,9
RIS,CEPDL,all,chemical,4
RIS,CEPDR,all,chemical,1
RIS,CEPVL,all,chemical,7
RIS,CEPVR,all,chemical,4
RIS,OLLR,all,chemical,5
RIS,RIBL,all,chemical,8
RIS,RIBR,all,chemical,18
RIS,RIML,all,chemical,10
RIS,RIML,all,electrical,2
RIS,RIMR,all,chemical,15
RIS,RIMR,all,electrical,2
RIS,RIS,all,chemical,3
RIS,RMDDL,all,chemical,1
RIS,RMDDR,all,chemical,1
RIS,RMDL,all,chemical,10
RIS,RMDR,all,chemical,16
RIS,RMDR,all,electrical,1
RIS,RMEV,all,chemical,3
RIS,RMEV,all,electrical,1
RIS,SMDDL,all,chemical,1
RIS,SMDDL,all,electrical,2
RIS,SMDDR,all,chemical,6
RIS,SMDDR,all,electrical,5
RIS,SMDVL,all,chemical,1
RIS,SMDVL,all,electrical,2
RIS,SMDVR,all,chemical,1
RIS,URYDR,all,chemical,1
RIS,URYVR,all,chemical,5
RIVL,AIBL,all,electrical,1
RIVL,RIAL,all,chemical,5
RIVL,RIAR,all,chemical,2
RIVL,RIVR,all,chemical,1
RIVL,RIVR,all,electrical,28
RIVL,RMDL,all,chemical,4
RIVL,RMDVL,all,chemical,5
RIVL,SAADR,all,chemical,11
RIVL,SAADR,all,electrical,2
RIVL,SDQR,all,electrical,5
RIVL,SIAVR,all,chemical,5
RIVL,SIBDR,all,electrical,1
RIVL,SMDDR,all,chemical,8
RIVL,SMDVL,all,chemical,2
RIVL,SMDVL,all,electrical,2
RIVR,AIBR,all,electrical,3
RIVR,RIAL,all,chemical,6
RIVR,RIAR,all,chemical,2
RIVR,RIVL,all,chemical,8
RIVR,RIVL,all,electrical,28
RIVR,RMDDL,all,chemical,1
RIVR,RMDR,all,chemical,4
RIVR,RMDVR,all,chemical,1
RIVR,RMHR,all,chemical,2
RIVR,SAADL,all,chemical,12
RIVR,SAADL,all,electrical,1
RIVR,SDQR,all,electrical,3
RIVR,SIAVL,all,chemical,5
RIVR,SMBVL,all,chemical,1
RIVR,SMDDL,all,chemical,6
RIVR,SMDVR,all,chemical,3
RIVR,SMDVR,all,electrical,8
RMDDL,AVER,all,chemical,1
RMDDL,AVER,all,electrical,2
RMDDL,CEPVL,all,chemical,2
RMDDL,IL1DR,all,chemical,2
RMDDL,IL1R,all,chemical,9
RMDDL,IL1VL,all,electrical,1
RMDDL,OLQVL,all,electrical,3
RMDDL,RIAL,all,chemical,1
RMDDL,RIAR,all,electrical,1
RMDDL,RMDL,all,electrical,1
RMDDL,RMDVL,all,chemical,1
RMDDL,RMDVL,all,electrical,2
RMDDL,RMDVR,all,chemical,22
RMDDL,RMEV,all,chemical,2
RMDDL,RMHL,all,chemical,1
RMDDL,SIBVR,all,electrical,2
RMDDL,SMDDL,all,electrical,3
RMDDR,ADEL,all,electrical,1
RMDDR,ALML,all,electrical,2
RMDDR,OLQVR,all,electrical,1
RMDDR,RIAR,all,electrical,1
RMDDR,RMDDL,all,chemical,1
RMDDR,RMDL,all,electrical,1
RMDDR,RMDVL,all,chemical,26
RMDDR,RMDVR,all,chemical,3
RMDDR,RMDVR,all,electrical,5
RMDDR,RMGL,all,electrical,1
RMDDR,SAADR,all,electrical,1
RMDDR,SIADL,all,electrical,1
RMDDR,SMDDR,all,electrical,1
RMDL,ADER,all,chemical,3
RMDL,AVKR,all,chemical,1
RMDL,IL1L,all,chemical,1
RMDL,IL1R,all,chemical,1
RMDL,IL2L,all,electrical,2
RMDL,OLLR,all,chemical,3
RMDL,RIAL,all,chemical,20
RMDL,RIAR,all,chemical,22
RMDL,RIBR,all,chemical,1
RMDL,RIML,all,chemical,3
RMDL,RIML,all,electrical,1
RMDL,RIS,all,chemical,1
RMDL,RIVL,all,chemical,1
RMDL,RMDDL,all,electrical,1
RMDL,RMDDR,all,chemical,7
RMDL,RMDDR,all,electrical,1
RMDL,RMDR,all,chemical,8
RMDL,RMDVL,all,chemical,2
RMDL,RMDVL,all,electrical,1
RMDL,RMDVR,all,chemical,3
RMDL,RMER,all,electrical,1
RMDL,RMFR,all,chemical,1
RMDL,RMHL,all,chemical,3
RMDL,SIAVR,all,electrical,1
RMDL,SIBVL,all,electrical,2
RMDL,SIBVR,all,chemical,3
RMDL,SMBVR,all,chemical,2
RMDL,SMDDL,all,electrical,2
RMDL,SMDDR,all,chemical,1
RMDL,URXR,all,chemical,1
RMDR,AVAR,all,electrical,2
RMDR,AVER,all,electrical,5
RMDR,AVKR,all,chemical,1
RMDR,IL1L,all,chemical,2
RMDR,OLLR,all,chemical,2
RMDR,RIAL,all,chemical,14
RMDR,RIAR,all,chemical,21
RMDR,RIMR,all,chemical,1
RMDR,RIS,all,chemical,1
RMDR,RIS,all,electrical,1
RMDR,RMDDL,all,chemical,6
RMDR,RMDL,all,chemical,11
RMDR,RMDVL,all,chemical,9
RMDR,RMDVR,all,electrical,1
RMDR,RMGL,all,chemical,1
RMDR,SIAVL,all,chemical,1
RMDR,SMDDR,all,chemical,1
RMDVL,AUAL,all,electrical,2
RMDVL,AVER,all,chemical,2
RMDVL,AVER,all,electrical,1
RMDVL,CEPDL,all,chemical,2
RMDVL,IL1R,all,chemical,2
RMDVL,IL2VR,all,chemical,1
RMDVL,OLQDL,all,electrical,1
RMDVL,OLQVR,all,chemical,3
RMDVL,OLQVR,all,electrical,2
RMDVL,RMDDL,all,electrical,2
RMDVL,RMDDR,all,chemical,41
RMDVL,RMDL,all,electrical,1
RMDVL,RMDR,all,chemical,2
RMDVL,RMDVR,all,chemical,1
RMDVL,SAAVL,all,electrical,3
RMDVL,SIAVR,all,chemical,2
RMDVL,SIAVR,all,electrical,1
RMDVL,SIBDR,all,chemical,1
RMDVL,SIBVR,all,electrical,1
RMDVL,SMDVL,all,electrical,5
RMDVL,URYVR,all,chemical,1
RMDVR,AFDR,all,electrical,1
RMDVR,AVAR,all,chemical,1
RMDVR,AVAR,all,electrical,1
RMDVR,AVEL,all,electrical,2
RMDVR,AVER,all,electrical,7
RMDVR,CEPDR,all,chemical,2
RMDVR,IL1DR,all,chemical,1
RMDVR,IL1DR,all,electrical,1
RMDVR,IL1L,all,chemical,1
RMDVR,OLQDR,all,electrical,1
RMDVR,OLQVL,all,chemical,2
RMDVR,RIAR,all,chemical,1
RMDVR,RMDDL,all,chemical,43
RMDVR,RMDDR,all,electrical,5
RMDVR,RMDR,all,electrical,1
RMDVR,RMDVR,all,chemical,2
RMDVR,SAADL,all,electrical,1
RMDVR,SAAVR,all,electrical,9
RMDVR,SIAVL,all,chemical,2
RMDVR,SIAVL,all,electrical,1
RMDVR,SIBVR,all,chemical,1
RMDVR,SMBDR,all,chemical,1
RMDVR,SMDVR,all,electrical,8
RMDVR,URAVL,all,chemical,8
RMED,AIBL,all,electrical,2
RMED,IL1VL,all,electrical,3
RMED,IL2DR,all,electrical,1
RMED,RIBL,all,chemical,1
RMED,RIBR,all,chemical,1
RMED,RIPL,all,electrical,2
RMED,RIPR,all,electrical,4
RMED,RMED,all,chemical,1
RMED,RMEV,all,electrical,6
RMED,SMDDL,all,chemical,1
RMED,SMDDR,all,chemical,4
RMEL,IL1R,all,chemical,2
RMEL,OLLR,all,chemical,1
RMEL,RIGL,all,electrical,2
RMEL,RIPR,all,chemical,1
RMEL,RMEV,all,chemical,1
RMEL,RMEV,all,electrical,4
RMER,ADEL,all,electrical,1
RMER,IL1L,all,chemical,4
RMER,IL1L,all,electrical,1
RMER,IL2L,all,electrical,2
RMER,RMDL,all,electrical,1
RMER,RMER,all,chemical,5
RMER,RMEV,all,electrical,1
RMER,RMHR,all,chemical,3
RMEV,AVEL,all,electrical,1
RMEV,AVER,all,electrical,1
RMEV,IL1DL,all,electrical,1
RMEV,IL1DR,all,electrical,4
RMEV,PVT,all,electrical,1
RMEV,RIBL,all,electrical,2
RMEV,RIBR,all,chemical,2
RMEV,RIH,all,chemical,2
RMEV,RIS,all,chemical,1
RMEV,RIS,all,electrical,1
RMEV,RMDDL,all,chemical,1
RMEV,RMDDR,all,chemical,1
RMEV,RMED,all,chemical,1
RMEV,RMED,all,electrical,6
RMEV,RMEL,all,electrical,4
RMEV,RMER,all,electrical,1
RMEV,SMDDR,all,chemical,1
RMEV,SMDVL,all,chemical,1
RMEV,SMDVL,all,electrical,1
RMFL,AVKL,all,chemical,9
RMFL,AVKR,all,chemical,14
RMFL,BAGL,all,chemical,1
RMFL,DVC,all,chemical,1
RMFL,PVT,all,chemical,3
RMFL,RIBR,all,chemical,1
RMFL,RIGL,all,electrical,1
RMFL,RIGR,all,electrical,1
RMFL,RIML,all,electrical,3
RMFL,RIMR,all,chemical,2
RMFL,RIS,all,chemical,1
RMFL,RMDR,all,chemical,13
RMFL,RMHL,all,chemical,2
RMFL,SAADR,all,electrical,1
RMFL,SAAVR,all,chemical,1
RMFL,SAAVR,all,electrical,1
RMFL,SMDVL,all,chemical,1
RMFR,AVKL,all,chemical,7
RMFR,AVKR,all,chemical,9
RMFR,DVC,all,chemical,2
RMFR,RIH,all,chemical,1
RMFR,RMDL,all,chemical,6
RMFR,RMDR,all,chemical,1
RMGL,ADAL,all,chemical,4
RMGL,ADLL,all,chemical,1
RMGL,ADLL,all,electrical,3
RMGL,AIBR,all,chemical,2
RMGL,AIML,all,chemical,3
RMGL,ALML,all,electrical,3
RMGL,ASHL,all,chemical,1
RMGL,ASHL,all,electrical,3
RMGL,AVAL,all,chemical,3
RMGL,AVBR,all,chemical,3
RMGL,AVEL,all,chemical,2
RMGL,AVEL,all,electrical,2
RMGL,AVFR,all,chemical,1
RMGL,AVFR,all,electrical,1
RMGL,AWBL,all,electrical,1
RMGL,CEPDL,all,chemical,1
RMGL,IL2L,all,electrical,5
RMGL,PVPL,all,chemical,1
RMGL,RID,all,chemical,2
RMGL,RIFL,all,chemical,1
RMGL,RMDDR,all,chemical,1
RMGL,RMDDR,all,electrical,1
RMGL,RMDL,all,chemical,2
RMGL,RMDR,all,chemical,16
RMGL,RMDVL,all,chemical,15
RMGL,RMHL,all,chemical,1
RMGL,RMHL,all,electrical,6
RMGL,RMHR,all,chemical,4
RMGL,SAADL,all,chemical,1
RMGL,SIADL,all,chemical,2
RMGL,SIADR,all,chemical,2
RMGL,SIAVL,all,chemical,4
RMGL,SIBDR,all,chemical,1
RMGL,SIBVL,all,chemical,4
RMGL,SIBVR,all,chemical,4
RMGL,SMBVL,all,chemical,2
RMGL,SMDDL,all,chemical,1
RMGL,SMDDR,all,chemical,2
RMGL,URXL,all,chemical,3
RMGL,URXL,all,electrical,3
RMGR,ADAR,all,chemical,2
RMGR,ADER,all,chemical,2
RMGR,AIMR,all,chemical,2
RMGR,ALMR,all,chemical,1
RMGR,ALNR,all,chemical,4
RMGR,ALNR,all,electrical,1
RMGR,ASHR,all,chemical,1
RMGR,ASHR,all,electrical,3
RMGR,ASKR,all,electrical,1
RMGR,AVAL,all,chemical,1
RMGR,AVBL,all,chemical,2
RMGR,AVBR,all,chemical,3
RMGR,AVDL,all,chemical,2
RMGR,AVER,all,chemical,6
RMGR,AVJL,all,chemical,4
RMGR,AWBR,all,electrical,1
RMGR,IL2R,all,chemical,2
RMGR,IL2R,all,electrical,1
RMGR,OLLR,all,chemical,1
RMGR,PVPR,all,electrical,3
RMGR,RIFR,all,electrical,1
RMGR,RIGR,all,chemical,2
RMGR,RIR,all,chemical,1
RMGR,RMDDL,all,chemical,1
RMGR,RMDL,all,chemical,20
RMGR,RMDR,all,chemical,7
RMGR,RMDVR,all,chemical,23
RMGR,RMHL,all,electrical,1
RMGR,RMHR,all,electrical,4
RMGR,SAADL,all,chemical,3
RMGR,SAAVR,all,chemical,1
RMGR,SIADL,all,chemical,1
RMGR,SIAVR,all,chemical,2
RMGR,SIBDL,all,chemical,2
RMGR,SMBVR,all,chemical,1
RMGR,SMBVR,all,electrical,3
RMGR,URXR,all,chemical,3
RMGR,URXR,all,electrical,5
RMHL,AVAR,all,chemical,1
RMHL,IL1R,all,chemical,2
RMHL,RICL,all,chemical,1
RMHL,RICR,all,chemical,1
RMHL,RID,all,chemical,1
RMHL,RMDDL,all,chemical,2
RMHL,RMDR,all,chemical,1
RMHL,RMGL,all,electrical,6
RMHL,RMGR,all,electrical,1
RMHL,SAAVL,all,chemical,1
RMHL,SIBVR,all,electrical,3
RMHL,SMDDL,all,electrical,1
RMHL,URXR,all,chemical,1
RMHR,AIBR,all,chemical,3
RMHR,CEPVL,all,chemical,1
RMHR,OLQVR,all,electrical,1
RMHR,RICR,all,electrical,1
RMHR,RMDL,all,chemical,4
RMHR,RMDR,all,chemical,1
RMHR,RMER,all,chemical,4
RMHR,RMGL,all,chemical,8
RMHR,RMGR,all,electrical,4
RMHR,RMHL,all,chemical,3
RMHR,SMDDL,all,chemical,3
SAADL,AIBL,all,chemical,1
SAADL,AVAL,all,chemical,17
SAADL,OLLR,all,chemical,4
SAADL,RIGL,all,chemical,1
SAADL,RIML,all,chemical,11
SAADL,RIMR,all,chemical,16
SAADL,RIVR,all,chemical,1
SAADL,RIVR,all,electrical,1
SAADL,RMDVR,all,chemical,1
SAADL,RMDVR,all,electrical,1
SAADL,RMFR,all,chemical,1
SAADL,SABD,all,chemical,2
SAADL,SDQR,all,electrical,1
SAADL,SIBVR,all,chemical,1
SAADL,SMBDL,all,electrical,3
SAADR,AIBL,all,chemical,1
SAADR,AIBR,all,chemical,1
SAADR,AVAL,all,chemical,1
SAADR,AVAR,all,chemical,26
SAADR,OLLL,all,chemical,3
SAADR,PLNR,all,chemical,1
SAADR,RIML,all,chemical,14
SAADR,RIMR,all,chemical,23
SAADR,RIVL,all,electrical,2
SAADR,RMDDR,all,electrical,1
SAADR,RMFL,all,chemical,5
SAADR,RMFL,all,electrical,1
SAADR,RMFR,all,chemical,1
SAADR,RMGL,all,chemical,1
SAADR,SABD,all,chemical,2
SAADR,SMBDR,all,chemical,2
SAADR,SMBVR,all,chemical,1
SAADR,SMDVL,all,chemical,5
SAAVL,AIBL,all,chemical,1
SAAVL,AVAL,all,chemical,56
SAAVL,OLLR,all,chemical,1
SAAVL,RIML,all,chemical,5
SAAVL,RIMR,all,chemical,33
SAAVL,RMDVL,all,electrical,3
SAAVL,RMFR,all,chemical,11
SAAVL,SAAVR,all,electrical,1
SAAVL,SABD,all,chemical,1
SAAVL,SMBDR,all,chemical,2
SAAVL,SMBDR,all,electrical,2
SAAVL,SMBVR,all,electrical,17
SAAVL,SMDDR,all,chemical,18
SAAVL,SMDVL,all,chemical,1
SAAVL,SMDVL,all,electrical,8
SAAVR,AIBR,all,chemical,1
SAAVR,ALNR,all,chemical,1
SAAVR,ASIR,all,chemical,1
SAAVR,AVAR,all,chemical,39
SAAVR,AVAR,all,electrical,1
SAAVR,AVBL,all,chemical,1
SAAVR,DVA,all,electrical,1
SAAVR,IL1DL,all,chemical,12
SAAVR,RIAR,all,chemical,1
SAAVR,RIAR,all,electrical,1
SAAVR,RIML,all,chemical,12
SAAVR,RIMR,all,chemical,7
SAAVR,RIPL,all,chemical,12
SAAVR,RMDVR,all,electrical,9
SAAVR,RMEV,all,chemical,1
SAAVR,RMFL,all,electrical,1
SAAVR,SAAVL,all,electrical,1
SAAVR,SAAVR,all,chemical,1
SAAVR,SMBDL,all,chemical,1
SAAVR,SMBDL,all,electrical,1
SAAVR,SMBVL,all,electrical,16
SAAVR,SMDDL,all,chemical,17
SAAVR,SMDDL,all,electrical,4
SAAVR,VB1,all,electrical,1
SABD,AVAL,all,electrical,7
SABD,SAADL,all,chemical,4
SABD,SAADR,all,chemical,4
SABD,VA2,all,electrical,12
SABD,VA3,all,electrical,2
SABD,VB1,all,electrical,3
SABVL,AVAR,all,electrical,15
SABVL,RIGR,all,chemical,1
SABVR,AVAL,all,electrical,8
SABVR,AVAR,all,electrical,2
SABVR,DA1,all,electrical,1
SABVR,DD1,all,electrical,1
SDQL,AIBR,all,chemical,2
SDQL,ALML,all,chemical,1
SDQL,AVAL,all,chemical,6
SDQL,AVAR,all,chemical,8
SDQL,AVBL,all,chemical,1
SDQL,AVBR,all,chemical,2
SDQL,AVDL,all,chemical,3
SDQL,AVEL,all,chemical,1
SDQL,DVA,all,chemical,1
SDQL,DVA,all,electrical,1
SDQL,FLPL,all,chemical,2
SDQL,FLPL,all,electrical,1
SDQL,PVCL,all,chemical,1
SDQL,PVR,all,chemical,1
SDQL,RICR,all,chemical,3
SDQL,RIPR,all,chemical,1
SDQL,RIS,all,chemical,8
SDQL,RMFL,all,chemical,3
SDQL,SAADR,all,chemical,2
SDQL,SDQR,all,electrical,2
SDQL,SIADR,all,chemical,2
SDQL,SIADR,all,electrical,1
SDQL,SIBVL,all,chemical,1
SDQL,SMBDR,all,chemical,11
SDQR,ADLL,all,chemical,1
SDQR,AIBL,all,chemical,8
SDQR,AIBL,all,electrical,1
SDQR,ALML,all,chemical,1
SDQR,ALMR,all,electrical,2
SDQR,AVAL,all,chemical,8
SDQR,AVBL,all,chemical,23
SDQR,AVBL,all,electrical,1
SDQR,AVBR,all,chemical,19
SDQR,DVA,all,chemical,10
SDQR,DVA,all,electrical,1
SDQR,RICL,all,chemical,1
SDQR,RICR,all,chemical,3
SDQR,RIVL,all,electrical,5
SDQR,RIVR,all,electrical,3
SDQR,RMHL,all,chemical,15
SDQR,RMHR,all,chemical,7
SDQR,SAADL,all,electrical,1
SDQR,SDQL,all,chemical,4
SDQR,SDQL,all,electrical,2
SDQR,SIADL,all,chemical,2
SDQR,SIAVR,all,electrical,1
SDQR,SIBVL,all,electrical,2
SIADL,ALNR,all,chemical,4
SIADL,AVDR,all,electrical,1
SIADL,AVFR,all,chemical,1
SIADL,RIBL,all,electrical,2
SIADL,RIML,all,electrical,1
SIADL,RMDDR,all,electrical,1
SIADL,RMDL,all,chemical,4
SIADL,SDQR,all,chemical,4
SIADL,SIBDL,all,chemical,4
SIADL,SMBDL,all,chemical,18
SIADL,SMBDL,all,electrical,2
SIADL,SMDDL,all,chemical,17
SIADR,AIBL,all,electrical,1
SIADR,ALML,all,chemical,1
SIADR,AVAL,all,chemical,1
SIADR,CEPDL,all,chemical,1
SIADR,DVA,all,electrical,1
SIADR,FLPL,all,electrical,1
SIADR,IL1VR,all,chemical,1
SIADR,RIBR,all,electrical,3
SIADR,RIMR,all,electrical,1
SIADR,SDQL,all,chemical,4
SIADR,SDQL,all,electrical,1
SIADR,SIBDR,all,chemical,4
SIADR,SMBDR,all,chemical,17
SIADR,SMBDR,all,electrical,3
SIADR,SMDDR,all,chemical,17
SIADR,SMDDR,all,electrical,1
SIAVL,ADEL,all,chemical,1
SIAVL,AIBR,all,electrical,1
SIAVL,AVHR,all,electrical,1
SIAVL,IL2L,all,chemical,1
SIAVL,PLNL,all,chemical,10
SIAVL,RIAR,all,electrical,1
SIAVL,RIBL,all,electrical,1
SIAVL,RMDVR,all,electrical,1
SIAVL,SIBDL,all,electrical,2
SIAVL,SIBVL,all,electrical,2
SIAVL,SIBVR,all,chemical,2
SIAVL,SMBVL,all,chemical,2
SIAVL,SMDVR,all,chemical,10
SIAVR,DVA,all,electrical,1
SIAVR,PLNR,all,chemical,10
SIAVR,RIAR,all,electrical,1
SIAVR,RIBR,all,electrical,2
SIAVR,RMDL,all,chemical,1
SIAVR,RMDL,all,electrical,1
SIAVR,RMDVL,all,electrical,1
SIAVR,SDQR,all,electrical,1
SIAVR,SIBVL,all,chemical,2
SIBDL,ADEL,all,electrical,1
SIBDL,AVAR,all,electrical,1
SIBDL,AVDR,all,electrical,1
SIBDL,RIBL,all,electrical,5
SIBDL,SIADL,all,chemical,2
SIBDL,SIAVL,all,electrical,2
SIBDL,SIBVL,all,electrical,8
SIBDL,SMBDL,all,electrical,1
SIBDL,SMBVL,all,electrical,3
SIBDL,SMDDL,all,electrical,3
SIBDR,AIML,all,electrical,2
SIBDR,PVCR,all,electrical,1
SIBDR,RIBR,all,electrical,2
SIBDR,RIVL,all,electrical,1
SIBDR,SIADR,all,chemical,2
SIBDR,SIBVR,all,electrical,10
SIBDR,SMBVR,all,electrical,1
SIBDR,SMDDR,all,chemical,10
SIBVL,ADEL,all,electrical,1
SIBVL,ALNR,all,chemical,1
SIBVL,AVBL,all,electrical,2
SIBVL,AVBR,all,electrical,4
SIBVL,PVCR,all,electrical,1
SIBVL,PVPL,all,chemical,1
SIBVL,RMDL,all,electrical,2
SIBVL,SDQR,all,electrical,2
SIBVL,SIAVL,all,electrical,2
SIBVL,SIAVR,all,chemical,5
SIBVL,SIBDL,all,electrical,8
SIBVL,SIBVR,all,electrical,1
SIBVL,SMBDR,all,chemical,1
SIBVL,SMBVL,all,electrical,2
SIBVR,AVBR,all,electrical,1
SIBVR,AVDR,all,chemical,1
SIBVR,PVCR,all,electrical,1
SIBVR,RIBL,all,electrical,2
SIBVR,RIBR,all,electrical,6
SIBVR,RID,all,chemical,1
SIBVR,RMDDL,all,electrical,2
SIBVR,RMDVL,all,electrical,1
SIBVR,RMHL,all,electrical,3
SIBVR,SIAVL,all,chemical,5
SIBVR,SIBDR,all,electrical,10
SIBVR,SIBVL,all,electrical,1
SIBVR,SMBDL,all,electrical,1
SMBDL,AIZL,all,chemical,1
SMBDL,ALNR,all,chemical,1
SMBDL,AVKL,all,electrical,2
SMBDL,AVKR,all,electrical,1
SMBDL,RIH,all,chemical,2
SMBDL,RMED,all,chemical,4
SMBDL,SAADL,all,electrical,3
SMBDL,SAAVR,all,chemical,9
SMBDL,SAAVR,all,electrical,1
SMBDL,SDQR,all,chemical,18
SMBDL,SIADL,all,chemical,19
SMBDL,SIADL,all,electrical,2
SMBDL,SIAVL,all,chemical,3
SMBDL,SIBDL,all,electrical,1
SMBDL,SIBVR,all,electrical,1
SMBDL,SMBVL,all,chemical,2
SMBDL,SMDDL,all,chemical,7
SMBDR,ALML,all,electrical,1
SMBDR,ALNL,all,chemical,5
SMBDR,ALNL,all,electrical,3
SMBDR,AVAL,all,chemical,1
SMBDR,AVKL,all,electrical,2
SMBDR,AVKR,all,electrical,9
SMBDR,RIBR,all,electrical,2
SMBDR,RIVL,all,chemical,1
SMBDR,RMED,all,chemical,25
SMBDR,SAAVL,all,chemical,8
SMBDR,SAAVL,all,electrical,2
SMBDR,SDQL,all,chemical,18
SMBDR,SIADR,all,chemical,20
SMBDR,SIADR,all,electrical,3
SMBDR,SIAVR,all,chemical,1
SMBDR,SMBDL,all,chemical,3
SMBDR,SMBVR,all,electrical,2
SMBDR,SMDDR,all,chemical,4
SMBDR,SMDDR,all,electrical,1
SMBVL,AIML,all,chemical,1
SMBVL,AVBR,all,chemical,1
SMBVL,AVFL,all,chemical,1
SMBVL,AVHR,all,chemical,1
SMBVL,AVJR,all,chemical,1
SMBVL,AVKL,all,electrical,6
SMBVL,PLNL,all,chemical,5
SMBVL,PVPL,all,chemical,1
SMBVL,RMDVR,all,chemical,1
SMBVL,RMEV,all,chemical,20
SMBVL,SAADL,all,chemical,16
SMBVL,SAAVR,all,electrical,16
SMBVL,SIAVL,all,chemical,1
SMBVL,SIBDL,all,electrical,3
SMBVL,SIBVL,all,electrical,2
SMBVL,SMBDL,all,chemical,2
SMBVR,ADFR,all,electrical,1
SMBVR,ADLR,all,chemical,2
SMBVR,AIMR,all,electrical,1
SMBVR,AVHL,all,chemical,2
SMBVR,AVKL,all,electrical,2
SMBVR,AVKR,all,electrical,6
SMBVR,CEPVR,all,chemical,8
SMBVR,PLNR,all,chemical,5
SMBVR,PVR,all,chemical,2
SMBVR,RIAR,all,chemical,1
SMBVR,RMDL,all,chemical,2
SMBVR,RMDR,all,chemical,3
SMBVR,RMEV,all,chemical,8
SMBVR,RMGR,all,chemical,3
SMBVR,RMGR,all,electrical,3
SMBVR,SAADR,all,chemical,12
SMBVR,SAAVL,all,electrical,17
SMBVR,SIAVR,all,chemical,1
SMBVR,SIBDR,all,electrical,1
SMBVR,SMBDR,all,chemical,2
SMBVR,SMBDR,all,electrical,2
SMBVR,URBR,all,electrical,1
SMDDL,AIBR,all,electrical,2
SMDDL,ALNR,all,electrical,1
SMDDL,AVEL,all,chemical,1
SMDDL,AVER,all,chemical,1
SMDDL,RIAL,all,chemical,9
SMDDL,RIAR,all,chemical,14
SMDDL,RIAR,all,electrical,1
SMDDL,RIBL,all,electrical,3
SMDDL,RIBR,all,electrical,4
SMDDL,RIML,all,chemical,2
SMDDL,RIMR,all,chemical,1
SMDDL,RIS,all,chemical,2
SMDDL,RIS,all,electrical,2
SMDDL,RIVR,all,chemical,1
SMDDL,RMDDL,all,electrical,3
SMDDL,RMDL,all,chemical,3
SMDDL,RMDL,all,electrical,2
SMDDL,RMDR,all,chemical,1
SMDDL,RMHL,all,electrical,1
SMDDL,SAAVR,all,chemical,1
SMDDL,SAAVR,all,electrical,4
SMDDL,SIADL,all,chemical,14
SMDDL,SIBDL,all,chemical,14
SMDDL,SIBDL,all,electrical,3
SMDDL,SMBDL,all,chemical,3
SMDDL,SMDDR,all,chemical,1
SMDDL,SMDVL,all,chemical,2
SMDDL,SMDVR,all,chemical,17
SMDDL,URYDL,all,chemical,1
SMDDR,AIBL,all,electrical,1
SMDDR,AIZR,all,chemical,2
SMDDR,ALNL,all,chemical,1
SMDDR,ALNL,all,electrical,2
SMDDR,ALNR,all,chemical,2
SMDDR,ASGL,all,chemical,1
SMDDR,ASGL,all,electrical,2
SMDDR,ASJL,all,chemical,1
SMDDR,ASJL,all,electrical,1
SMDDR,AVER,all,chemical,1
SMDDR,AVER,all,electrical,1
SMDDR,RIAL,all,chemical,5
SMDDR,RIAR,all,chemical,3
SMDDR,RIBL,all,chemical,1
SMDDR,RIBR,all,electrical,2
SMDDR,RIMR,all,chemical,3
SMDDR,RIS,all,chemical,3
SMDDR,RIS,all,electrical,5
SMDDR,RIVL,all,chemical,1
SMDDR,RMDDR,all,electrical,1
SMDDR,RMDR,all,chemical,1
SMDDR,SIADR,all,chemical,14
SMDDR,SIADR,all,electrical,1
SMDDR,SIBDR,all,chemical,14
SMDDR,SMBDR,all,chemical,3
SMDDR,SMBDR,all,electrical,1
SMDDR,SMDDL,all,chemical,4
SMDDR,SMDVL,all,chemical,5
SMDDR,SMDVL,all,electrical,1
SMDDR,VD1,all,electrical,5
SMDVL,ALNL,all,chemical,2
SMDVL,ALNL,all,electrical,1
SMDVL,ALNR,all,chemical,6
SMDVL,CEPVR,all,chemical,1
SMDVL,IL2L,all,chemical,1
SMDVL,PLNL,all,chemical,6
SMDVL,PVR,all,chemical,1
SMDVL,RIAL,all,chemical,19
SMDVL,RIAL,all,electrical,4
SMDVL,RIAR,all,chemical,31
SMDVL,RIBR,all,chemical,1
SMDVL,RIS,all,electrical,2
SMDVL,RIVL,all,chemical,6
SMDVL,RIVL,all,electrical,2
SMDVL,RMDDR,all,chemical,3
SMDVL,RMDVL,all,electrical,5
SMDVL,RMEV,all,electrical,1
SMDVL,SAAVL,all,electrical,8
SMDVL,SIADR,all,chemical,1
SMDVL,SIAVR,all,chemical,30
SMDVL,SIBVL,all,chemical,30
SMDVL,SMDDR,all,chemical,22
SMDVL,SMDDR,all,electrical,1
SMDVL,SMDVR,all,chemical,2
SMDVL,VB1,all,electrical,6
SMDVR,ADFR,all,electrical,2
SMDVR,AIBR,all,chemical,1
SMDVR,AVAR,all,chemical,1
SMDVR,AVEL,all,electrical,1
SMDVR,AVER,all,chemical,1
SMDVR,CEPVL,all,chemical,1
SMDVR,PLNL,all,chemical,6
SMDVR,RIAL,all,chemical,24
SMDVR,RIAR,all,chemical,16
SMDVR,RIAR,all,electrical,1
SMDVR,RIML,all,chemical,1
SMDVR,RIVR,all,chemical,1
SMDVR,RIVR,all,electrical,8
SMDVR,RMDDL,all,chemical,3
SMDVR,RMDVR,all,electrical,8
SMDVR,RMED,all,chemical,9
SMDVR,SIAVL,all,chemical,30
SMDVR,SIBVR,all,chemical,30
SMDVR,SMDDL,all,chemical,14
SMDVR,SMDVL,all,chemical,1
SMDVR,VB1,all,chemical,1
URADL,IL1DL,all,chemical,4
URADL,IL2DL,all,electrical,1
URADL,RIH,all,chemical,3
URADL,RIPL,all,chemical,12
URADL,RMEL,all,chemical,8
URADR,IL1DR,all,chemical,3
URADR,IL2DR,all,electrical,1
URADR,RIPR,all,chemical,16
URADR,RMER,all,chemical,1
URADR,URYDR,all,chemical,1
URADR,URYDR,all,electrical,1
URAVL,AVER,all,chemical,1
URAVL,CEPVL,all,chemical,1
URAVL,CEPVL,all,electrical,3
URAVL,DVC,all,chemical,1
URAVL,IL1L,all,chemical,3
URAVL,IL1VL,all,chemical,6
URAVL,IL2L,all,electrical,1
URAVL,IL2VL,all,electrical,3
URAVL,PVT,all,electrical,1
URAVL,RIBL,all,chemical,1
URAVL,RIPL,all,chemical,15
URAVL,RIPL,all,electrical,1
URAVL,RMDDL,all,chemical,7
URAVL,RMDVR,all,chemical,1
URAVL,RMEL,all,chemical,8
URAVL,RMER,all,chemical,3
URAVL,RMEV,all,chemical,10
URAVR,ADAR,all,chemical,1
URAVR,IL1R,all,chemical,2
URAVR,IL1VR,all,chemical,9
URAVR,IL1VR,all,electrical,4
URAVR,IL2VR,all,chemical,3
URAVR,PVT,all,chemical,3
URAVR,RIH,all,chemical,1
URAVR,RIPR,all,chemical,13
URAVR,RMDDR,all,chemical,1
URAVR,RMDVL,all,chemical,1
URAVR,RMEL,all,chemical,1
URAVR,RMER,all,chemical,4
URAVR,RMEV,all,chemical,2
URAVR,URYVR,all,chemical,1
URBL,ADAL,all,chemical,3
URBL,ADFL,all,electrical,1
URBL,AFDL,all,electrical,9
URBL,AVBL,all,chemical,1
URBL,CEPDL,all,chemical,2
URBL,IL1L,all,chemical,10
URBL,IL1L,all,electrical,2
URBL,IL2L,all,electrical,4
URBL,OLLL,all,chemical,1
URBL,OLQDL,all,electrical,3
URBL,PVR,all,chemical,1
URBL,RICL,all,chemical,1
URBL,RICR,all,chemical,1
URBL,RMDDR,all,chemical,2
URBL,RMHR,all,chemical,5
URBL,SIADR,all,chemical,2
URBL,SIAVL,all,chemical,2
URBL,SMBDR,all,chemical,3
URBL,URBL,all,chemical,1
URBL,URXL,all,chemical,26
URBL,URYDL,all,chemical,1
URBR,ADAR,all,chemical,5
URBR,ADER,all,chemical,1
URBR,ADLR,all,chemical,2
URBR,AFDR,all,electrical,2
URBR,AVBR,all,chemical,1
URBR,AVDL,all,chemical,1
URBR,CEPDR,all,chemical,1
URBR,CEPVR,all,chemical,4
URBR,IL1DR,all,chemical,2
URBR,IL1R,all,chemical,5
URBR,IL2R,all,chemical,3
URBR,IL2R,all,electrical,4
URBR,OLLR,all,chemical,1
URBR,OLQDR,all,chemical,2
URBR,OLQDR,all,electrical,7
URBR,OLQVR,all,electrical,5
URBR,RICL,all,chemical,1
URBR,RICR,all,chemical,1
URBR,RMDL,all,chemical,1
URBR,RMDR,all,chemical,1
URBR,RMGR,all,chemical,8
URBR,SIADL,all,chemical,3
URBR,SIAVR,all,chemical,3
URBR,SIBDR,all,chemical,2
URBR,SIBVR,all,chemical,2
URBR,SMBDL,all,chemical,4
URBR,SMBVR,all,chemical,1
URBR,SMBVR,all,electrical,1
URBR,URXR,all,chemical,16
URXL,ADAL,all,chemical,6
URXL,ADFL,all,chemical,1
URXL,AIML,all,chemical,2
URXL,AIZL,all,chemical,1
URXL,ASHL,all,chemical,1
URXL,ASIL,all,chemical,1
URXL,AUAL,all,chemical,14
URXL,AVAL,all,chemical,1
URXL,AVBL,all,chemical,4
URXL,AVDR,all,chemical,1
URXL,AVEL,all,chemical,9
URXL,AVJR,all,chemical,4
URXL,BAGR,all,chemical,2
URXL,CEPDL,all,chemical,1
URXL,HSNR,all,chemical,1
URXL,IL1DL,all,chemical,2
URXL,IL2L,all,chemical,1
URXL,IL2L,all,electrical,1
URXL,OLQVL,all,chemical,2
URXL,RIAL,all,chemical,15
URXL,RICL,all,chemical,8
URXL,RID,all,chemical,1
URXL,RIGL,all,chemical,6
URXL,RIR,all,chemical,1
URXL,RMGL,all,chemical,5
URXL,RMGL,all,electrical,3
URXL,URXL,all,chemical,3
URXR,ADAR,all,chemical,1
URXR,ADFR,all,chemical,4
URXR,ADLR,all,chemical,3
URXR,AIMR,all,chemical,3
URXR,ALMR,all,chemical,1
URXR,AUAR,all,chemical,21
URXR,AUAR,all,electrical,3
URXR,AVAR,all,chemical,2
URXR,AVBL,all,chemical,2
URXR,AVBR,all,chemical,3
URXR,AVER,all,chemical,2
URXR,AWBR,all,chemical,2
URXR,CEPDR,all,chemical,1
URXR,IL2R,all,electrical,4
URXR,OLQVR,all,chemical,2
URXR,RIAR,all,chemical,20
URXR,RICR,all,chemical,3
URXR,RICR,all,electrical,1
URXR,RIFR,all,chemical,3
URXR,RIGR,all,chemical,7
URXR,RIPR,all,chemical,10
URXR,RIR,all,chemical,4
URXR,RMDDL,all,chemical,2
URXR,RMDR,all,chemical,8
URXR,RMGR,all,chemical,6
URXR,RMGR,all,electrical,5
URXR,SIADL,all,chemical,2
URXR,SIAVR,all,chemical,4
URXR,SMBVR,all,chemical,7
URXR,URBR,all,chemical,8
URYDL,AIZL,all,chemical,1
URYDL,AVAL,all,electrical,2
URYDL,AVEL,all,chemical,1
URYDL,AVER,all,chemical,9
URYDL,IL1DL,all,chemical,3
URYDL,OLLL,all,chemical,3
URYDL,OLQDL,all,chemical,2
URYDL,RIBL,all,chemical,8
URYDL,RIGL,all,electrical,4
URYDL,RMDDR,all,chemical,15
URYDL,RMDVL,all,chemical,18
URYDL,SMDDL,all,chemical,2
URYDL,SMDDR,all,chemical,3
URYDR,AVAR,all,electrical,5
URYDR,AVBL,all,chemical,1
URYDR,AVEL,all,chemical,5
URYDR,AVER,all,chemical,2
URYDR,AWCL,all,chemical,1
URYDR,CEPDR,all,chemical,3
URYDR,IL1DR,all,chemical,5
URYDR,OLQDR,all,chemical,1
URYDR,RIBR,all,chemical,1
URYDR,RIGR,all,electrical,3
URYDR,RMDDL,all,chemical,9
URYDR,RMDVR,all,chemical,12
URYDR,RMED,all,chemical,7
URYDR,SMDDL,all,chemical,11
URYDR,SMDVR,all,chemical,3
URYDR,URADR,all,electrical,1
URYDR,URXR,all,chemical,1
URYVL,ADAL,all,chemical,1
URYVL,AVAR,all,electrical,1
URYVL,AVBR,all,chemical,1
URYVL,AVDR,all,chemical,2
URYVL,AVER,all,chemical,23
URYVL,AVJR,all,chemical,1
URYVL,CEPVL,all,chemical,3
URYVL,IL1VL,all,chemical,1
URYVL,OLLL,all,chemical,9
URYVL,OLQVL,all,chemical,9
URYVL,RIAL,all,chemical,2
URYVL,RIBL,all,chemical,9
URYVL,RID,all,chemical,4
URYVL,RIGL,all,electrical,3
URYVL,RIH,all,chemical,2
URYVL,RIS,all,chemical,1
URYVL,RMDDL,all,chemical,23
URYVL,RMDVR,all,chemical,17
URYVL,SIBVL,all,chemical,1
URYVL,SIBVR,all,chemical,4
URYVL,SMDVR,all,chemical,13
URYVL,URXL,all,chemical,2
URYVR,ADAR,all,chemical,1
URYVR,AVAL,all,chemical,2
URYVR,AVAL,all,electrical,2
URYVR,AVBL,all,chemical,5
URYVR,AVEL,all,chemical,26
URYVR,AVL,all,chemical,5
URYVR,CEPVR,all,chemical,1
URYVR,IL1VR,all,chemical,3
URYVR,RIAR,all,chemical,2
URYVR,RIBR,all,chemical,19
URYVR,RMDDR,all,chemical,32
URYVR,RMDL,all,chemical,2
URYVR,RMDVL,all,chemical,19
URYVR,SIBDR,all,chemical,4
URYVR,SIBVL,all,chemical,5
URYVR,SMBDR,all,chemical,1
URYVR,SMDVL,all,chemical,11
VA1,AVAL,all,electrical,5
VA1,AVAR,all,electrical,7
VA1,DA2,all,chemical,1
VA1,DA2,all,electrical,9
VA1,DD1,all,chemical,12
VA1,VD1,all,chemical,3
VA10,AS10,all,chemical,1
VA10,AS6,all,chemical,3
VA10,AS7,all,chemical,6
VA10,AVAL,all,electrical,6
VA10,AVAR,all,electrical,4
VA10,AVDL,all,electrical,1
VA10,DA8,all,electrical,2
VA10,DB7,all,electrical,1
VA10,DD5,all,chemical,9
VA10,DD6,all,chemical,9
VA10,PVDL,all,electrical,1
VA10,VB8,all,chemical,1
VA10,VB9,all,chemical,1
VA10,VD10,all,chemical,2
VA10,VD11,all,chemical,3
VA10,VD12,all,chemical,3
VA11,AS7,all,chemical,2
VA11,AS8,all,chemical,10
VA11,AS9,all,chemical,1
VA11,AVAL,all,electrical,2
VA11,AVAR,all,electrical,16
VA11,DA9,all,electrical,3
VA11,DD6,all,chemical,19
VA11,DVA,all,electrical,1
VA11,PVCR,all,electrical,3
VA11,PVNR,all,chemical,1
VA11,VA12,all,electrical,1
VA11,VB10,all,chemical,6
VA11,VB10,all,electrical,3
VA11,VD11,all,chemical,5
VA11,VD12,all,chemical,3
VA12,AS10,all,chemical,6
VA12,AS10,all,electrical,3
VA12,AS11,all,chemical,6
VA12,AS8,all,chemical,2
VA12,AS9,all,chemical,8
VA12,AVAL,all,chemical,3
VA12,AVAR,all,electrical,3
VA12,DA8,all,chemical,9
VA12,DA8,all,electrical,6
VA12,DA9,all,chemical,17
VA12,DA9,all,electrical,1
VA12,DB7,all,chemical,10
VA12,DD6,all,chemical,2
VA12,DD6,all,electrical,7
VA12,LUAL,all,chemical,2
VA12,PHCL,all,electrical,1
VA12,PHCR,all,chemical,1
VA12,PVCL,all,chemical,3
VA12,PVCL,all,electrical,18
VA12,PVCR,all,chemical,4
VA12,PVCR,all,electrical,8
VA12,PVPL,all,electrical,1
VA12,VA11,all,chemical,4
VA12,VA11,all,electrical,1
VA12,VB11,all,chemical,4
VA12,VB11,all,electrical,7
VA12,VD12,all,chemical,7
VA12,VD12,all,electrical,8
VA12,VD13,all,chemical,12
VA12,VD13,all,electrical,6
VA2,AVAL,all,chemical,1
VA2,AVAL,all,electrical,13
VA2,DA3,all,electrical,1
VA2,DD1,all,chemical,20
VA2,PLNR,all,electrical,2
VA2,SABD,all,electrical,12
VA2,VA1,all,chemical,2
VA2,VA3,all,chemical,2
VA2,VA6,all,electrical,1
VA2,VB1,all,chemical,1
VA2,VB2,all,chemical,1
VA2,VD1,all,chemical,1
VA2,VD2,all,chemical,27
VA2,VD2,all,electrical,1
VA3,AS1,all,electrical,3
VA3,AS2,all,electrical,2
VA3,AVAL,all,electrical,6
VA3,AVAR,all,electrical,3
VA3,DA4,all,electrical,1
VA3,DD1,all,chemical,18
VA3,DD2,all,chemical,10
VA3,SABD,all,electrical,2
VA3,VA4,all,chemical,2
VA3,VB2,all,chemical,1
VA3,VB3,all,chemical,3
VA3,VD2,all,chemical,3
VA3,VD3,all,chemical,11
VA3,VD3,all,electrical,1
VA4,AS2,all,electrical,9
VA4,AVAL,all,electrical,6
VA4,AVAR,all,chemical,1
VA4,AVAR,all,electrical,3
VA4,AVDL,all,chemical,1
VA4,AVER,all,chemical,1
VA4,DD2,all,chemical,17
VA4,VA7,all,electrical,1
VA4,VB3,all,chemical,8
VA4,VB3,all,electrical,1
VA4,VB4,all,chemical,1
VA4,VD4,all,chemical,8
VA5,AS1,all,electrical,3
VA5,AVAR,all,electrical,5
VA5,DA2,all,electrical,3
VA5,DD2,all,chemical,6
VA5,DD3,all,chemical,17
VA5,VA6,all,chemical,2
VA5,VB4,all,chemical,1
VA5,VD5,all,chemical,9
VA6,AS1,all,chemical,13
VA6,AS2,all,chemical,1
VA6,AVAL,all,electrical,13
VA6,AVAR,all,chemical,1
VA6,DA3,all,electrical,1
VA6,DD3,all,chemical,21
VA6,VA2,all,electrical,1
VA6,VA5,all,chemical,2
VA6,VB4,all,chemical,1
VA6,VB5,all,chemical,7
VA6,VD5,all,chemical,3
VA6,VD6,all,chemical,6
VA7,AS1,all,chemical,1
VA7,AS2,all,chemical,10
VA7,AS3,all,chemical,3
VA7,AVAL,all,electrical,2
VA7,AVAR,all,electrical,5
VA7,DD3,all,chemical,3
VA7,DD4,all,chemical,17
VA7,VA4,all,electrical,1
VA7,VB6,all,chemical,1
VA7,VD6,all,chemical,2
VA7,VD7,all,chemical,13
VA8,AS2,all,chemical,1
VA8,AS3,all,chemical,4
VA8,AS4,all,chemical,11
VA8,AS5,all,chemical,3
VA8,AVAL,all,electrical,2
VA8,AVAR,all,electrical,2
VA8,DD4,all,chemical,9
VA8,DD5,all,chemical,9
VA8,VB6,all,chemical,1
VA8,VD7,all,chemical,2
VA8,VD8,all,chemical,3
VA8,VD9,all,chemical,3
VA9,AS6,all,chemical,5
VA9,AS7,all,chemical,3
VA9,AVAL,all,electrical,5
VA9,AVAR,all,electrical,5
VA9,DD4,all,chemical,6
VA9,DD5,all,chemical,6
VA9,DD6,all,chemical,6
VA9,PVCR,all,electrical,3
VA9,VB7,all,chemical,1
VA9,VB8,all,chemical,1
VA9,VB8,all,electrical,3
VA9,VD10,all,chemical,3
VA9,VD11,all,chemical,3
VA9,VD9,all,chemical,2
VB1,ADAL,all,chemical,5
VB1,AIBR,all,chemical,2
VB1,AVBL,all,electrical,1
VB1,AVFR,all,electrical,1
VB1,DB2,all,electrical,1
VB1,DD1,all,chemical,1
VB1,RIML,all,chemical,10
VB1,RMFL,all,chemical,10
VB1,SAADL,all,chemical,18
VB1,SAADR,all,chemical,5
VB1,SAAVR,all,electrical,1
VB1,SABD,all,chemical,1
VB1,SABD,all,electrical,3
VB1,SMBVL,all,chemical,3
VB1,SMDVL,all,electrical,6
VB1,VA1,all,chemical,7
VB1,VA2,all,chemical,2
VB1,VA3,all,chemical,2
VB1,VA4,all,chemical,2
VB1,VB2,all,chemical,1
VB1,VB2,all,electrical,2
VB1,VD1,all,chemical,4
VB1,VD2,all,chemical,2
VB10,AVBL,all,electrical,4
VB10,AVKL,all,electrical,1
VB10,DD6,all,chemical,19
VB10,PDEL,all,electrical,1
VB10,PDER,all,electrical,4
VB10,PVCL,all,electrical,2
VB10,PVCR,all,electrical,1
VB10,PVT,all,chemical,1
VB10,VA11,all,chemical,3
VB10,VA11,all,electrical,3
VB10,VB9,all,electrical,5
VB10,VD11,all,chemical,7
VB10,VD11,all,electrical,1
VB10,VD12,all,chemical,6
VB10,VD12,all,electrical,1
VB11,AS11,all,electrical,1
VB11,AVAL,all,electrical,2
VB11,AVBL,all,electrical,5
VB11,AVBR,all,electrical,6
VB11,AVKL,all,electrical,1
VB11,DA9,all,electrical,1
VB11,DD6,all,chemical,19
VB11,PVCL,all,electrical,4
VB11,PVCR,all,chemical,1
VB11,PVCR,all,electrical,2
VB11,PVWL,all,chemical,1
VB11,PVWR,all,chemical,1
VB11,VA12,all,chemical,5
VB11,VA12,all,electrical,7
VB11,VD12,all,chemical,2
VB11,VD12,all,electrical,1
VB11,VD13,all,chemical,22
VB2,AVBL,all,electrical,14
VB2,AVBR,all,electrical,6
VB2,AVEL,all,chemical,1
VB2,DD1,all,chemical,30
VB2,DD2,all,chemical,1
VB2,VA2,all,chemical,5
VB2,VA3,all,chemical,11
VB2,VB1,all,electrical,2
VB2,VB3,all,electrical,10
VB2,VB4,all,electrical,1
VB2,VB7,all,electrical,1
VB2,VC2,all,chemical,1
VB2,VD2,all,chemical,14
VB2,VD3,all,chemical,4
VB3,AVBR,all,electrical,7
VB3,DB1,all,electrical,5
VB3,DD2,all,chemical,36
VB3,VA4,all,chemical,10
VB3,VA4,all,electrical,1
VB3,VA5,all,chemical,1
VB3,VB2,all,electrical,10
VB3,VB4,all,electrical,1
VB3,VD3,all,chemical,4
VB3,VD4,all,chemical,6
VB4,AVBL,all,electrical,3
VB4,AVBR,all,electrical,5
VB4,AVG,all,chemical,1
VB4,DB2,all,electrical,1
VB4,DD2,all,chemical,7
VB4,DD3,all,chemical,13
VB4,VA4,all,chemical,1
VB4,VA5,all,chemical,1
VB4,VB2,all,electrical,1
VB4,VB3,all,electrical,1
VB4,VB5,all,chemical,1
VB4,VB5,all,electrical,1
VB4,VD4,all,chemical,1
VB4,VD5,all,chemical,3
VB5,AVBL,all,electrical,3
VB5,AVBR,all,electrical,3
VB5,DD3,all,chemical,34
VB5,VA6,all,chemical,2
VB5,VB4,all,electrical,1
VB5,VB6,all,electrical,5
VB5,VD6,all,chemical,10
VB6,AVBL,all,electrical,3
VB6,AVBR,all,electrical,4
VB6,DB3,all,electrical,1
VB6,DD4,all,chemical,32
VB6,DVA,all,chemical,1
VB6,PVNR,all,chemical,1
VB6,VA7,all,chemical,3
VB6,VA8,all,chemical,2
VB6,VB5,all,electrical,5
VB6,VB7,all,chemical,1
VB6,VB7,all,electrical,5
VB6,VD6,all,chemical,1
VB6,VD7,all,chemical,22
VB7,AVBL,all,electrical,4
VB7,AVBR,all,electrical,3
VB7,DB4,all,electrical,1
VB7,DD4,all,chemical,11
VB7,DD5,all,chemical,29
VB7,VA10,all,chemical,1
VB7,VA9,all,chemical,1
VB7,VB2,all,electrical,1
VB7,VB6,all,electrical,5
VB7,VB8,all,electrical,5
VB7,VD8,all,chemical,5
VB7,VD9,all,chemical,6
VB8,AVBL,all,electrical,4
VB8,AVBR,all,electrical,4
VB8,DD5,all,chemical,10
VB8,DD6,all,chemical,19
VB8,VA11,all,chemical,2
VB8,VA9,all,electrical,3
VB8,VB7,all,electrical,5
VB8,VB9,all,electrical,5
VB8,VD10,all,chemical,6
VB8,VD9,all,chemical,5
VB9,AVBL,all,electrical,4
VB9,AVBR,all,electrical,4
VB9,DD5,all,chemical,10
VB9,DD6,all,chemical,19
VB9,PDER,all,electrical,7
VB9,VA11,all,chemical,2
VB9,VB10,all,electrical,5
VB9,VB8,all,electrical,5
VB9,VD10,all,chemical,5
VB9,VD11,all,chemical,6
VC1,AVFL,all,chemical,1
VC1,AVL,all,chemical,2
VC1,DD1,all,chemical,6
VC1,DD1,all,electrical,1
VC1,DD2,all,chemical,8
VC1,DD3,all,chemical,8
VC1,DVC,all,chemical,1
VC1,PVPR,all,chemical,1
VC1,PVPR,all,electrical,1
VC1,PVT,all,chemical,4
VC1,VC2,all,chemical,4
VC1,VC2,all,electrical,12
VC1,VC3,all,chemical,2
VC1,VC3,all,electrical,7
VC1,VD1,all,chemical,5
VC1,VD1,all,electrical,1
VC1,VD2,all,chemical,1
VC1,VD3,all,chemical,2
VC1,VD4,all,chemical,4
VC1,VD5,all,chemical,4
VC1,VD6,all,chemical,1
VC2,DB4,all,chemical,1
VC2,DD1,all,chemical,6
VC2,DD2,all,chemical,4
VC2,DD3,all,chemical,8
VC2,DD4,all,electrical,2
VC2,DVC,all,chemical,3
VC2,PVCL,all,chemical,1
VC2,PVPR,all,chemical,1
VC2,PVQR,all,chemical,1
VC2,PVT,all,chemical,6
VC2,PVT,all,electrical,1
VC2,VC1,all,chemical,3
VC2,VC1,all,electrical,12
VC2,VC2,all,electrical,1
VC2,VC3,all,chemical,4
VC2,VC3,all,electrical,3
VC2,VD1,all,chemical,2
VC2,VD1,all,electrical,1
VC2,VD2,all,chemical,3
VC2,VD4,all,chemical,6
VC2,VD5,all,chemical,4
VC2,VD6,all,chemical,2
VC3,AVBL,all,chemical,1
VC3,AVJL,all,chemical,1
VC3,AVL,all,chemical,1
VC3,DD1,all,chemical,1
VC3,DD2,all,chemical,3
VC3,DD3,all,chemical,5
VC3,DD4,all,chemical,16
VC3,DD4,all,electrical,2
VC3,HSNR,all,chemical,1
VC3,PVNR,all,chemical,1
VC3,PVPR,all,chemical,2
VC3,PVQR,all,chemical,2
VC3,PVT,all,chemical,5
VC3,PVT,all,electrical,1
VC3,SABVL,all,chemical,1
VC3,VB2,all,chemical,1
VC3,VB4,all,chemical,1
VC3,VC1,all,chemical,5
VC3,VC1,all,electrical,7
VC3,VC2,all,chemical,2
VC3,VC2,all,electrical,3
VC3,VC4,all,electrical,4
VC3,VD1,all,chemical,2
VC3,VD2,all,chemical,1
VC3,VD3,all,chemical,2
VC3,VD4,all,chemical,3
VC3,VD5,all,chemical,3
VC3,VD6,all,chemical,5
VC3,VD7,all,chemical,8
VC4,AVBR,all,chemical,1
VC4,AVFL,all,electrical,1
VC4,AVFR,all,electrical,1
VC4,AVHR,all,chemical,1
VC4,VC3,all,chemical,1
VC4,VC3,all,electrical,4
VC4,VC5,all,chemical,2
VC4,VC5,all,electrical,4
VC5,AVFL,all,chemical,2
VC5,AVFL,all,electrical,1
VC5,AVFR,all,chemical,1
VC5,AVFR,all,electrical,1
VC5,DVC,all,chemical,3
VC5,DVC,all,electrical,1
VC5,HSNL,all,chemical,1
VC5,HSNR,all,chemical,3
VC5,PVR,all,chemical,1
VC5,PVT,all,chemical,1
VC5,PVT,all,electrical,2
VC5,VC4,all,chemical,4
VC5,VC4,all,electrical,4
VC5,VC5,all,chemical,6
VC5,VC5,all,electrical,4
VC5,VC6,all,electrical,4
VC6,AVG,all,chemical,2
VC6,AVL,all,chemical,4
VC6,DD6,all,chemical,6
VC6,DVC,all,electrical,1
VC6,PVNR,all,chemical,4
VC6,PVT,all,electrical,2
VC6,VC5,all,electrical,4
VC6,VD11,all,chemical,10
VC6,VD12,all,chemical,7
VD1,DD1,all,chemical,2
VD1,DD1,all,electrical,1
VD1,DVC,all,electrical,2
VD1,RIFL,all,electrical,1
VD1,RIGL,all,electrical,3
VD1,RIGR,all,electrical,2
VD1,SMDDR,all,electrical,5
VD1,VA1,all,chemical,8
VD1,VB1,all,chemical,5
VD1,VC1,all,electrical,1
VD1,VC2,all,electrical,1
VD1,VD2,all,electrical,4
VD10,DD5,all,electrical,2
VD10,VA10,all,chemical,2
VD10,VB9,all,chemical,1
VD10,VD11,all,electrical,6
VD10,VD9,all,electrical,6
VD11,AVAR,all,chemical,2
VD11,AVAR,all,electrical,1
VD11,AVL,all,electrical,1
VD11,DD5,all,electrical,1
VD11,DD6,all,chemical,2
VD11,DD6,all,electrical,3
VD11,DVC,all,electrical,1
VD11,PVT,all,chemical,1
VD11,PVT,all,electrical,3
VD11,VA11,all,chemical,2
VD11,VB10,all,chemical,1
VD11,VB10,all,electrical,1
VD11,VD10,all,electrical,6
VD11,VD12,all,electrical,6
VD12,AVFL,all,electrical,3
VD12,AVHL,all,electrical,8
VD12,AVHR,all,electrical,13
VD12,AVL,all,electrical,2
VD12,DD6,all,chemical,2
VD12,DD6,all,electrical,14
VD12,PVPR,all,electrical,35
VD12,PVT,all,electrical,4
VD12,VA11,all,chemical,3
VD12,VA12,all,chemical,13
VD12,VA12,all,electrical,8
VD12,VB10,all,electrical,1
VD12,VB11,all,chemical,1
VD12,VB11,all,electrical,1
VD12,VC6,all,chemical,1
VD12,VD11,all,electrical,6
VD12,VD13,all,electrical,6
VD13,AVAR,all,chemical,2
VD13,AVL,all,electrical,5
VD13,DA9,all,electrical,2
VD13,DD6,all,chemical,3
VD13,DD6,all,electrical,2
VD13,DVB,all,electrical,5
VD13,DVC,all,electrical,1
VD13,PDB,all,electrical,4
VD13,PVCL,all,electrical,1
VD13,PVCR,all,chemical,1
VD13,PVNR,all,electrical,1
VD13,PVPL,all,electrical,11
VD13,PVR,all,electrical,1
VD13,PVT,all,electrical,17
VD13,PVWL,all,chemical,1
VD13,PVWL,all,electrical,1
VD13,PVWR,all,electrical,2
VD13,VA12,all,chemical,11
VD13,VA12,all,electrical,6
VD13,VD12,all,chemical,1
VD13,VD12,all,electrical,6
VD13,VD13,all,chemical,2
VD2,AS1,all,chemical,1
VD2,AVEL,all,chemical,1
VD2,DD1,all,chemical,1
VD2,DD1,all,electrical,3
VD2,VA2,all,chemical,12
VD2,VA2,all,electrical,1
VD2,VB2,all,chemical,4
VD2,VD1,all,electrical,4
VD2,VD2,all,electrical,3
VD2,VD3,all,electrical,7
VD3,DD1,all,chemical,6
VD3,DD1,all,electrical,4
VD3,DD2,all,electrical,1
VD3,VA3,all,chemical,4
VD3,VA3,all,electrical,1
VD3,VB2,all,chemical,2
VD3,VB3,all,chemical,1
VD3,VD2,all,electrical,7
VD3,VD4,all,electrical,6
VD4,DD2,all,electrical,2
VD4,VA4,all,chemical,1
VD4,VB3,all,chemical,2
VD4,VD3,all,electrical,6
VD4,VD5,all,electrical,1
VD5,AVAR,all,chemical,1
VD5,DD2,all,electrical,1
VD5,DD3,all,chemical,1
VD5,DD3,all,electrical,1
VD5,VA5,all,chemical,2
VD5,VA6,all,chemical,1
VD5,VB1,all,chemical,1
VD5,VB4,all,chemical,2
VD5,VD4,all,electrical,1
VD5,VD6,all,electrical,10
VD6,AVAL,all,chemical,1
VD6,DD3,all,chemical,6
VD6,DD3,all,electrical,2
VD6,PDEL,all,electrical,2
VD6,PVNR,all,chemical,1
VD6,VA6,all,chemical,3
VD6,VB5,all,chemical,1
VD6,VD5,all,electrical,10
VD6,VD7,all,electrical,15
VD7,DD3,all,electrical,1
VD7,DD4,all,chemical,1
VD7,DD4,all,electrical,1
VD7,VA7,all,chemical,2
VD7,VB6,all,chemical,2
VD7,VB7,all,chemical,1
VD7,VD6,all,electrical,15
VD7,VD8,all,electrical,6
VD8,DD4,all,chemical,5
VD8,DD4,all,electrical,2
VD8,PVT,all,chemical,1
VD8,VA8,all,chemical,2
VD8,VA9,all,chemical,1
VD8,VB7,all,chemical,2
VD8,VD7,all,electrical,6
VD8,VD9,all,electrical,6
VD9,DD4,all,electrical,1
VD9,DD5,all,electrical,1
VD9,PDER,all,electrical,5
VD9,PVDR,all,electrical,1
VD9,PVM,all,electrical,1
VD9,VA9,all,chemical,3
VD9,VB8,all,chemical,2
VD9,VD10,all,electrical,6
VD9,VD8,all,electrical,6
