neuron_id,super_class,class,cell_type,side,nt_type,nt_score
720575940600000655,sensory,visual,R1-6,left,HA,0.64
720575940600001415,sensory,visual,R1-6,left,HA,0.71
720575940600001644,sensory,visual,R1-6,left,HA,0.65
720575940600001749,sensory,visual,R1-6,left,HA,0.86
720575940600002663,sensory,visual,R1-6,left,HA,0.81
720575940600003268,sensory,visual,R1-6,left,HA,0.76
720575940600003299,sensory,visual,R1-6,left,HA,0.64
720575940600003538,sensory,visual,R1-6,left,HA,0.8
720575940600003566,sensory,visual,R1-6,left,HA,0.82
720575940600004300,sensory,visual,R1-6,left,HA,0.85
720575940600004859,sensory,visual,R1-6,left,HA,0.76
720575940600005319,sensory,visual,R1-6,left,HA,0.83
720575940600006148,sensory,visual,R1-6,left,HA,0.94
720575940600006926,sensory,visual,R1-6,left,HA,0.91
720575940600007641,sensory,visual,R1-6,left,HA,0.76
720575940600007926,sensory,visual,R1-6,left,HA,0.66
720575940600008907,sensory,visual,R1-6,left,HA,0.9
720575940600009012,sensory,visual,R1-6,left,HA,0.64
720575940600009112,sensory,visual,R1-6,left,HA,0.74
720575940600009465,sensory,visual,R1-6,left,HA,0.84
720575940600010292,sensory,visual,R1-6,left,HA,0.62
720575940600010763,sensory,visual,R1-6,left,HA,0.81
720575940600011760,sensory,visual,R1-6,left,HA,0.96
720575940600011841,sensory,visual,R1-6,left,HA,0.82
720575940600012691,sensory,visual,R1-6,left,HA,0.85
720575940600013598,sensory,visual,R1-6,left,HA,0.94
720575940600014190,sensory,visual,R1-6,left,HA,0.67
720575940600014262,sensory,visual,R1-6,left,HA,0.62
720575940600014496,sensory,visual,R1-6,left,HA,0.9
720575940600014578,sensory,visual,R1-6,left,HA,0.93
720575940600015466,sensory,visual,R1-6,left,HA,0.64
720575940600015751,sensory,visual,R1-6,left,HA,0.78
720575940600016606,sensory,visual,R1-6,left,HA,0.74
720575940600016986,sensory,visual,R1-6,left,HA,0.74
720575940600017673,sensory,visual,R1-6,left,HA,0.7
720575940600018633,sensory,visual,R1-6,left,HA,0.87
720575940600018707,sensory,visual,R1-6,left,HA,0.84
720575940600018883,sensory,visual,R1-6,left,HA,0.81
720575940600019134,sensory,visual,R1-6,left,HA,0.66
720575940600019523,sensory,visual,R1-6,left,HA,0.71
720575940600020471,sensory,visual,R1-6,left,HA,0.85
720575940600021042,sensory,visual,R1-6,left,HA,0.69
720575940600021375,sensory,visual,R1-6,left,HA,0.93
720575940600022170,sensory,visual,R1-6,left,HA,0.62
720575940600023012,sensory,visual,R1-6,left,HA,0.61
720575940600023336,sensory,visual,R1-6,left,HA,0.76
720575940600023404,sensory,visual,R1-6,left,HA,0.68
720575940600024370,sensory,visual,R1-6,left,HA,0.82
720575940600025106,sensory,visual,R1-6,left,HA,0.72
720575940600025778,sensory,visual,R1-6,left,HA,0.79
720575940600026684,sensory,visual,R1-6,left,HA,0.96
720575940600027154,sensory,visual,R1-6,left,HA,0.66
720575940600027297,sensory,visual,R1-6,left,HA,0.7
720575940600027872,sensory,visual,R1-6,left,HA,0.81
720575940600028637,sensory,visual,R1-6,left,HA,0.83
720575940600029557,sensory,visual,R1-6,left,HA,0.83
720575940600029928,sensory,visual,R1-6,left,HA,0.69
720575940600030070,sensory,visual,R1-6,left,HA,0.8
720575940600030164,sensory,visual,R1-6,left,HA,0.89
720575940600031046,sensory,visual,R1-6,left,HA,0.64
720575940600031689,sensory,visual,R1-6,left,HA,0.66
720575940600032386,sensory,visual,R1-6,left,HA,0.76
720575940600032452,sensory,visual,R1-6,left,HA,0.75
720575940600033063,sensory,visual,R1-6,left,HA,0.99
720575940600033605,sensory,visual,R1-6,left,HA,0.7
720575940600034172,sensory,visual,R1-6,left,HA,0.94
720575940600034184,sensory,visual,R1-6,left,HA,0.87
720575940600034302,sensory,visual,R1-6,left,HA,0.87
720575940600034852,sensory,visual,R1-6,left,HA,0.89
720575940600035640,sensory,visual,R1-6,left,HA,0.85
720575940600035755,sensory,visual,R1-6,left,HA,0.71
720575940600035917,sensory,visual,R1-6,left,HA,0.78
720575940600036894,sensory,visual,R1-6,left,HA,0.88
720575940600037631,sensory,visual,R1-6,left,HA,0.7
720575940600038144,sensory,visual,R1-6,left,HA,0.9
720575940600038664,sensory,visual,R1-6,left,HA,0.96
720575940600039556,sensory,visual,R1-6,left,HA,0.84
720575940600040418,sensory,visual,R1-6,left,HA,0.85
720575940600041042,sensory,visual,R1-6,left,HA,0.68
720575940600041425,sensory,visual,R1-6,left,HA,0.9
720575940600041978,sensory,visual,R1-6,left,HA,0.97
720575940600042923,sensory,visual,R1-6,left,HA,0.81
720575940600042924,sensory,visual,R1-6,left,HA,0.83
720575940600043425,sensory,visual,R1-6,left,HA,0.61
720575940600044377,sensory,visual,R1-6,left,HA,0.74
720575940600045229,sensory,visual,R1-6,left,HA,0.91
720575940600045475,sensory,visual,R1-6,left,HA,0.62
720575940600046375,sensory,visual,R1-6,left,HA,0.82
720575940600046456,sensory,visual,R1-6,left,HA,0.63
720575940600046954,sensory,visual,R1-6,left,HA,0.92
720575940600047733,sensory,visual,R1-6,left,HA,0.81
720575940600047862,sensory,visual,R1-6,left,HA,0.65
720575940600048349,sensory,visual,R1-6,left,HA,0.97
720575940600048519,sensory,visual,R1-6,left,HA,0.7
720575940600049413,sensory,visual,R1-6,left,HA,0.84
720575940600050401,sensory,visual,R1-6,left,HA,0.68
720575940600050954,sensory,visual,R1-6,left,HA,0.89
720575940600051661,sensory,visual,R1-6,left,HA,0.68
720575940600051981,sensory,visual,R1-6,left,HA,0.76
720575940600052669,sensory,visual,R1-6,left,HA,0.85
720575940600053118,sensory,visual,R1-6,left,HA,0.95
720575940600053581,sensory,visual,R1-6,left,HA,0.65
720575940600053812,sensory,visual,R1-6,left,HA,0.62
720575940600053834,sensory,visual,R1-6,left,HA,0.83
720575940600054070,sensory,visual,R1-6,left,HA,0.83
720575940600054078,sensory,visual,R1-6,left,HA,0.63
720575940600054725,sensory,visual,R1-6,left,HA,0.62
720575940600054795,sensory,visual,R1-6,left,HA,0.95
720575940600055676,sensory,visual,R1-6,left,HA,0.73
720575940600056203,sensory,visual,R1-6,left,HA,0.69
720575940600056889,sensory,visual,R1-6,left,HA,0.79
720575940600057442,sensory,visual,R1-6,left,HA,0.65
720575940600058400,sensory,visual,R1-6,left,HA,0.94
720575940600058991,sensory,visual,R1-6,left,HA,0.78
720575940600059795,sensory,visual,R1-6,left,HA,0.78
720575940600060212,sensory,visual,R1-6,left,HA,0.67
720575940600060312,sensory,visual,R1-6,left,HA,0.86
720575940600060675,sensory,visual,R1-6,left,HA,0.77
720575940600061154,sensory,visual,R1-6,left,HA,0.94
720575940600061210,sensory,visual,R1-6,left,HA,0.86
720575940600061872,sensory,visual,R1-6,right,HA,0.64
720575940600062285,sensory,visual,R1-6,right,HA,0.88
720575940600063105,sensory,visual,R1-6,right,HA,0.94
720575940600063360,sensory,visual,R1-6,right,HA,0.67
720575940600063910,sensory,visual,R1-6,right,HA,0.77
720575940600064343,sensory,visual,R1-6,right,HA,0.67
720575940600064817,sensory,visual,R1-6,right,HA,0.7
720575940600065763,sensory,visual,R1-6,right,HA,0.63
720575940600066591,sensory,visual,R1-6,right,HA,0.94
720575940600067155,sensory,visual,R1-6,right,HA,0.64
720575940600067823,sensory,visual,R1-6,right,HA,0.99
720575940600068680,sensory,visual,R1-6,right,HA,0.61
720575940600068776,sensory,visual,R1-6,right,HA,0.96
720575940600069646,sensory,visual,R1-6,right,HA,0.69
720575940600070063,sensory,visual,R1-6,right,HA,0.79
720575940600070282,sensory,visual,R1-6,right,HA,0.94
720575940600071207,sensory,visual,R1-6,right,HA,0.62
720575940600071596,sensory,visual,R1-6,right,HA,0.6
720575940600071996,sensory,visual,R1-6,right,HA,0.7
720575940600072799,sensory,visual,R1-6,right,HA,0.91
720575940600073092,sensory,visual,R1-6,right,HA,0.76
720575940600074073,sensory,visual,R1-6,right,HA,0.88
720575940600074876,sensory,visual,R1-6,right,HA,0.82
720575940600075612,sensory,visual,R1-6,right,HA,0.79
720575940600075807,sensory,visual,R1-6,right,HA,0.72
720575940600076799,sensory,visual,R1-6,right,HA,0.62
720575940600077553,sensory,visual,R1-6,right,HA,0.81
720575940600078319,sensory,visual,R1-6,right,HA,0.72
720575940600078371,sensory,visual,R1-6,right,HA,0.83
720575940600078886,sensory,visual,R1-6,right,HA,0.96
720575940600079430,sensory,visual,R1-6,right,HA,0.66
720575940600080414,sensory,visual,R1-6,right,HA,0.8
720575940600081286,sensory,visual,R1-6,right,HA,0.67
720575940600081896,sensory,visual,R1-6,right,HA,0.63
720575940600082779,sensory,visual,R1-6,right,HA,0.69
720575940600082902,sensory,visual,R1-6,right,HA,0.97
720575940600083486,sensory,visual,R1-6,right,HA,0.7
720575940600084095,sensory,visual,R1-6,right,HA,0.62
720575940600084179,sensory,visual,R1-6,right,HA,0.76
720575940600084777,sensory,visual,R1-6,right,HA,0.82
720575940600085101,sensory,visual,R1-6,right,HA,0.96
720575940600085311,sensory,visual,R1-6,right,HA,0.86
720575940600085633,sensory,visual,R1-6,right,HA,0.69
720575940600086039,sensory,visual,R1-6,right,HA,0.65
720575940600086700,sensory,visual,R1-6,right,HA,0.72
720575940600087024,sensory,visual,R1-6,right,HA,0.96
720575940600087983,sensory,visual,R1-6,right,HA,0.63
720575940600088453,sensory,visual,R1-6,right,HA,0.84
720575940600089030,sensory,visual,R1-6,right,HA,0.99
720575940600089106,sensory,visual,R1-6,right,HA,0.81
720575940600089625,sensory,visual,R1-6,right,HA,0.7
720575940600090581,sensory,visual,R1-6,right,HA,0.74
720575940600090652,sensory,visual,R1-6,right,HA,0.94
720575940600091031,sensory,visual,R1-6,right,HA,0.71
720575940600091480,sensory,visual,R1-6,right,HA,0.93
720575940600092201,sensory,visual,R1-6,right,HA,0.72
720575940600093028,sensory,visual,R1-6,right,HA,0.86
720575940600093037,sensory,visual,R1-6,right,HA,0.86
720575940600093605,sensory,visual,R1-6,right,HA,0.72
720575940600094285,sensory,visual,R1-6,right,HA,0.64
720575940600095185,sensory,visual,R1-6,right,HA,0.65
720575940600095304,sensory,visual,R1-6,right,HA,0.95
720575940600096065,sensory,visual,R1-6,right,HA,0.82
720575940600096344,sensory,visual,R1-6,right,HA,0.71
720575940600096560,sensory,visual,R1-6,right,HA,0.88
720575940600096769,sensory,visual,R1-6,right,HA,0.87
720575940600097643,sensory,visual,R1-6,right,HA,0.7
720575940600098144,sensory,visual,R1-6,right,HA,0.7
720575940600099074,sensory,visual,R1-6,right,HA,0.93
720575940600099169,sensory,visual,R1-6,right,HA,0.85
720575940600100019,sensory,visual,R1-6,right,HA,0.71
720575940600100023,sensory,visual,R1-6,right,HA,0.73
720575940600100157,sensory,visual,R1-6,right,HA,0.85
720575940600100426,sensory,visual,R1-6,right,HA,0.66
720575940600100879,sensory,visual,R1-6,right,HA,0.82
720575940600101317,sensory,visual,R1-6,right,HA,0.82
720575940600101432,sensory,visual,R1-6,right,HA,0.63
720575940600102337,sensory,visual,R1-6,right,HA,0.87
720575940600102490,sensory,visual,R1-6,right,HA,0.81
720575940600103345,sensory,visual,R1-6,right,HA,0.74
720575940600103911,sensory,visual,R1-6,right,HA,0.66
720575940600104042,sensory,visual,R1-6,right,HA,0.62
720575940600104416,sensory,visual,R1-6,right,HA,0.95
720575940600105232,sensory,visual,R1-6,right,HA,0.98
720575940600105273,sensory,visual,R1-6,right,HA,0.95
720575940600105489,sensory,visual,R1-6,right,HA,0.87
720575940600106172,sensory,visual,R1-6,right,HA,0.64
720575940600106971,sensory,visual,R1-6,right,HA,0.82
720575940600107867,sensory,visual,R1-6,right,HA,0.76
720575940600108503,sensory,visual,R1-6,right,HA,0.89
720575940600109451,sensory,visual,R1-6,right,HA,0.96
720575940600110337,sensory,visual,R1-6,right,HA,0.66
720575940600111157,sensory,visual,R1-6,right,HA,0.92
720575940600112060,sensory,visual,R1-6,right,HA,0.76
720575940600112244,sensory,visual,R1-6,right,HA,0.89
720575940600112585,sensory,visual,R1-6,right,HA,0.91
720575940600113007,sensory,visual,R1-6,right,HA,0.91
720575940600113892,sensory,visual,R1-6,right,HA,0.89
720575940600114147,sensory,visual,R1-6,right,HA,0.7
720575940600114954,sensory,visual,R1-6,right,HA,0.87
720575940600115346,sensory,visual,R1-6,right,HA,0.94
720575940600116226,sensory,visual,R1-6,right,HA,0.78
720575940600116431,sensory,visual,R1-6,right,HA,0.92
720575940600116903,sensory,visual,R1-6,right,HA,0.74
720575940600117744,sensory,visual,R1-6,right,HA,0.91
720575940600117978,sensory,visual,R1-6,right,HA,0.69
720575940600118654,sensory,visual,R1-6,right,HA,0.68
720575940600118991,sensory,visual,R1-6,right,HA,0.71
720575940600119063,sensory,visual,R1-6,right,HA,0.98
720575940600119349,sensory,visual,R1-6,right,HA,0.74
720575940600119871,sensory,visual,R1-6,right,HA,0.76
720575940600120735,sensory,visual,R1-6,right,HA,0.81
720575940600121697,sensory,visual,R1-6,right,HA,0.61
720575940600122596,sensory,visual,R1-6,right,HA,0.98
720575940600122779,sensory,visual,R1-6,right,HA,0.83
720575940600123051,sensory,visual,R1-6,right,HA,0.61
720575940600123662,sensory,visual,R1-6,right,HA,0.77
720575940600124409,sensory,visual,R1-6,right,HA,0.91
720575940600124856,sensory,visual,R1-6,right,HA,0.84
720575940600125380,sensory,visual,R1-6,right,HA,0.65
720575940600126302,optic,lamina,L1,left,GLUT,0.82
720575940600126563,optic,lamina,L1,left,GLUT,0.62
720575940600127010,optic,lamina,L1,left,GLUT,0.6
720575940600127958,optic,lamina,L1,left,GLUT,0.91
720575940600128662,optic,lamina,L1,left,GLUT,0.88
720575940600129422,optic,lamina,L1,left,GLUT,0.89
720575940600129624,optic,lamina,L1,left,GLUT,0.74
720575940600129696,optic,lamina,L1,left,GLUT,0.97
720575940600130639,optic,lamina,L1,left,GLUT,0.73
720575940600130961,optic,lamina,L1,left,GLUT,0.86
720575940600131089,optic,lamina,L1,left,GLUT,0.88
720575940600131397,optic,lamina,L1,left,GLUT,0.8
720575940600132080,optic,lamina,L1,left,GLUT,0.76
720575940600132493,optic,lamina,L1,left,GLUT,0.87
720575940600133061,optic,lamina,L1,left,GLUT,0.65
720575940600133492,optic,lamina,L1,left,GLUT,0.86
720575940600133881,optic,lamina,L1,left,GLUT,0.86
720575940600134806,optic,lamina,L1,left,GLUT,0.67
720575940600135389,optic,lamina,L1,left,GLUT,0.72
720575940600135951,optic,lamina,L1,left,GLUT,0.93
720575940600136263,optic,lamina,L1,left,GLUT,0.71
720575940600136704,optic,lamina,L1,left,GLUT,0.91
720575940600137326,optic,lamina,L1,left,GLUT,0.86
720575940600137803,optic,lamina,L1,left,GLUT,0.77
720575940600138495,optic,lamina,L1,left,GLUT,0.68
720575940600138980,optic,lamina,L1,left,GLUT,0.91
720575940600139963,optic,lamina,L1,left,GLUT,0.91
720575940600140137,optic,lamina,L1,left,GLUT,0.86
720575940600140428,optic,lamina,L1,left,GLUT,0.8
720575940600141077,optic,lamina,L1,left,GLUT,0.84
720575940600141173,optic,lamina,L1,left,GLUT,0.92
720575940600141943,optic,lamina,L1,left,GLUT,0.69
720575940600142261,optic,lamina,L1,left,GLUT,0.69
720575940600142465,optic,lamina,L1,left,GLUT,0.66
720575940600142513,optic,lamina,L1,left,GLUT,0.7
720575940600143000,optic,lamina,L1,left,GLUT,0.84
720575940600143787,optic,lamina,L1,left,GLUT,0.63
720575940600144212,optic,lamina,L1,left,GLUT,0.95
720575940600144802,optic,lamina,L1,left,GLUT,0.68
720575940600145516,optic,lamina,L1,left,GLUT,0.75
720575940600145926,optic,lamina,L1,left,GLUT,0.7
720575940600146598,optic,lamina,L1,left,GLUT,0.87
720575940600147513,optic,lamina,L1,left,GLUT,0.89
720575940600148302,optic,lamina,L1,left,GLUT,0.95
720575940600149100,optic,lamina,L1,left,GLUT,0.77
720575940600149281,optic,lamina,L1,left,GLUT,0.91
720575940600149994,optic,lamina,L1,left,GLUT,0.8
720575940600150046,optic,lamina,L1,left,GLUT,0.82
720575940600150986,optic,lamina,L1,left,GLUT,0.93
720575940600151454,optic,lamina,L1,left,GLUT,0.65
720575940600151930,optic,lamina,L1,left,GLUT,0.86
720575940600152503,optic,lamina,L1,left,GLUT,0.83
720575940600153476,optic,lamina,L1,left,GLUT,0.89
720575940600153930,optic,lamina,L1,left,GLUT,0.84
720575940600154667,optic,lamina,L1,left,GLUT,0.95
720575940600155104,optic,lamina,L1,left,GLUT,0.92
720575940600155666,optic,lamina,L1,left,GLUT,0.77
720575940600155829,optic,lamina,L1,left,GLUT,0.89
720575940600156316,optic,lamina,L1,left,GLUT,0.78
720575940600157086,optic,lamina,L1,left,GLUT,0.7
720575940600157739,optic,lamina,L1,left,GLUT,0.71
720575940600158536,optic,lamina,L1,left,GLUT,0.8
720575940600159178,optic,lamina,L1,left,GLUT,0.69
720575940600159629,optic,lamina,L1,left,GLUT,0.63
720575940600159922,optic,lamina,L1,left,GLUT,0.69
720575940600160266,optic,lamina,L1,left,GLUT,0.72
720575940600160820,optic,lamina,L1,left,GLUT,0.63
720575940600160975,optic,lamina,L1,left,GLUT,0.69
720575940600161686,optic,lamina,L1,left,GLUT,0.66
720575940600161906,optic,lamina,L1,left,GLUT,0.63
720575940600162324,optic,lamina,L1,left,GLUT,0.73
720575940600162802,optic,lamina,L1,left,GLUT,0.76
720575940600163014,optic,lamina,L1,left,GLUT,0.92
720575940600163413,optic,lamina,L1,left,GLUT,0.95
720575940600164012,optic,lamina,L1,left,GLUT,0.97
720575940600164033,optic,lamina,L1,left,GLUT,0.93
720575940600164817,optic,lamina,L1,left,GLUT,0.82
720575940600165306,optic,lamina,L1,left,GLUT,0.6
720575940600165667,optic,lamina,L1,left,GLUT,0.72
720575940600166067,optic,lamina,L1,left,GLUT,0.93
720575940600167044,optic,lamina,L1,left,GLUT,0.93
720575940600167596,optic,lamina,L1,left,GLUT,0.89
720575940600168156,optic,lamina,L1,left,GLUT,0.91
720575940600169076,optic,lamina,L1,left,GLUT,0.69
720575940600169301,optic,lamina,L1,left,GLUT,0.71
720575940600169799,optic,lamina,L1,left,GLUT,0.61
720575940600170144,optic,lamina,L1,left,GLUT,0.86
720575940600170962,optic,lamina,L1,left,GLUT,0.76
720575940600171132,optic,lamina,L1,left,GLUT,0.93
720575940600172074,optic,lamina,L1,left,GLUT,0.65
720575940600172712,optic,lamina,L1,left,GLUT,0.81
720575940600173641,optic,lamina,L1,left,GLUT,0.75
720575940600174219,optic,lamina,L1,left,GLUT,0.86
720575940600174305,optic,lamina,L1,left,GLUT,0.85
720575940600174444,optic,lamina,L1,left,GLUT,0.94
720575940600174631,optic,lamina,L1,left,GLUT,0.62
720575940600175020,optic,lamina,L1,left,GLUT,0.73
720575940600175486,optic,lamina,L1,left,GLUT,0.73
720575940600176266,optic,lamina,L1,left,GLUT,0.94
720575940600176551,optic,lamina,L1,left,GLUT,0.89
720575940600177403,optic,lamina,L1,right,GLUT,0.76
720575940600178258,optic,lamina,L1,right,GLUT,0.63
720575940600178278,optic,lamina,L1,right,GLUT,0.89
720575940600178332,optic,lamina,L1,right,GLUT,0.99
720575940600178691,optic,lamina,L1,right,GLUT,0.69
720575940600178762,optic,lamina,L1,right,GLUT,0.9
720575940600179430,optic,lamina,L1,right,GLUT,0.62
720575940600179462,optic,lamina,L1,right,GLUT,0.97
720575940600179667,optic,lamina,L1,right,GLUT,0.93
720575940600180304,optic,lamina,L1,right,GLUT,0.66
720575940600180434,optic,lamina,L1,right,GLUT,0.78
720575940600180552,optic,lamina,L1,right,GLUT,0.82
720575940600180776,optic,lamina,L1,right,GLUT,0.78
720575940600181039,optic,lamina,L1,right,GLUT,0.9
720575940600181211,optic,lamina,L1,right,GLUT,0.84
720575940600182198,optic,lamina,L1,right,GLUT,0.89
720575940600182316,optic,lamina,L1,right,GLUT,0.9
720575940600182484,optic,lamina,L1,right,GLUT,0.98
720575940600182595,optic,lamina,L1,right,GLUT,0.83
720575940600183547,optic,lamina,L1,right,GLUT,0.72
720575940600184241,optic,lamina,L1,right,GLUT,0.95
720575940600184626,optic,lamina,L1,right,GLUT,0.75
720575940600185359,optic,lamina,L1,right,GLUT,0.68
720575940600185966,optic,lamina,L1,right,GLUT,0.87
720575940600186609,optic,lamina,L1,right,GLUT,0.69
720575940600187323,optic,lamina,L1,right,GLUT,0.9
720575940600188194,optic,lamina,L1,right,GLUT,0.87
720575940600189019,optic,lamina,L1,right,GLUT,0.65
720575940600189599,optic,lamina,L1,right,GLUT,0.91
720575940600189955,optic,lamina,L1,right,GLUT,0.81
720575940600190633,optic,lamina,L1,right,GLUT,0.74
720575940600191152,optic,lamina,L1,right,GLUT,0.85
720575940600191165,optic,lamina,L1,right,GLUT,0.93
720575940600192008,optic,lamina,L1,right,GLUT,0.79
720575940600192452,optic,lamina,L1,right,GLUT,0.97
720575940600193103,optic,lamina,L1,right,GLUT,0.95
720575940600193574,optic,lamina,L1,right,GLUT,0.88
720575940600194020,optic,lamina,L1,right,GLUT,0.67
720575940600194555,optic,lamina,L1,right,GLUT,0.98
720575940600194832,optic,lamina,L1,right,GLUT,0.84
720575940600195774,optic,lamina,L1,right,GLUT,0.81
720575940600196270,optic,lamina,L1,right,GLUT,0.78
720575940600197116,optic,lamina,L1,right,GLUT,0.89
720575940600197391,optic,lamina,L1,right,GLUT,0.73
720575940600197643,optic,lamina,L1,right,GLUT,0.92
720575940600197732,optic,lamina,L1,right,GLUT,0.71
720575940600198194,optic,lamina,L1,right,GLUT,0.7
720575940600198670,optic,lamina,L1,right,GLUT,0.82
720575940600199355,optic,lamina,L1,right,GLUT,0.75
720575940600199385,optic,lamina,L1,right,GLUT,0.79
720575940600199718,optic,lamina,L1,right,GLUT,0.67
720575940600199936,optic,lamina,L1,right,GLUT,0.74
720575940600200201,optic,lamina,L1,right,GLUT,0.73
720575940600201103,optic,lamina,L1,right,GLUT,0.83
720575940600202005,optic,lamina,L1,right,GLUT,0.71
720575940600202016,optic,lamina,L1,right,GLUT,0.8
720575940600202212,optic,lamina,L1,right,GLUT,0.63
720575940600202950,optic,lamina,L1,right,GLUT,0.76
720575940600203519,optic,lamina,L1,right,GLUT,0.9
720575940600204227,optic,lamina,L1,right,GLUT,0.79
720575940600204956,optic,lamina,L1,right,GLUT,0.79
720575940600205768,optic,lamina,L1,right,GLUT,0.61
720575940600206070,optic,lamina,L1,right,GLUT,0.69
720575940600206779,optic,lamina,L1,right,GLUT,0.69
720575940600207459,optic,lamina,L1,right,GLUT,0.83
720575940600207944,optic,lamina,L1,right,GLUT,0.82
720575940600208297,optic,lamina,L1,right,GLUT,0.77
720575940600209061,optic,lamina,L1,right,GLUT,0.81
720575940600209422,optic,lamina,L1,right,GLUT,0.87
720575940600209700,optic,lamina,L1,right,GLUT,0.72
720575940600209937,optic,lamina,L1,right,GLUT,0.65
720575940600210135,optic,lamina,L1,right,GLUT,0.72
720575940600210896,optic,lamina,L1,right,GLUT,0.81
720575940600211677,optic,lamina,L1,right,GLUT,0.87
720575940600211874,optic,lamina,L1,right,GLUT,0.68
720575940600212370,optic,lamina,L1,right,GLUT,0.71
720575940600212974,optic,lamina,L1,right,GLUT,0.98
720575940600213512,optic,lamina,L1,right,GLUT,0.83
720575940600213615,optic,lamina,L1,right,GLUT,0.92
720575940600213919,optic,lamina,L1,right,GLUT,0.69
720575940600214103,optic,lamina,L1,right,GLUT,0.72
720575940600214829,optic,lamina,L1,right,GLUT,0.81
720575940600215110,optic,lamina,L1,right,GLUT,0.62
720575940600215166,optic,lamina,L1,right,GLUT,0.82
720575940600215881,optic,lamina,L1,right,GLUT,0.97
720575940600216535,optic,lamina,L1,right,GLUT,0.94
720575940600217038,optic,lamina,L1,right,GLUT,0.64
720575940600217051,optic,lamina,L1,right,GLUT,0.82
720575940600217532,optic,lamina,L1,right,GLUT,0.79
720575940600217881,optic,lamina,L1,right,GLUT,0.67
720575940600217934,optic,lamina,L1,right,GLUT,0.7
720575940600218817,optic,lamina,L1,right,GLUT,0.79
720575940600219659,optic,lamina,L1,right,GLUT,0.63
720575940600220163,optic,lamina,L1,right,GLUT,0.63
720575940600220808,optic,lamina,L1,right,GLUT,0.87
720575940600220964,optic,lamina,L1,right,GLUT,0.66
720575940600221541,optic,lamina,L1,right,GLUT,0.97
720575940600221629,optic,lamina,L1,right,GLUT,0.99
720575940600221751,optic,lamina,L1,right,GLUT,0.82
720575940600222178,optic,lamina,L1,right,GLUT,0.84
720575940600222988,optic,lamina,L2,left,ACH,0.84
720575940600223783,optic,lamina,L2,left,ACH,0.8
720575940600224245,optic,lamina,L2,left,ACH,0.95
720575940600224550,optic,lamina,L2,left,ACH,0.94
720575940600224990,optic,lamina,L2,left,ACH,0.72
720575940600225626,optic,lamina,L2,left,ACH,0.62
720575940600226610,optic,lamina,L2,left,ACH,0.89
720575940600227581,optic,lamina,L2,left,ACH,0.9
720575940600228222,optic,lamina,L2,left,ACH,0.68
720575940600228899,optic,lamina,L2,left,ACH,0.63
720575940600229145,optic,lamina,L2,left,ACH,0.67
720575940600229222,optic,lamina,L2,left,ACH,0.66
720575940600229641,optic,lamina,L2,left,ACH,0.78
720575940600230250,optic,lamina,L2,left,ACH,0.78
720575940600230284,optic,lamina,L2,left,ACH,0.69
720575940600231008,optic,lamina,L2,left,ACH,0.71
720575940600231889,optic,lamina,L2,left,ACH,0.78
720575940600232593,optic,lamina,L2,left,ACH,0.69
720575940600232864,optic,lamina,L2,left,ACH,0.91
720575940600233505,optic,lamina,L2,left,ACH,0.83
720575940600234329,optic,lamina,L2,left,ACH,0.96
720575940600234765,optic,lamina,L2,left,ACH,0.64
720575940600234996,optic,lamina,L2,left,ACH,0.85
720575940600235927,optic,lamina,L2,left,ACH,0.7
720575940600236073,optic,lamina,L2,left,ACH,0.63
720575940600236243,optic,lamina,L2,left,ACH,0.91
720575940600236853,optic,lamina,L2,left,ACH,0.89
720575940600237436,optic,lamina,L2,left,ACH,0.96
720575940600237886,optic,lamina,L2,left,ACH,0.65
720575940600238592,optic,lamina,L2,left,ACH,0.72
720575940600239005,optic,lamina,L2,left,ACH,0.97
720575940600239518,optic,lamina,L2,left,ACH,0.81
720575940600239967,optic,lamina,L2,left,ACH,0.63
720575940600240008,optic,lamina,L2,left,ACH,0.95
720575940600240761,optic,lamina,L2,left,ACH,0.73
720575940600241018,optic,lamina,L2,left,ACH,0.61
720575940600241253,optic,lamina,L2,left,ACH,0.98
720575940600242110,optic,lamina,L2,left,ACH,0.94
720575940600242712,optic,lamina,L2,left,ACH,0.97
720575940600243496,optic,lamina,L2,left,ACH,0.86
720575940600243772,optic,lamina,L2,left,ACH,0.82
720575940600244554,optic,lamina,L2,left,ACH,0.89
720575940600245036,optic,lamina,L2,left,ACH,0.8
720575940600245489,optic,lamina,L2,left,ACH,0.96
720575940600245675,optic,lamina,L2,left,ACH,0.99
720575940600246122,optic,lamina,L2,left,ACH,0.85
720575940600246626,optic,lamina,L2,left,ACH,0.98
720575940600247108,optic,lamina,L2,left,ACH,0.74
720575940600247450,optic,lamina,L2,left,ACH,0.73
720575940600247558,optic,lamina,L2,left,ACH,0.93
720575940600247896,optic,lamina,L2,left,ACH,0.76
720575940600248404,optic,lamina,L2,left,ACH,0.71
720575940600249372,optic,lamina,L2,left,ACH,0.76
720575940600250151,optic,lamina,L2,left,ACH,0.81
720575940600250617,optic,lamina,L2,left,ACH,0.63
720575940600250876,optic,lamina,L2,left,ACH,0.73
720575940600251870,optic,lamina,L2,left,ACH,0.9
720575940600252756,optic,lamina,L2,left,ACH,0.8
720575940600252758,optic,lamina,L2,left,ACH,0.86
720575940600253314,optic,lamina,L2,left,ACH,0.78
720575940600253370,optic,lamina,L2,left,ACH,0.67
720575940600253741,optic,lamina,L2,left,ACH,0.84
720575940600254252,optic,lamina,L2,left,ACH,0.84
720575940600255031,optic,lamina,L2,left,ACH,0.62
720575940600255305,optic,lamina,L2,left,ACH,0.81
720575940600256255,optic,lamina,L2,left,ACH,0.71
720575940600257157,optic,lamina,L2,left,ACH,0.87
720575940600257282,optic,lamina,L2,left,ACH,0.61
720575940600257928,optic,lamina,L2,left,ACH,0.84
720575940600258174,optic,lamina,L2,left,ACH,0.88
720575940600258493,optic,lamina,L2,left,ACH,0.81
720575940600259059,optic,lamina,L2,left,ACH,0.76
720575940600259290,optic,lamina,L2,left,ACH,0.99
720575940600260225,optic,lamina,L2,left,ACH,0.64
720575940600261195,optic,lamina,L2,left,ACH,0.65
720575940600262048,optic,lamina,L2,left,ACH,0.66
720575940600263004,optic,lamina,L2,left,ACH,0.88
720575940600263526,optic,lamina,L2,left,ACH,0.88
720575940600263952,optic,lamina,L2,left,ACH,0.93
720575940600264436,optic,lamina,L2,left,ACH,0.7
720575940600265001,optic,lamina,L2,left,ACH,0.66
720575940600265197,optic,lamina,L2,left,ACH,0.96
720575940600265718,optic,lamina,L2,left,ACH,0.89
720575940600265858,optic,lamina,L2,left,ACH,0.94
720575940600266141,optic,lamina,L2,left,ACH,0.9
720575940600267016,optic,lamina,L2,left,ACH,0.76
720575940600267973,optic,lamina,L2,left,ACH,0.91
720575940600268247,optic,lamina,L2,left,ACH,0.92
720575940600268537,optic,lamina,L2,left,ACH,0.88
720575940600269395,optic,lamina,L2,left,ACH,0.83
720575940600270071,optic,lamina,L2,left,ACH,0.79
720575940600270224,optic,lamina,L2,left,ACH,0.77
720575940600270720,optic,lamina,L2,left,ACH,0.73
720575940600271286,optic,lamina,L2,left,ACH,0.9
720575940600271673,optic,lamina,L2,left,ACH,0.78
720575940600272003,optic,lamina,L2,left,ACH,0.94
720575940600272718,optic,lamina,L2,left,ACH,0.69
720575940600273111,optic,lamina,L2,left,ACH,0.69
720575940600273906,optic,lamina,L2,left,ACH,0.76
720575940600274232,optic,lamina,L2,left,ACH,0.89
720575940600274955,optic,lamina,L2,right,ACH,0.96
720575940600275346,optic,lamina,L2,right,ACH,0.75
720575940600276026,optic,lamina,L2,right,ACH,0.91
720575940600276694,optic,lamina,L2,right,ACH,0.98
720575940600277202,optic,lamina,L2,right,ACH,0.98
720575940600277332,optic,lamina,L2,right,ACH,0.8
720575940600277937,optic,lamina,L2,right,ACH,0.73
720575940600278040,optic,lamina,L2,right,ACH,0.94
720575940600278491,optic,lamina,L2,right,ACH,0.64
720575940600279424,optic,lamina,L2,right,ACH,0.78
720575940600280164,optic,lamina,L2,right,ACH,0.66
720575940600281056,optic,lamina,L2,right,ACH,0.86
720575940600281215,optic,lamina,L2,right,ACH,0.63
720575940600282016,optic,lamina,L2,right,ACH,0.98
720575940600282363,optic,lamina,L2,right,ACH,0.84
720575940600282771,optic,lamina,L2,right,ACH,0.85
720575940600283644,optic,lamina,L2,right,ACH,0.73
720575940600284335,optic,lamina,L2,right,ACH,0.94
720575940600284725,optic,lamina,L2,right,ACH,0.97
720575940600285367,optic,lamina,L2,right,ACH,0.88
720575940600286145,optic,lamina,L2,right,ACH,0.79
720575940600286700,optic,lamina,L2,right,ACH,0.61
720575940600286771,optic,lamina,L2,right,ACH,0.69
720575940600287472,optic,lamina,L2,right,ACH,0.96
720575940600287705,optic,lamina,L2,right,ACH,0.89
720575940600288150,optic,lamina,L2,right,ACH,0.98
720575940600288929,optic,lamina,L2,right,ACH,0.85
720575940600289823,optic,lamina,L2,right,ACH,0.64
720575940600289994,optic,lamina,L2,right,ACH,0.87
720575940600290920,optic,lamina,L2,right,ACH,0.61
720575940600291253,optic,lamina,L2,right,ACH,0.91
720575940600291554,optic,lamina,L2,right,ACH,0.74
720575940600291996,optic,lamina,L2,right,ACH,0.66
720575940600292540,optic,lamina,L2,right,ACH,0.76
720575940600293239,optic,lamina,L2,right,ACH,0.91
720575940600293414,optic,lamina,L2,right,ACH,0.67
720575940600294039,optic,lamina,L2,right,ACH,0.94
720575940600294674,optic,lamina,L2,right,ACH,0.87
720575940600295184,optic,lamina,L2,right,ACH,0.96
720575940600295331,optic,lamina,L2,right,ACH,0.69
720575940600295985,optic,lamina,L2,right,ACH,0.7
720575940600296247,optic,lamina,L2,right,ACH,0.86
720575940600297168,optic,lamina,L2,right,ACH,0.91
720575940600298091,optic,lamina,L2,right,ACH,0.71
720575940600298651,optic,lamina,L2,right,ACH,0.66
720575940600299104,optic,lamina,L2,right,ACH,0.97
720575940600299706,optic,lamina,L2,right,ACH,0.72
720575940600300692,optic,lamina,L2,right,ACH,0.77
720575940600300949,optic,lamina,L2,right,ACH,0.78
720575940600301259,optic,lamina,L2,right,ACH,0.68
720575940600301653,optic,lamina,L2,right,ACH,0.93
720575940600301763,optic,lamina,L2,right,ACH,0.69
720575940600302349,optic,lamina,L2,right,ACH,0.74
720575940600302652,optic,lamina,L2,right,ACH,0.99
720575940600302955,optic,lamina,L2,right,ACH,0.61
720575940600303805,optic,lamina,L2,right,ACH,0.86
720575940600304087,optic,lamina,L2,right,ACH,0.6
720575940600304973,optic,lamina,L2,right,ACH,0.87
720575940600305736,optic,lamina,L2,right,ACH,0.98
720575940600306669,optic,lamina,L2,right,ACH,0.84
720575940600307178,optic,lamina,L2,right,ACH,0.92
720575940600308103,optic,lamina,L2,right,ACH,0.71
720575940600308922,optic,lamina,L2,right,ACH,0.69
720575940600309744,optic,lamina,L2,right,ACH,0.74
720575940600310396,optic,lamina,L2,right,ACH,0.67
720575940600310653,optic,lamina,L2,right,ACH,0.86
720575940600311392,optic,lamina,L2,right,ACH,0.9
720575940600312090,optic,lamina,L2,right,ACH,0.93
720575940600312734,optic,lamina,L2,right,ACH,0.64
720575940600313377,optic,lamina,L2,right,ACH,0.85
720575940600313694,optic,lamina,L2,right,ACH,0.91
720575940600313729,optic,lamina,L2,right,ACH,0.83
720575940600314479,optic,lamina,L2,right,ACH,0.65
720575940600315411,optic,lamina,L2,right,ACH,0.72
720575940600316177,optic,lamina,L2,right,ACH,0.76
720575940600316383,optic,lamina,L2,right,ACH,0.65
720575940600316936,optic,lamina,L2,right,ACH,0.94
720575940600317311,optic,lamina,L2,right,ACH,0.81
720575940600318247,optic,lamina,L2,right,ACH,0.71
720575940600318416,optic,lamina,L2,right,ACH,0.7
720575940600319261,optic,lamina,L2,right,ACH,0.97
720575940600320252,optic,lamina,L2,right,ACH,0.91
720575940600321017,optic,lamina,L2,right,ACH,0.94
720575940600321841,optic,lamina,L2,right,ACH,0.64
720575940600322828,optic,lamina,L2,right,ACH,0.63
720575940600323601,optic,lamina,L2,right,ACH,0.98
720575940600324482,optic,lamina,L2,right,ACH,0.86
720575940600325173,optic,lamina,L2,right,ACH,0.98
720575940600326164,optic,lamina,L2,right,ACH,0.93
720575940600326735,optic,lamina,L2,right,ACH,0.74
720575940600327545,optic,lamina,L2,right,ACH,0.75
720575940600327816,optic,lamina,L2,right,ACH,0.81
720575940600328282,optic,lamina,L2,right,ACH,0.74
720575940600329049,optic,lamina,L2,right,ACH,0.86
720575940600329648,optic,lamina,L2,right,ACH,0.75
720575940600330302,optic,lamina,L2,right,ACH,0.97
720575940600330413,optic,lamina,L2,right,ACH,0.86
720575940600330896,optic,lamina,L2,right,ACH,0.61
720575940600331802,optic,lamina,L2,right,ACH,0.97
720575940600332138,optic,lamina,L2,right,ACH,0.96
720575940600332365,optic,medulla,Mi1,left,ACH,0.85
720575940600333016,optic,medulla,Mi1,left,ACH,0.92
720575940600333948,optic,medulla,Mi1,left,ACH,0.87
720575940600334613,optic,medulla,Mi1,left,ACH,0.76
720575940600334757,optic,medulla,Mi1,left,ACH,0.62
720575940600334796,optic,medulla,Mi1,left,ACH,0.72
720575940600335301,optic,medulla,Mi1,left,ACH,0.65
720575940600335542,optic,medulla,Mi1,left,ACH,0.95
720575940600335681,optic,medulla,Mi1,left,ACH,0.75
720575940600336061,optic,medulla,Mi1,left,ACH,0.86
720575940600336822,optic,medulla,Mi1,left,ACH,0.87
720575940600337376,optic,medulla,Mi1,left,ACH,0.76
720575940600338137,optic,medulla,Mi1,left,ACH,0.88
720575940600339044,optic,medulla,Mi1,left,ACH,0.76
720575940600339146,optic,medulla,Mi1,left,ACH,0.93
720575940600339777,optic,medulla,Mi1,left,ACH,0.76
720575940600340752,optic,medulla,Mi1,left,ACH,0.71
720575940600341459,optic,medulla,Mi1,left,ACH,0.74
720575940600341914,optic,medulla,Mi1,left,ACH,0.77
720575940600342156,optic,medulla,Mi1,left,ACH,0.93
720575940600342258,optic,medulla,Mi1,left,ACH,0.98
720575940600342635,optic,medulla,Mi1,left,ACH,0.81
720575940600343296,optic,medulla,Mi1,left,ACH,0.74
720575940600343704,optic,medulla,Mi1,left,ACH,0.71
720575940600344696,optic,medulla,Mi1,left,ACH,0.65
720575940600345565,optic,medulla,Mi1,left,ACH,0.92
720575940600345659,optic,medulla,Mi1,left,ACH,0.86
720575940600346317,optic,medulla,Mi1,left,ACH,0.85
720575940600347312,optic,medulla,Mi1,left,ACH,0.61
720575940600348118,optic,medulla,Mi1,left,ACH,0.73
720575940600348247,optic,medulla,Mi1,left,ACH,0.91
720575940600348458,optic,medulla,Mi1,left,ACH,0.63
720575940600349242,optic,medulla,Mi1,left,ACH,0.82
720575940600349843,optic,medulla,Mi1,left,ACH,0.68
720575940600350734,optic,medulla,Mi1,left,ACH,0.69
720575940600351527,optic,medulla,Mi1,left,ACH,0.66
720575940600352450,optic,medulla,Mi1,left,ACH,0.83
720575940600352734,optic,medulla,Mi1,left,ACH,0.93
720575940600352883,optic,medulla,Mi1,left,ACH,0.99
720575940600353437,optic,medulla,Mi1,left,ACH,0.7
720575940600353616,optic,medulla,Mi1,left,ACH,0.64
720575940600354504,optic,medulla,Mi1,left,ACH,0.61
720575940600354520,optic,medulla,Mi1,left,ACH,0.74
720575940600355328,optic,medulla,Mi1,left,ACH,0.69
720575940600355660,optic,medulla,Mi1,left,ACH,0.61
720575940600355932,optic,medulla,Mi1,left,ACH,0.62
720575940600356692,optic,medulla,Mi1,left,ACH,0.76
720575940600356809,optic,medulla,Mi1,left,ACH,0.89
720575940600357297,optic,medulla,Mi1,left,ACH,0.77
720575940600357668,optic,medulla,Mi1,left,ACH,0.8
720575940600357780,optic,medulla,Mi1,left,ACH,0.78
720575940600358007,optic,medulla,Mi1,left,ACH,0.97
720575940600358052,optic,medulla,Mi1,left,ACH,0.88
720575940600358983,optic,medulla,Mi1,left,ACH,0.94
720575940600359517,optic,medulla,Mi1,left,ACH,0.72
720575940600360176,optic,medulla,Mi1,left,ACH,0.98
720575940600360239,optic,medulla,Mi1,left,ACH,0.99
720575940600361107,optic,medulla,Mi1,left,ACH,0.76
720575940600361810,optic,medulla,Mi1,left,ACH,0.64
720575940600362540,optic,medulla,Mi1,left,ACH,0.95
720575940600362616,optic,medulla,Mi1,left,ACH,0.95
720575940600362946,optic,medulla,Mi1,left,ACH,0.84
720575940600363014,optic,medulla,Mi1,left,ACH,0.65
720575940600363654,optic,medulla,Mi1,left,ACH,0.85
720575940600364216,optic,medulla,Mi1,left,ACH,0.88
720575940600364607,optic,medulla,Mi1,left,ACH,0.99
720575940600365151,optic,medulla,Mi1,left,ACH,0.72
720575940600365669,optic,medulla,Mi1,left,ACH,0.84
720575940600365771,optic,medulla,Mi1,left,ACH,0.91
720575940600365889,optic,medulla,Mi1,left,ACH,0.93
720575940600366556,optic,medulla,Mi1,left,ACH,0.94
720575940600367121,optic,medulla,Mi1,left,ACH,0.88
720575940600367342,optic,medulla,Mi1,left,ACH,0.77
720575940600368252,optic,medulla,Mi1,left,ACH,0.69
720575940600368600,optic,medulla,Mi1,left,ACH,0.92
720575940600369009,optic,medulla,Mi1,left,ACH,0.76
720575940600369107,optic,medulla,Mi1,left,ACH,0.72
720575940600369428,optic,medulla,Mi1,left,ACH,0.86
720575940600369812,optic,medulla,Mi1,left,ACH,0.97
720575940600370516,optic,medulla,Mi1,left,ACH,0.96
720575940600370585,optic,medulla,Mi1,left,ACH,0.64
720575940600370673,optic,medulla,Mi1,left,ACH,0.64
720575940600370772,optic,medulla,Mi1,left,ACH,0.89
720575940600371154,optic,medulla,Mi1,left,ACH,0.92
720575940600371724,optic,medulla,Mi1,left,ACH,0.62
720575940600372704,optic,medulla,Mi1,left,ACH,0.82
720575940600373042,optic,medulla,Mi1,left,ACH,0.86
720575940600373463,optic,medulla,Mi1,left,ACH,0.74
720575940600374145,optic,medulla,Mi1,left,ACH,0.97
720575940600374579,optic,medulla,Mi1,left,ACH,0.94
720575940600375318,optic,medulla,Mi1,left,ACH,0.62
720575940600375613,optic,medulla,Mi1,left,ACH,0.83
720575940600375974,optic,medulla,Mi1,left,ACH,0.64
720575940600376494,optic,medulla,Mi1,left,ACH,0.68
720575940600377167,optic,medulla,Mi1,left,ACH,0.79
720575940600378035,optic,medulla,Mi1,left,ACH,0.64
720575940600378901,optic,medulla,Mi1,left,ACH,0.82
720575940600379019,optic,medulla,Mi1,left,ACH,0.9
720575940600379607,optic,medulla,Mi1,left,ACH,0.69
720575940600380047,optic,medulla,Mi1,left,ACH,0.93
720575940600381045,optic,medulla,Mi1,right,ACH,0.9
720575940600381682,optic,medulla,Mi1,right,ACH,0.84
720575940600382341,optic,medulla,Mi1,right,ACH,0.82
720575940600382965,optic,medulla,Mi1,right,ACH,0.96
720575940600383815,optic,medulla,Mi1,right,ACH,0.87
720575940600383845,optic,medulla,Mi1,right,ACH,0.67
720575940600384565,optic,medulla,Mi1,right,ACH,0.9
720575940600385509,optic,medulla,Mi1,right,ACH,0.73
720575940600385516,optic,medulla,Mi1,right,ACH,0.67
720575940600385663,optic,medulla,Mi1,right,ACH,0.82
720575940600386074,optic,medulla,Mi1,right,ACH,0.63
720575940600386833,optic,medulla,Mi1,right,ACH,0.85
720575940600386865,optic,medulla,Mi1,right,ACH,0.64
720575940600387409,optic,medulla,Mi1,right,ACH,0.68
720575940600387839,optic,medulla,Mi1,right,ACH,0.78
720575940600388001,optic,medulla,Mi1,right,ACH,0.74
720575940600388740,optic,medulla,Mi1,right,ACH,0.73
720575940600389705,optic,medulla,Mi1,right,ACH,0.82
720575940600389792,optic,medulla,Mi1,right,ACH,0.94
720575940600389952,optic,medulla,Mi1,right,ACH,0.66
720575940600390585,optic,medulla,Mi1,right,ACH,0.62
720575940600390669,optic,medulla,Mi1,right,ACH,0.71
720575940600391347,optic,medulla,Mi1,right,ACH,0.77
720575940600391969,optic,medulla,Mi1,right,ACH,0.77
720575940600392249,optic,medulla,Mi1,right,ACH,0.68
720575940600392774,optic,medulla,Mi1,right,ACH,0.64
720575940600393215,optic,medulla,Mi1,right,ACH,0.64
720575940600393910,optic,medulla,Mi1,right,ACH,0.86
720575940600394409,optic,medulla,Mi1,right,ACH,0.81
720575940600394725,optic,medulla,Mi1,right,ACH,0.62
720575940600395130,optic,medulla,Mi1,right,ACH,0.98
720575940600395187,optic,medulla,Mi1,right,ACH,0.6
720575940600395496,optic,medulla,Mi1,right,ACH,0.97
720575940600396282,optic,medulla,Mi1,right,ACH,0.65
720575940600396544,optic,medulla,Mi1,right,ACH,0.71
720575940600396667,optic,medulla,Mi1,right,ACH,0.6
720575940600397432,optic,medulla,Mi1,right,ACH,0.77
720575940600397565,optic,medulla,Mi1,right,ACH,0.75
720575940600398286,optic,medulla,Mi1,right,ACH,0.69
720575940600398859,optic,medulla,Mi1,right,ACH,0.93
720575940600399685,optic,medulla,Mi1,right,ACH,0.74
720575940600400092,optic,medulla,Mi1,right,ACH,0.94
720575940600400136,optic,medulla,Mi1,right,ACH,0.77
720575940600400607,optic,medulla,Mi1,right,ACH,0.96
720575940600401490,optic,medulla,Mi1,right,ACH,0.72
720575940600401930,optic,medulla,Mi1,right,ACH,0.82
720575940600402657,optic,medulla,Mi1,right,ACH,0.85
720575940600402954,optic,medulla,Mi1,right,ACH,0.64
720575940600402976,optic,medulla,Mi1,right,ACH,0.98
720575940600403152,optic,medulla,Mi1,right,ACH,0.91
720575940600403785,optic,medulla,Mi1,right,ACH,0.78
720575940600404492,optic,medulla,Mi1,right,ACH,0.96
720575940600404583,optic,medulla,Mi1,right,ACH,0.77
720575940600404692,optic,medulla,Mi1,right,ACH,0.69
720575940600405296,optic,medulla,Mi1,right,ACH,0.76
720575940600405377,optic,medulla,Mi1,right,ACH,0.75
720575940600405695,optic,medulla,Mi1,right,ACH,0.89
720575940600405922,optic,medulla,Mi1,right,ACH,0.73
720575940600406095,optic,medulla,Mi1,right,ACH,0.63
720575940600406744,optic,medulla,Mi1,right,ACH,0.64
720575940600407267,optic,medulla,Mi1,right,ACH,0.68
720575940600408062,optic,medulla,Mi1,right,ACH,0.74
720575940600408807,optic,medulla,Mi1,right,ACH,0.97
720575940600409468,optic,medulla,Mi1,right,ACH,0.92
720575940600409710,optic,medulla,Mi1,right,ACH,0.64
720575940600409973,optic,medulla,Mi1,right,ACH,0.68
720575940600410590,optic,medulla,Mi1,right,ACH,0.66
720575940600411368,optic,medulla,Mi1,right,ACH,0.86
720575940600411550,optic,medulla,Mi1,right,ACH,0.97
720575940600412194,optic,medulla,Mi1,right,ACH,0.79
720575940600412967,optic,medulla,Mi1,right,ACH,0.82
720575940600413561,optic,medulla,Mi1,right,ACH,0.78
720575940600414508,optic,medulla,Mi1,right,ACH,0.94
720575940600415167,optic,medulla,Mi1,right,ACH,0.85
720575940600415807,optic,medulla,Mi1,right,ACH,0.73
720575940600416802,optic,medulla,Mi1,right,ACH,0.84
720575940600416957,optic,medulla,Mi1,right,ACH,0.77
720575940600417438,optic,medulla,Mi1,right,ACH,0.77
720575940600417749,optic,medulla,Mi1,right,ACH,0.91
720575940600418355,optic,medulla,Mi1,right,ACH,0.62
720575940600418875,optic,medulla,Mi1,right,ACH,0.63
720575940600419348,optic,medulla,Mi1,right,ACH,0.78
720575940600419407,optic,medulla,Mi1,right,ACH,0.74
720575940600419701,optic,medulla,Mi1,right,ACH,0.63
720575940600420586,optic,medulla,Mi1,right,ACH,0.98
720575940600420679,optic,medulla,Mi1,right,ACH,0.84
720575940600421199,optic,medulla,Mi1,right,ACH,0.75
720575940600421794,optic,medulla,Mi1,right,ACH,0.82
720575940600422605,optic,medulla,Mi1,right,ACH,0.89
720575940600422648,optic,medulla,Mi1,right,ACH,0.78
720575940600423478,optic,medulla,Mi1,right,ACH,0.82
720575940600423671,optic,medulla,Mi1,right,ACH,0.73
720575940600424159,optic,medulla,Mi1,right,ACH,0.8
720575940600425140,optic,medulla,Mi1,right,ACH,0.62
720575940600425246,optic,medulla,Mi1,right,ACH,0.92
720575940600426104,optic,medulla,Mi1,right,ACH,0.73
720575940600426836,optic,medulla,Mi1,right,ACH,0.63
720575940600427498,optic,medulla,Mi1,right,ACH,0.67
720575940600427752,optic,medulla,Mi1,right,ACH,0.88
720575940600428202,optic,medulla,Mi1,right,ACH,0.8
720575940600428827,optic,medulla,Mi9,left,GLUT,0.66
720575940600429209,optic,medulla,Mi9,left,GLUT,0.96
720575940600429606,optic,medulla,Mi9,left,GLUT,0.76
720575940600429953,optic,medulla,Mi9,left,GLUT,0.86
720575940600430007,optic,medulla,Mi9,left,GLUT,0.91
720575940600430670,optic,medulla,Mi9,left,GLUT,0.73
720575940600431008,optic,medulla,Mi9,left,GLUT,0.64
720575940600431703,optic,medulla,Mi9,left,GLUT,0.75
720575940600431962,optic,medulla,Mi9,left,GLUT,0.88
720575940600432635,optic,medulla,Mi9,left,GLUT,0.98
720575940600433253,optic,medulla,Mi9,left,GLUT,0.94
720575940600433595,optic,medulla,Mi9,left,GLUT,0.63
720575940600434275,optic,medulla,Mi9,left,GLUT,0.66
720575940600434634,optic,medulla,Mi9,left,GLUT,0.72
720575940600435306,optic,medulla,Mi9,left,GLUT,0.87
720575940600435708,optic,medulla,Mi9,left,GLUT,0.65
720575940600436434,optic,medulla,Mi9,left,GLUT,0.97
720575940600436752,optic,medulla,Mi9,left,GLUT,0.82
720575940600437411,optic,medulla,Mi9,left,GLUT,0.91
720575940600438244,optic,medulla,Mi9,left,GLUT,0.65
720575940600438964,optic,medulla,Mi9,left,GLUT,0.92
720575940600439721,optic,medulla,Mi9,left,GLUT,0.99
720575940600440656,optic,medulla,Mi9,left,GLUT,0.81
720575940600441318,optic,medulla,Mi9,left,GLUT,0.86
720575940600441839,optic,medulla,Mi9,left,GLUT,0.74
720575940600442211,optic,medulla,Mi9,left,GLUT,0.72
720575940600443185,optic,medulla,Mi9,left,GLUT,0.68
720575940600444156,optic,medulla,Mi9,left,GLUT,0.9
720575940600444353,optic,medulla,Mi9,left,GLUT,0.69
720575940600444494,optic,medulla,Mi9,left,GLUT,0.66
720575940600444797,optic,medulla,Mi9,left,GLUT,0.93
720575940600444901,optic,medulla,Mi9,left,GLUT,0.8
720575940600445454,optic,medulla,Mi9,left,GLUT,0.93
720575940600446359,optic,medulla,Mi9,left,GLUT,0.81
720575940600447037,optic,medulla,Mi9,left,GLUT,0.73
720575940600447822,optic,medulla,Mi9,left,GLUT,0.84
720575940600448434,optic,medulla,Mi9,left,GLUT,0.75
720575940600448601,optic,medulla,Mi9,left,GLUT,0.67
720575940600449311,optic,medulla,Mi9,left,GLUT,0.9
720575940600450140,optic,medulla,Mi9,left,GLUT,0.95
720575940600450879,optic,medulla,Mi9,left,GLUT,0.77
720575940600451300,optic,medulla,Mi9,left,GLUT,0.74
720575940600452037,optic,medulla,Mi9,left,GLUT,0.69
720575940600452492,optic,medulla,Mi9,left,GLUT,0.84
720575940600453263,optic,medulla,Mi9,left,GLUT,0.89
720575940600453723,optic,medulla,Mi9,left,GLUT,0.69
720575940600453968,optic,medulla,Mi9,left,GLUT,0.72
720575940600454797,optic,medulla,Mi9,left,GLUT,0.91
720575940600455723,optic,medulla,Mi9,left,GLUT,0.93
720575940600456100,optic,medulla,Mi9,left,GLUT,0.86
720575940600456685,optic,medulla,Mi9,left,GLUT,0.98
720575940600457158,optic,medulla,Mi9,left,GLUT,0.9
720575940600457955,optic,medulla,Mi9,left,GLUT,0.75
720575940600458496,optic,medulla,Mi9,left,GLUT,0.76
720575940600458662,optic,medulla,Mi9,left,GLUT,0.92
720575940600459483,optic,medulla,Mi9,left,GLUT,0.84
720575940600460377,optic,medulla,Mi9,left,GLUT,0.7
720575940600461034,optic,medulla,Mi9,left,GLUT,0.79
720575940600461415,optic,medulla,Mi9,left,GLUT,0.82
720575940600461521,optic,medulla,Mi9,left,GLUT,0.88
720575940600462050,optic,medulla,Mi9,left,GLUT,0.93
720575940600462342,optic,medulla,Mi9,left,GLUT,0.63
720575940600462507,optic,medulla,Mi9,left,GLUT,0.71
720575940600463435,optic,medulla,Mi9,left,GLUT,0.8
720575940600464286,optic,medulla,Mi9,left,GLUT,0.77
720575940600465256,optic,medulla,Mi9,left,GLUT,0.96
720575940600466093,optic,medulla,Mi9,left,GLUT,0.78
720575940600466451,optic,medulla,Mi9,left,GLUT,0.96
720575940600466876,optic,medulla,Mi9,left,GLUT,0.62
720575940600467391,optic,medulla,Mi9,left,GLUT,0.75
720575940600467787,optic,medulla,Mi9,left,GLUT,0.99
720575940600468171,optic,medulla,Mi9,left,GLUT,0.69
720575940600468498,optic,medulla,Mi9,left,GLUT,0.96
720575940600469358,optic,medulla,Mi9,left,GLUT,0.88
720575940600469702,optic,medulla,Mi9,left,GLUT,0.91
720575940600469843,optic,medulla,Mi9,left,GLUT,0.61
720575940600470783,optic,medulla,Mi9,left,GLUT,0.92
720575940600471496,optic,medulla,Mi9,left,GLUT,0.92
720575940600472274,optic,medulla,Mi9,left,GLUT,0.88
720575940600472734,optic,medulla,Mi9,left,GLUT,0.84
720575940600473662,optic,medulla,Mi9,left,GLUT,0.63
720575940600473925,optic,medulla,Mi9,left,GLUT,0.68
720575940600474079,optic,medulla,Mi9,left,GLUT,0.81
720575940600474824,optic,medulla,Mi9,left,GLUT,0.84
720575940600475258,optic,medulla,Mi9,left,GLUT,0.64
720575940600475554,optic,medulla,Mi9,left,GLUT,0.69
720575940600475679,optic,medulla,Mi9,left,GLUT,0.62
720575940600476109,optic,medulla,Mi9,left,GLUT,0.85
720575940600476747,optic,medulla,Mi9,left,GLUT,0.78
720575940600476861,optic,medulla,Mi9,left,GLUT,0.93
720575940600477373,optic,medulla,Mi9,left,GLUT,0.83
720575940600477390,optic,medulla,Mi9,left,GLUT,0.85
720575940600477979,optic,medulla,Mi9,left,GLUT,0.69
720575940600478127,optic,medulla,Mi9,left,GLUT,0.71
720575940600478129,optic,medulla,Mi9,left,GLUT,0.84
720575940600478376,optic,medulla,Mi9,left,GLUT,0.82
720575940600478568,optic,medulla,Mi9,left,GLUT,0.86
720575940600478656,optic,medulla,Mi9,left,GLUT,0.8
720575940600479026,optic,medulla,Mi9,left,GLUT,0.63
720575940600479565,optic,medulla,Mi9,left,GLUT,0.81
720575940600480371,optic,medulla,Mi9,right,GLUT,0.99
720575940600480939,optic,medulla,Mi9,right,GLUT,0.61
720575940600481834,optic,medulla,Mi9,right,GLUT,0.78
720575940600482485,optic,medulla,Mi9,right,GLUT,0.75
720575940600482868,optic,medulla,Mi9,right,GLUT,0.7
720575940600482885,optic,medulla,Mi9,right,GLUT,0.74
720575940600482955,optic,medulla,Mi9,right,GLUT,0.73
720575940600483706,optic,medulla,Mi9,right,GLUT,0.86
720575940600483813,optic,medulla,Mi9,right,GLUT,0.9
720575940600484566,optic,medulla,Mi9,right,GLUT,0.9
720575940600484703,optic,medulla,Mi9,right,GLUT,0.62
720575940600485263,optic,medulla,Mi9,right,GLUT,0.73
720575940600485922,optic,medulla,Mi9,right,GLUT,0.67
720575940600486720,optic,medulla,Mi9,right,GLUT,0.87
720575940600487433,optic,medulla,Mi9,right,GLUT,0.79
720575940600487620,optic,medulla,Mi9,right,GLUT,0.92
720575940600487685,optic,medulla,Mi9,right,GLUT,0.88
720575940600488652,optic,medulla,Mi9,right,GLUT,0.78
720575940600488953,optic,medulla,Mi9,right,GLUT,0.68
720575940600489764,optic,medulla,Mi9,right,GLUT,0.68
720575940600489807,optic,medulla,Mi9,right,GLUT,0.72
720575940600490125,optic,medulla,Mi9,right,GLUT,0.8
720575940600490960,optic,medulla,Mi9,right,GLUT,0.81
720575940600491220,optic,medulla,Mi9,right,GLUT,0.61
720575940600491883,optic,medulla,Mi9,right,GLUT,0.67
720575940600492249,optic,medulla,Mi9,right,GLUT,0.94
720575940600492298,optic,medulla,Mi9,right,GLUT,0.94
720575940600492638,optic,medulla,Mi9,right,GLUT,0.71
720575940600493457,optic,medulla,Mi9,right,GLUT,0.74
720575940600494368,optic,medulla,Mi9,right,GLUT,0.76
720575940600494819,optic,medulla,Mi9,right,GLUT,0.95
720575940600495215,optic,medulla,Mi9,right,GLUT,0.73
720575940600495407,optic,medulla,Mi9,right,GLUT,0.79
720575940600495917,optic,medulla,Mi9,right,GLUT,0.74
720575940600496734,optic,medulla,Mi9,right,GLUT,0.8
720575940600497555,optic,medulla,Mi9,right,GLUT,0.63
720575940600497990,optic,medulla,Mi9,right,GLUT,0.63
720575940600498607,optic,medulla,Mi9,right,GLUT,0.99
720575940600498792,optic,medulla,Mi9,right,GLUT,0.81
720575940600499121,optic,medulla,Mi9,right,GLUT,0.64
720575940600499457,optic,medulla,Mi9,right,GLUT,0.86
720575940600499771,optic,medulla,Mi9,right,GLUT,0.77
720575940600500506,optic,medulla,Mi9,right,GLUT,0.77
720575940600501213,optic,medulla,Mi9,right,GLUT,0.77
720575940600501671,optic,medulla,Mi9,right,GLUT,0.62
720575940600502562,optic,medulla,Mi9,right,GLUT,0.96
720575940600503192,optic,medulla,Mi9,right,GLUT,0.99
720575940600503474,optic,medulla,Mi9,right,GLUT,0.85
720575940600504285,optic,medulla,Mi9,right,GLUT,0.97
720575940600504362,optic,medulla,Mi9,right,GLUT,0.86
720575940600504778,optic,medulla,Mi9,right,GLUT,0.74
720575940600505599,optic,medulla,Mi9,right,GLUT,0.89
720575940600505763,optic,medulla,Mi9,right,GLUT,0.97
720575940600505910,optic,medulla,Mi9,right,GLUT,0.93
720575940600506605,optic,medulla,Mi9,right,GLUT,0.9
720575940600506641,optic,medulla,Mi9,right,GLUT,0.65
720575940600506883,optic,medulla,Mi9,right,GLUT,0.9
720575940600507259,optic,medulla,Mi9,right,GLUT,0.74
720575940600508232,optic,medulla,Mi9,right,GLUT,0.82
720575940600508852,optic,medulla,Mi9,right,GLUT,0.66
720575940600509313,optic,medulla,Mi9,right,GLUT,0.97
720575940600509694,optic,medulla,Mi9,right,GLUT,0.77
720575940600509773,optic,medulla,Mi9,right,GLUT,0.82
720575940600510316,optic,medulla,Mi9,right,GLUT,0.74
720575940600510638,optic,medulla,Mi9,right,GLUT,0.85
720575940600510894,optic,medulla,Mi9,right,GLUT,0.97
720575940600510921,optic,medulla,Mi9,right,GLUT,0.89
720575940600511433,optic,medulla,Mi9,right,GLUT,0.8
720575940600512369,optic,medulla,Mi9,right,GLUT,0.82
720575940600512638,optic,medulla,Mi9,right,GLUT,0.9
720575940600513359,optic,medulla,Mi9,right,GLUT,0.77
720575940600513986,optic,medulla,Mi9,right,GLUT,0.71
720575940600514925,optic,medulla,Mi9,right,GLUT,0.99
720575940600515130,optic,medulla,Mi9,right,GLUT,0.65
720575940600516004,optic,medulla,Mi9,right,GLUT,0.63
720575940600516181,optic,medulla,Mi9,right,GLUT,0.95
720575940600516637,optic,medulla,Mi9,right,GLUT,0.99
720575940600517467,optic,medulla,Mi9,right,GLUT,0.87
720575940600518333,optic,medulla,Mi9,right,GLUT,0.98
720575940600519017,optic,medulla,Mi9,right,GLUT,0.74
720575940600519084,optic,medulla,Mi9,right,GLUT,0.81
720575940600519382,optic,medulla,Mi9,right,GLUT,0.95
720575940600520254,optic,medulla,Mi9,right,GLUT,0.66
720575940600520981,optic,medulla,Mi9,right,GLUT,0.96
720575940600521635,optic,medulla,Mi9,right,GLUT,0.67
720575940600522006,optic,medulla,Mi9,right,GLUT,0.8
720575940600522131,optic,medulla,Mi9,right,GLUT,0.98
720575940600522943,optic,medulla,Mi9,right,GLUT,0.65
720575940600523753,optic,medulla,Mi9,right,GLUT,0.79
720575940600524123,optic,medulla,Mi9,right,GLUT,0.82
720575940600524501,optic,medulla,Mi9,right,GLUT,0.78
720575940600525066,optic,medulla,Mi9,right,GLUT,0.65
720575940600525972,optic,medulla,Mi9,right,GLUT,0.63
720575940600526289,optic,medulla,Mi9,right,GLUT,0.76
720575940600527024,optic,medulla,Mi9,right,GLUT,0.88
720575940600527563,optic,medulla,Mi9,right,GLUT,0.76
720575940600527983,optic,medulla,Mi9,right,GLUT,0.92
720575940600528059,optic,medulla,Mi9,right,GLUT,0.65
720575940600528384,optic,medulla,Mi9,right,GLUT,0.85
720575940600528845,optic,medulla,Mi9,right,GLUT,0.78
720575940600529375,optic,medulla,Tm3,left,ACH,0.73
720575940600530275,optic,medulla,Tm3,left,ACH,0.92
720575940600530840,optic,medulla,Tm3,left,ACH,0.85
720575940600531027,optic,medulla,Tm3,left,ACH,0.9
720575940600531160,optic,medulla,Tm3,left,ACH,0.77
720575940600532093,optic,medulla,Tm3,left,ACH,0.94
720575940600532945,optic,medulla,Tm3,left,ACH,0.65
720575940600533102,optic,medulla,Tm3,left,ACH,0.72
720575940600533268,optic,medulla,Tm3,left,ACH,0.73
720575940600533995,optic,medulla,Tm3,left,ACH,0.69
720575940600534966,optic,medulla,Tm3,left,ACH,0.97
720575940600535883,optic,medulla,Tm3,left,ACH,0.71
720575940600535964,optic,medulla,Tm3,left,ACH,0.7
720575940600536615,optic,medulla,Tm3,left,ACH,0.97
720575940600536897,optic,medulla,Tm3,left,ACH,0.65
720575940600537208,optic,medulla,Tm3,left,ACH,0.84
720575940600537304,optic,medulla,Tm3,left,ACH,0.8
720575940600537477,optic,medulla,Tm3,left,ACH,0.83
720575940600538072,optic,medulla,Tm3,left,ACH,0.66
720575940600538747,optic,medulla,Tm3,left,ACH,0.84
720575940600539671,optic,medulla,Tm3,left,ACH,0.84
720575940600540534,optic,medulla,Tm3,left,ACH,0.96
720575940600540577,optic,medulla,Tm3,left,ACH,0.92
720575940600540607,optic,medulla,Tm3,left,ACH,0.63
720575940600541579,optic,medulla,Tm3,left,ACH,0.85
720575940600542170,optic,medulla,Tm3,left,ACH,0.7
720575940600542386,optic,medulla,Tm3,left,ACH,0.9
720575940600542813,optic,medulla,Tm3,left,ACH,0.84
720575940600542845,optic,medulla,Tm3,left,ACH,0.79
720575940600543488,optic,medulla,Tm3,left,ACH,0.81
720575940600544146,optic,medulla,Tm3,left,ACH,0.97
720575940600544641,optic,medulla,Tm3,left,ACH,0.7
720575940600545468,optic,medulla,Tm3,left,ACH,0.87
720575940600545773,optic,medulla,Tm3,left,ACH,0.78
720575940600546479,optic,medulla,Tm3,left,ACH,0.62
720575940600546930,optic,medulla,Tm3,left,ACH,0.76
720575940600547406,optic,medulla,Tm3,left,ACH,0.68
720575940600548028,optic,medulla,Tm3,left,ACH,0.66
720575940600548911,optic,medulla,Tm3,left,ACH,0.88
720575940600549663,optic,medulla,Tm3,left,ACH,0.99
720575940600550017,optic,medulla,Tm3,left,ACH,0.98
720575940600550151,optic,medulla,Tm3,left,ACH,0.9
720575940600550679,optic,medulla,Tm3,left,ACH,0.82
720575940600551006,optic,medulla,Tm3,left,ACH,0.69
720575940600551132,optic,medulla,Tm3,left,ACH,0.7
720575940600551386,optic,medulla,Tm3,left,ACH,0.65
720575940600551438,optic,medulla,Tm3,left,ACH,0.71
720575940600551832,optic,medulla,Tm3,left,ACH,0.94
720575940600552261,optic,medulla,Tm3,left,ACH,0.7
720575940600553148,optic,medulla,Tm3,left,ACH,0.95
720575940600553982,optic,medulla,Tm3,left,ACH,0.73
720575940600554574,optic,medulla,Tm3,left,ACH,0.88
720575940600554769,optic,medulla,Tm3,left,ACH,0.9
720575940600555280,optic,medulla,Tm3,left,ACH,0.99
720575940600555759,optic,medulla,Tm3,left,ACH,0.79
720575940600556075,optic,medulla,Tm3,left,ACH,0.79
720575940600556168,optic,medulla,Tm3,left,ACH,0.97
720575940600556686,optic,medulla,Tm3,left,ACH,0.78
720575940600556933,optic,medulla,Tm3,left,ACH,0.68
720575940600557295,optic,medulla,Tm3,left,ACH,0.62
720575940600557584,optic,medulla,Tm3,left,ACH,0.79
720575940600558488,optic,medulla,Tm3,left,ACH,0.93
720575940600559177,optic,medulla,Tm3,left,ACH,0.78
720575940600559727,optic,medulla,Tm3,left,ACH,0.6
720575940600559838,optic,medulla,Tm3,left,ACH,0.77
720575940600560742,optic,medulla,Tm3,left,ACH,0.7
720575940600561117,optic,medulla,Tm3,left,ACH,0.9
720575940600561492,optic,medulla,Tm3,left,ACH,0.62
720575940600561545,optic,medulla,Tm3,left,ACH,0.82
720575940600561745,optic,medulla,Tm3,left,ACH,0.74
720575940600562041,optic,medulla,Tm3,left,ACH,0.63
720575940600562558,optic,medulla,Tm3,left,ACH,0.78
720575940600563122,optic,medulla,Tm3,left,ACH,0.71
720575940600563761,optic,medulla,Tm3,left,ACH,0.87
720575940600563883,optic,medulla,Tm3,left,ACH,0.65
720575940600563983,optic,medulla,Tm3,left,ACH,0.75
720575940600564797,optic,medulla,Tm3,left,ACH,0.98
720575940600565369,optic,medulla,Tm3,left,ACH,0.97
720575940600566143,optic,medulla,Tm3,left,ACH,0.66
720575940600566760,optic,medulla,Tm3,left,ACH,0.8
720575940600567273,optic,medulla,Tm3,left,ACH,0.62
720575940600567313,optic,medulla,Tm3,left,ACH,0.65
720575940600567655,optic,medulla,Tm3,left,ACH,0.91
720575940600568187,optic,medulla,Tm3,left,ACH,0.78
720575940600568808,optic,medulla,Tm3,left,ACH,0.95
720575940600568952,optic,medulla,Tm3,left,ACH,0.73
720575940600569580,optic,medulla,Tm3,left,ACH,0.72
720575940600569983,optic,medulla,Tm3,left,ACH,0.99
720575940600570741,optic,medulla,Tm3,left,ACH,0.93
720575940600571349,optic,medulla,Tm3,left,ACH,0.73
720575940600572198,optic,medulla,Tm3,left,ACH,0.8
720575940600572700,optic,medulla,Tm3,left,ACH,0.88
720575940600573007,optic,medulla,Tm3,left,ACH,0.79
720575940600573025,optic,medulla,Tm3,left,ACH,0.74
720575940600573715,optic,medulla,Tm3,left,ACH,0.64
720575940600574142,optic,medulla,Tm3,left,ACH,0.83
720575940600574958,optic,medulla,Tm3,left,ACH,0.95
720575940600575852,optic,medulla,Tm3,left,ACH,0.87
720575940600575880,optic,medulla,Tm3,left,ACH,0.83
720575940600576152,optic,medulla,Tm3,left,ACH,0.98
720575940600576954,optic,medulla,Tm3,right,ACH,0.98
720575940600577547,optic,medulla,Tm3,right,ACH,0.83
720575940600578286,optic,medulla,Tm3,right,ACH,0.62
720575940600578778,optic,medulla,Tm3,right,ACH,0.67
720575940600579423,optic,medulla,Tm3,right,ACH,0.88
720575940600580217,optic,medulla,Tm3,right,ACH,0.93
720575940600580369,optic,medulla,Tm3,right,ACH,0.92
720575940600580618,optic,medulla,Tm3,right,ACH,0.61
720575940600581589,optic,medulla,Tm3,right,ACH,0.87
720575940600581785,optic,medulla,Tm3,right,ACH,0.61
720575940600582107,optic,medulla,Tm3,right,ACH,0.76
720575940600582530,optic,medulla,Tm3,right,ACH,0.87
720575940600582951,optic,medulla,Tm3,right,ACH,0.8
720575940600583578,optic,medulla,Tm3,right,ACH,0.96
720575940600584472,optic,medulla,Tm3,right,ACH,0.93
720575940600585217,optic,medulla,Tm3,right,ACH,0.62
720575940600585359,optic,medulla,Tm3,right,ACH,0.8
720575940600585934,optic,medulla,Tm3,right,ACH,0.73
720575940600586613,optic,medulla,Tm3,right,ACH,0.79
720575940600586999,optic,medulla,Tm3,right,ACH,0.72
720575940600587177,optic,medulla,Tm3,right,ACH,0.78
720575940600587723,optic,medulla,Tm3,right,ACH,0.73
720575940600588086,optic,medulla,Tm3,right,ACH,0.86
720575940600588975,optic,medulla,Tm3,right,ACH,0.88
720575940600589634,optic,medulla,Tm3,right,ACH,0.91
720575940600589905,optic,medulla,Tm3,right,ACH,0.84
720575940600590102,optic,medulla,Tm3,right,ACH,0.97
720575940600590388,optic,medulla,Tm3,right,ACH,0.82
720575940600590619,optic,medulla,Tm3,right,ACH,0.97
720575940600590924,optic,medulla,Tm3,right,ACH,0.9
720575940600591646,optic,medulla,Tm3,right,ACH,0.68
720575940600592368,optic,medulla,Tm3,right,ACH,0.79
720575940600592860,optic,medulla,Tm3,right,ACH,0.74
720575940600593817,optic,medulla,Tm3,right,ACH,0.96
720575940600594556,optic,medulla,Tm3,right,ACH,0.71
720575940600594681,optic,medulla,Tm3,right,ACH,0.82
720575940600595238,optic,medulla,Tm3,right,ACH,0.75
720575940600595643,optic,medulla,Tm3,right,ACH,0.92
720575940600596621,optic,medulla,Tm3,right,ACH,0.9
720575940600596771,optic,medulla,Tm3,right,ACH,0.71
720575940600597066,optic,medulla,Tm3,right,ACH,0.97
720575940600597147,optic,medulla,Tm3,right,ACH,0.74
720575940600597600,optic,medulla,Tm3,right,ACH,0.86
720575940600598366,optic,medulla,Tm3,right,ACH,0.79
720575940600598573,optic,medulla,Tm3,right,ACH,0.92
720575940600598851,optic,medulla,Tm3,right,ACH,0.96
720575940600599564,optic,medulla,Tm3,right,ACH,0.71
720575940600599676,optic,medulla,Tm3,right,ACH,0.84
720575940600600277,optic,medulla,Tm3,right,ACH,0.69
720575940600600329,optic,medulla,Tm3,right,ACH,0.86
720575940600600873,optic,medulla,Tm3,right,ACH,0.69
720575940600601112,optic,medulla,Tm3,right,ACH,0.62
720575940600601536,optic,medulla,Tm3,right,ACH,0.73
720575940600602020,optic,medulla,Tm3,right,ACH,0.64
720575940600602810,optic,medulla,Tm3,right,ACH,0.65
720575940600603798,optic,medulla,Tm3,right,ACH,0.81
720575940600604750,optic,medulla,Tm3,right,ACH,0.66
720575940600605419,optic,medulla,Tm3,right,ACH,0.96
720575940600606319,optic,medulla,Tm3,right,ACH,0.79
720575940600606986,optic,medulla,Tm3,right,ACH,0.68
720575940600607974,optic,medulla,Tm3,right,ACH,0.71
720575940600608267,optic,medulla,Tm3,right,ACH,0.85
720575940600609197,optic,medulla,Tm3,right,ACH,0.9
720575940600609865,optic,medulla,Tm3,right,ACH,0.82
720575940600610413,optic,medulla,Tm3,right,ACH,0.89
720575940600611284,optic,medulla,Tm3,right,ACH,0.97
720575940600612220,optic,medulla,Tm3,right,ACH,0.96
720575940600612648,optic,medulla,Tm3,right,ACH,0.94
720575940600612829,optic,medulla,Tm3,right,ACH,0.96
720575940600612867,optic,medulla,Tm3,right,ACH,0.99
720575940600613274,optic,medulla,Tm3,right,ACH,0.91
720575940600613465,optic,medulla,Tm3,right,ACH,0.97
720575940600614451,optic,medulla,Tm3,right,ACH,0.94
720575940600614748,optic,medulla,Tm3,right,ACH,0.94
720575940600614758,optic,medulla,Tm3,right,ACH,0.72
720575940600615376,optic,medulla,Tm3,right,ACH,0.64
720575940600615720,optic,medulla,Tm3,right,ACH,0.71
720575940600616377,optic,medulla,Tm3,right,ACH,0.81
720575940600616883,optic,medulla,Tm3,right,ACH,0.95
720575940600617021,optic,medulla,Tm3,right,ACH,0.93
720575940600617501,optic,medulla,Tm3,right,ACH,0.71
720575940600618330,optic,medulla,Tm3,right,ACH,0.64
720575940600618497,optic,medulla,Tm3,right,ACH,0.89
720575940600619161,optic,medulla,Tm3,right,ACH,0.7
720575940600619352,optic,medulla,Tm3,right,ACH,0.61
720575940600619698,optic,medulla,Tm3,right,ACH,0.91
720575940600620280,optic,medulla,Tm3,right,ACH,0.86
720575940600620478,optic,medulla,Tm3,right,ACH,0.67
720575940600621355,optic,medulla,Tm3,right,ACH,0.85
720575940600621771,optic,medulla,Tm3,right,ACH,0.92
720575940600622299,optic,medulla,Tm3,right,ACH,0.73
720575940600622710,optic,medulla,Tm3,right,ACH,0.86
720575940600622900,optic,medulla,Tm3,right,ACH,0.98
720575940600623389,optic,medulla,Tm3,right,ACH,0.73
720575940600623644,optic,medulla,Tm3,right,ACH,0.6
720575940600624037,optic,medulla,Tm3,right,ACH,0.69
720575940600624809,optic,medulla,Tm3,right,ACH,0.7
720575940600625147,optic,medulla,Tm3,right,ACH,0.72
720575940600625888,optic,medulla,Tm3,right,ACH,0.82
720575940600626156,optic,medulla,Tm3,right,ACH,0.85
720575940600626866,optic,motion,T4,left,ACH,0.69
720575940600627550,optic,motion,T4,left,ACH,0.65
720575940600627865,optic,motion,T4,left,ACH,0.66
720575940600628568,optic,motion,T4,left,ACH,0.8
720575940600629485,optic,motion,T4,left,ACH,0.95
720575940600630274,optic,motion,T4,left,ACH,0.72
720575940600630395,optic,motion,T4,left,ACH,0.85
720575940600631359,optic,motion,T4,left,ACH,0.72
720575940600631989,optic,motion,T4,left,ACH,0.69
720575940600632970,optic,motion,T4,left,ACH,0.65
720575940600633127,optic,motion,T4,left,ACH,0.78
720575940600633748,optic,motion,T4,left,ACH,0.75
720575940600634467,optic,motion,T4,left,ACH,0.81
720575940600634950,optic,motion,T4,left,ACH,0.9
720575940600635772,optic,motion,T4,left,ACH,0.86
720575940600635996,optic,motion,T4,left,ACH,0.9
720575940600636693,optic,motion,T4,left,ACH,0.89
720575940600637588,optic,motion,T4,left,ACH,0.91
720575940600638127,optic,motion,T4,left,ACH,0.77
720575940600638848,optic,motion,T4,left,ACH,0.74
720575940600639788,optic,motion,T4,left,ACH,0.82
720575940600639852,optic,motion,T4,left,ACH,0.92
720575940600640777,optic,motion,T4,left,ACH,0.8
720575940600641364,optic,motion,T4,left,ACH,0.81
720575940600641533,optic,motion,T4,left,ACH,0.73
720575940600642066,optic,motion,T4,left,ACH,0.77
720575940600642763,optic,motion,T4,left,ACH,0.68
720575940600643361,optic,motion,T4,left,ACH,0.79
720575940600644282,optic,motion,T4,left,ACH,0.8
720575940600645111,optic,motion,T4,left,ACH,0.62
720575940600645247,optic,motion,T4,left,ACH,0.8
720575940600645715,optic,motion,T4,left,ACH,0.82
720575940600646288,optic,motion,T4,left,ACH,0.78
720575940600647115,optic,motion,T4,left,ACH,0.72
720575940600647138,optic,motion,T4,left,ACH,0.75
720575940600647975,optic,motion,T4,left,ACH,0.6
720575940600648199,optic,motion,T4,left,ACH,0.83
720575940600648246,optic,motion,T4,left,ACH,0.77
720575940600648964,optic,motion,T4,left,ACH,0.62
720575940600649026,optic,motion,T4,left,ACH,0.96
720575940600649097,optic,motion,T4,left,ACH,0.98
720575940600649581,optic,motion,T4,left,ACH,0.61
720575940600650000,optic,motion,T4,left,ACH,0.67
720575940600650139,optic,motion,T4,left,ACH,0.9
720575940600650886,optic,motion,T4,left,ACH,0.85
720575940600651317,optic,motion,T4,left,ACH,0.75
720575940600652230,optic,motion,T4,left,ACH,0.75
720575940600653121,optic,motion,T4,left,ACH,0.96
720575940600653508,optic,motion,T4,left,ACH,0.75
720575940600654208,optic,motion,T4,left,ACH,0.98
720575940600655104,optic,motion,T4,left,ACH,0.81
720575940600655774,optic,motion,T4,left,ACH,0.94
720575940600655896,optic,motion,T4,left,ACH,0.67
720575940600656447,optic,motion,T4,left,ACH,0.75
720575940600656578,optic,motion,T4,left,ACH,0.88
720575940600656807,optic,motion,T4,left,ACH,0.93
720575940600657582,optic,motion,T4,left,ACH,0.61
720575940600657888,optic,motion,T4,left,ACH,0.78
720575940600658625,optic,motion,T4,left,ACH,0.81
720575940600659170,optic,motion,T4,left,ACH,0.75
720575940600659406,optic,motion,T4,left,ACH,0.7
720575940600659761,optic,motion,T4,left,ACH,0.66
720575940600659955,optic,motion,T4,left,ACH,0.97
720575940600660698,optic,motion,T4,left,ACH,0.9
720575940600660731,optic,motion,T4,left,ACH,0.92
720575940600661161,optic,motion,T4,left,ACH,0.84
720575940600662120,optic,motion,T4,left,ACH,0.94
720575940600662137,optic,motion,T4,left,ACH,0.69
720575940600662206,optic,motion,T4,left,ACH,0.64
720575940600662241,optic,motion,T4,left,ACH,0.77
720575940600662930,optic,motion,T4,left,ACH,0.87
720575940600662980,optic,motion,T4,left,ACH,0.7
720575940600663026,optic,motion,T4,left,ACH,0.76
720575940600663266,optic,motion,T4,left,ACH,0.81
720575940600664039,optic,motion,T4,left,ACH,0.94
720575940600664097,optic,motion,T4,left,ACH,0.65
720575940600664394,optic,motion,T4,left,ACH,0.69
720575940600665333,optic,motion,T4,left,ACH,0.89
720575940600665660,optic,motion,T4,left,ACH,0.83
720575940600666452,optic,motion,T4,left,ACH,0.86
720575940600666781,optic,motion,T4,left,ACH,0.69
720575940600667679,optic,motion,T4,left,ACH,0.66
720575940600668356,optic,motion,T4,left,ACH,0.8
720575940600668780,optic,motion,T4,left,ACH,0.72
720575940600668843,optic,motion,T4,left,ACH,0.82
720575940600669449,optic,motion,T4,left,ACH,0.94
720575940600670383,optic,motion,T4,left,ACH,0.67
720575940600671079,optic,motion,T4,left,ACH,0.77
720575940600671587,optic,motion,T4,left,ACH,0.62
720575940600671940,optic,motion,T4,left,ACH,0.97
720575940600672628,optic,motion,T4,left,ACH,0.75
720575940600673166,optic,motion,T4,left,ACH,0.72
720575940600673593,optic,motion,T4,left,ACH,0.76
720575940600673901,optic,motion,T4,left,ACH,0.75
720575940600674674,optic,motion,T4,left,ACH,0.81
720575940600674921,optic,motion,T4,left,ACH,0.93
720575940600675229,optic,motion,T4,left,ACH,0.93
720575940600675377,optic,motion,T4,left,ACH,0.91
720575940600676314,optic,motion,T4,left,ACH,0.62
720575940600676737,optic,motion,T4,left,ACH,0.98
720575940600677308,optic,motion,T4,left,ACH,0.81
720575940600677706,optic,motion,T4,left,ACH,0.69
720575940600677915,optic,motion,T4,left,ACH,0.73
720575940600677996,optic,motion,T4,left,ACH,0.96
720575940600678864,optic,motion,T4,left,ACH,0.74
720575940600679413,optic,motion,T4,left,ACH,0.88
720575940600679609,optic,motion,T4,left,ACH,0.62
720575940600679996,optic,motion,T4,left,ACH,0.86
720575940600680614,optic,motion,T4,left,ACH,0.62
720575940600680689,optic,motion,T4,left,ACH,0.67
720575940600681469,optic,motion,T4,left,ACH,0.83
720575940600682157,optic,motion,T4,left,ACH,0.82
720575940600682648,optic,motion,T4,left,ACH,0.68
720575940600683577,optic,motion,T4,left,ACH,0.73
720575940600684557,optic,motion,T4,left,ACH,0.95
720575940600684774,optic,motion,T4,left,ACH,0.97
720575940600685760,optic,motion,T4,left,ACH,0.89
720575940600686525,optic,motion,T4,left,ACH,0.99
720575940600687016,optic,motion,T4,left,ACH,0.96
720575940600687729,optic,motion,T4,left,ACH,0.84
720575940600687939,optic,motion,T4,left,ACH,0.75
720575940600688185,optic,motion,T4,left,ACH,0.82
720575940600688980,optic,motion,T4,left,ACH,0.71
720575940600689458,optic,motion,T4,left,ACH,0.81
720575940600689826,optic,motion,T4,left,ACH,0.72
720575940600690195,optic,motion,T4,left,ACH,0.8
720575940600690705,optic,motion,T4,left,ACH,0.78
720575940600691528,optic,motion,T4,left,ACH,0.98
720575940600692009,optic,motion,T4,left,ACH,0.9
720575940600692337,optic,motion,T4,left,ACH,0.96
720575940600692717,optic,motion,T4,left,ACH,0.72
720575940600692764,optic,motion,T4,left,ACH,0.82
720575940600692991,optic,motion,T4,left,ACH,0.89
720575940600693008,optic,motion,T4,left,ACH,0.7
720575940600693966,optic,motion,T4,left,ACH,0.83
720575940600694704,optic,motion,T4,left,ACH,0.76
720575940600694861,optic,motion,T4,left,ACH,0.68
720575940600695097,optic,motion,T4,left,ACH,0.75
720575940600695951,optic,motion,T4,left,ACH,0.7
720575940600696515,optic,motion,T4,left,ACH,0.86
720575940600697217,optic,motion,T4,left,ACH,0.73
720575940600697999,optic,motion,T4,left,ACH,0.92
720575940600698989,optic,motion,T4,left,ACH,0.88
720575940600699747,optic,motion,T4,left,ACH,0.79
720575940600699920,optic,motion,T4,left,ACH,0.89
720575940600700281,optic,motion,T4,left,ACH,0.67
720575940600701019,optic,motion,T4,left,ACH,0.81
720575940600701208,optic,motion,T4,left,ACH,0.96
720575940600701764,optic,motion,T4,left,ACH,0.99
720575940600702745,optic,motion,T4,left,ACH,0.62
720575940600702780,optic,motion,T4,left,ACH,0.93
720575940600702857,optic,motion,T4,left,ACH,0.97
720575940600703542,optic,motion,T4,left,ACH,0.62
720575940600703549,optic,motion,T4,left,ACH,0.76
720575940600704412,optic,motion,T4,left,ACH,0.85
720575940600704482,optic,motion,T4,left,ACH,0.88
720575940600704492,optic,motion,T4,left,ACH,0.69
720575940600704959,optic,motion,T4,left,ACH,0.75
720575940600705592,optic,motion,T4,left,ACH,0.85
720575940600706549,optic,motion,T4,left,ACH,0.84
720575940600707044,optic,motion,T4,right,ACH,0.86
720575940600707061,optic,motion,T4,right,ACH,0.6
720575940600707626,optic,motion,T4,right,ACH,0.76
720575940600707644,optic,motion,T4,right,ACH,0.81
720575940600707926,optic,motion,T4,right,ACH,0.81
720575940600708220,optic,motion,T4,right,ACH,0.61
720575940600709053,optic,motion,T4,right,ACH,0.87
720575940600709494,optic,motion,T4,right,ACH,0.91
720575940600710426,optic,motion,T4,right,ACH,0.67
720575940600711367,optic,motion,T4,right,ACH,0.64
720575940600711520,optic,motion,T4,right,ACH,0.69
720575940600712155,optic,motion,T4,right,ACH,0.81
720575940600712990,optic,motion,T4,right,ACH,0.74
720575940600713805,optic,motion,T4,right,ACH,0.75
720575940600714188,optic,motion,T4,right,ACH,0.97
720575940600714659,optic,motion,T4,right,ACH,0.82
720575940600715373,optic,motion,T4,right,ACH,0.69
720575940600716074,optic,motion,T4,right,ACH,0.92
720575940600716157,optic,motion,T4,right,ACH,0.85
720575940600717036,optic,motion,T4,right,ACH,0.85
720575940600717069,optic,motion,T4,right,ACH,0.64
720575940600717458,optic,motion,T4,right,ACH,0.75
720575940600717946,optic,motion,T4,right,ACH,0.62
720575940600717956,optic,motion,T4,right,ACH,0.87
720575940600718041,optic,motion,T4,right,ACH,0.79
720575940600718486,optic,motion,T4,right,ACH,0.85
720575940600718826,optic,motion,T4,right,ACH,0.82
720575940600719705,optic,motion,T4,right,ACH,0.98
720575940600720622,optic,motion,T4,right,ACH,0.81
720575940600720666,optic,motion,T4,right,ACH,0.69
720575940600721589,optic,motion,T4,right,ACH,0.94
720575940600722498,optic,motion,T4,right,ACH,0.82
720575940600722776,optic,motion,T4,right,ACH,0.62
720575940600722853,optic,motion,T4,right,ACH,0.87
720575940600723141,optic,motion,T4,right,ACH,0.95
720575940600723719,optic,motion,T4,right,ACH,0.86
720575940600723903,optic,motion,T4,right,ACH,0.96
720575940600724226,optic,motion,T4,right,ACH,0.61
720575940600724439,optic,motion,T4,right,ACH,0.83
720575940600725210,optic,motion,T4,right,ACH,0.92
720575940600726051,optic,motion,T4,right,ACH,0.76
720575940600726130,optic,motion,T4,right,ACH,0.72
720575940600726708,optic,motion,T4,right,ACH,0.69
720575940600727563,optic,motion,T4,right,ACH,0.93
720575940600728257,optic,motion,T4,right,ACH,0.95
720575940600728597,optic,motion,T4,right,ACH,0.75
720575940600729355,optic,motion,T4,right,ACH,0.65
720575940600730061,optic,motion,T4,right,ACH,0.88
720575940600730574,optic,motion,T4,right,ACH,0.89
720575940600730929,optic,motion,T4,right,ACH,0.62
720575940600731377,optic,motion,T4,right,ACH,0.69
720575940600731455,optic,motion,T4,right,ACH,0.73
720575940600732243,optic,motion,T4,right,ACH,0.84
720575940600732853,optic,motion,T4,right,ACH,0.75
720575940600733646,optic,motion,T4,right,ACH,0.73
720575940600734296,optic,motion,T4,right,ACH,0.71
720575940600734758,optic,motion,T4,right,ACH,0.79
720575940600735123,optic,motion,T4,right,ACH,0.82
720575940600735508,optic,motion,T4,right,ACH,0.77
720575940600736205,optic,motion,T4,right,ACH,0.83
720575940600736595,optic,motion,T4,right,ACH,0.63
720575940600737229,optic,motion,T4,right,ACH,0.72
720575940600737482,optic,motion,T4,right,ACH,0.88
720575940600737567,optic,motion,T4,right,ACH,0.7
720575940600737957,optic,motion,T4,right,ACH,0.88
720575940600738607,optic,motion,T4,right,ACH,0.66
720575940600739006,optic,motion,T4,right,ACH,0.72
720575940600739116,optic,motion,T4,right,ACH,0.64
720575940600740082,optic,motion,T4,right,ACH,0.72
720575940600740451,optic,motion,T4,right,ACH,0.9
720575940600740556,optic,motion,T4,right,ACH,0.65
720575940600740748,optic,motion,T4,right,ACH,0.77
720575940600741319,optic,motion,T4,right,ACH,0.82
720575940600741737,optic,motion,T4,right,ACH,0.64
720575940600741829,optic,motion,T4,right,ACH,0.74
720575940600741925,optic,motion,T4,right,ACH,0.83
720575940600742729,optic,motion,T4,right,ACH,0.73
720575940600743124,optic,motion,T4,right,ACH,0.6
720575940600743548,optic,motion,T4,right,ACH,0.75
720575940600743635,optic,motion,T4,right,ACH,0.88
720575940600744208,optic,motion,T4,right,ACH,0.95
720575940600744457,optic,motion,T4,right,ACH,0.82
720575940600744631,optic,motion,T4,right,ACH,0.87
720575940600744805,optic,motion,T4,right,ACH,0.65
720575940600745114,optic,motion,T4,right,ACH,0.7
720575940600745264,optic,motion,T4,right,ACH,0.62
720575940600745710,optic,motion,T4,right,ACH,0.71
720575940600746017,optic,motion,T4,right,ACH,0.79
720575940600746096,optic,motion,T4,right,ACH,0.74
720575940600747063,optic,motion,T4,right,ACH,0.7
720575940600747704,optic,motion,T4,right,ACH,0.79
720575940600748336,optic,motion,T4,right,ACH,0.68
720575940600748446,optic,motion,T4,right,ACH,0.65
720575940600748453,optic,motion,T4,right,ACH,0.97
720575940600748794,optic,motion,T4,right,ACH,0.93
720575940600749184,optic,motion,T4,right,ACH,0.91
720575940600749522,optic,motion,T4,right,ACH,0.77
720575940600749963,optic,motion,T4,right,ACH,0.92
720575940600750844,optic,motion,T4,right,ACH,0.85
720575940600751453,optic,motion,T4,right,ACH,0.65
720575940600751782,optic,motion,T4,right,ACH,0.84
720575940600752494,optic,motion,T4,right,ACH,0.68
720575940600752816,optic,motion,T4,right,ACH,0.67
720575940600753224,optic,motion,T4,right,ACH,0.98
720575940600753523,optic,motion,T4,right,ACH,0.89
720575940600754172,optic,motion,T4,right,ACH,0.79
720575940600754762,optic,motion,T4,right,ACH,0.9
720575940600755096,optic,motion,T4,right,ACH,0.75
720575940600755933,optic,motion,T4,right,ACH,0.91
720575940600756307,optic,motion,T4,right,ACH,0.64
720575940600756885,optic,motion,T4,right,ACH,0.68
720575940600757444,optic,motion,T4,right,ACH,0.67
720575940600758231,optic,motion,T4,right,ACH,0.81
720575940600759207,optic,motion,T4,right,ACH,0.88
720575940600760173,optic,motion,T4,right,ACH,0.88
720575940600760622,optic,motion,T4,right,ACH,0.91
720575940600761474,optic,motion,T4,right,ACH,0.87
720575940600762313,optic,motion,T4,right,ACH,0.93
720575940600763128,optic,motion,T4,right,ACH,0.76
720575940600763640,optic,motion,T4,right,ACH,0.65
720575940600763951,optic,motion,T4,right,ACH,0.69
720575940600764626,optic,motion,T4,right,ACH,0.66
720575940600765060,optic,motion,T4,right,ACH,0.91
720575940600765136,optic,motion,T4,right,ACH,0.78
720575940600765749,optic,motion,T4,right,ACH,0.79
720575940600766160,optic,motion,T4,right,ACH,0.81
720575940600767106,optic,motion,T4,right,ACH,0.96
720575940600767815,optic,motion,T4,right,ACH,0.76
720575940600767853,optic,motion,T4,right,ACH,0.91
720575940600768222,optic,motion,T4,right,ACH,0.87
720575940600769054,optic,motion,T4,right,ACH,0.81
720575940600769708,optic,motion,T4,right,ACH,0.96
720575940600769820,optic,motion,T4,right,ACH,0.9
720575940600770494,optic,motion,T4,right,ACH,0.86
720575940600770665,optic,motion,T4,right,ACH,0.85
720575940600770711,optic,motion,T4,right,ACH,0.82
720575940600771372,optic,motion,T4,right,ACH,0.86
720575940600771782,optic,motion,T4,right,ACH,0.98
720575940600772122,optic,motion,T4,right,ACH,0.98
720575940600772563,optic,motion,T4,right,ACH,0.64
720575940600772664,optic,motion,T4,right,ACH,0.7
720575940600773187,optic,motion,T4,right,ACH,0.89
720575940600773759,optic,motion,T4,right,ACH,0.83
720575940600774349,optic,motion,T4,right,ACH,0.69
720575940600774733,optic,motion,T4,right,ACH,0.75
720575940600775524,optic,motion,T4,right,ACH,0.87
720575940600776232,optic,motion,T4,right,ACH,0.8
720575940600776586,optic,motion,T4,right,ACH,0.99
720575940600777081,optic,motion,T4,right,ACH,0.64
720575940600777507,optic,motion,T4,right,ACH,0.96
720575940600777595,optic,motion,T4,right,ACH,0.65
720575940600778559,optic,motion,T4,right,ACH,0.88
720575940600778916,optic,motion,T4,right,ACH,0.72
720575940600779383,optic,motion,T4,right,ACH,0.91
720575940600779917,optic,motion,T4,right,ACH,0.79
720575940600780405,optic,motion,T4,right,ACH,0.64
720575940600781145,optic,motion,T4,right,ACH,0.87
720575940600781472,optic,motion,T4,right,ACH,0.63
720575940600781518,optic,motion,T4,right,ACH,0.92
720575940600781636,optic,motion,T4,right,ACH,0.61
720575940600781988,optic,motion,T5,left,ACH,0.85
720575940600782682,optic,motion,T5,left,ACH,0.91
720575940600783635,optic,motion,T5,left,ACH,0.98
720575940600783885,optic,motion,T5,left,ACH,0.8
720575940600784451,optic,motion,T5,left,ACH,0.66
720575940600785025,optic,motion,T5,left,ACH,0.77
720575940600785499,optic,motion,T5,left,ACH,0.69
720575940600785914,optic,motion,T5,left,ACH,0.85
720575940600786105,optic,motion,T5,left,ACH,0.85
720575940600786548,optic,motion,T5,left,ACH,0.75
720575940600787304,optic,motion,T5,left,ACH,0.84
720575940600787507,optic,motion,T5,left,ACH,0.78
720575940600787947,optic,motion,T5,left,ACH,0.75
720575940600788669,optic,motion,T5,left,ACH,0.68
720575940600788955,optic,motion,T5,left,ACH,0.89
720575940600789784,optic,motion,T5,left,ACH,0.91
720575940600790376,optic,motion,T5,left,ACH,0.64
720575940600791269,optic,motion,T5,left,ACH,0.81
720575940600791644,optic,motion,T5,left,ACH,0.73
720575940600792113,optic,motion,T5,left,ACH,0.64
720575940600792800,optic,motion,T5,left,ACH,0.94
720575940600793341,optic,motion,T5,left,ACH,0.98
720575940600793662,optic,motion,T5,left,ACH,0.83
720575940600794288,optic,motion,T5,left,ACH,0.75
720575940600794405,optic,motion,T5,left,ACH,0.74
720575940600795271,optic,motion,T5,left,ACH,0.78
720575940600795448,optic,motion,T5,left,ACH,0.92
720575940600796171,optic,motion,T5,left,ACH,0.91
720575940600797112,optic,motion,T5,left,ACH,0.84
720575940600797199,optic,motion,T5,left,ACH,0.86
720575940600797520,optic,motion,T5,left,ACH,0.65
720575940600797833,optic,motion,T5,left,ACH,0.65
720575940600798216,optic,motion,T5,left,ACH,0.87
720575940600798740,optic,motion,T5,left,ACH,0.75
720575940600799351,optic,motion,T5,left,ACH,0.65
720575940600799744,optic,motion,T5,left,ACH,0.76
720575940600800243,optic,motion,T5,left,ACH,0.85
720575940600800954,optic,motion,T5,left,ACH,0.96
720575940600801908,optic,motion,T5,left,ACH,0.99
720575940600802477,optic,motion,T5,left,ACH,0.67
720575940600802773,optic,motion,T5,left,ACH,0.65
720575940600803096,optic,motion,T5,left,ACH,0.93
720575940600803731,optic,motion,T5,left,ACH,0.62
720575940600804099,optic,motion,T5,left,ACH,0.97
720575940600804596,optic,motion,T5,left,ACH,0.65
720575940600805431,optic,motion,T5,left,ACH,0.75
720575940600806007,optic,motion,T5,left,ACH,0.8
720575940600806514,optic,motion,T5,left,ACH,0.76
720575940600807018,optic,motion,T5,left,ACH,0.76
720575940600807879,optic,motion,T5,left,ACH,0.77
720575940600808051,optic,motion,T5,left,ACH,0.63
720575940600808083,optic,motion,T5,left,ACH,0.91
720575940600808309,optic,motion,T5,left,ACH,0.71
720575940600808591,optic,motion,T5,left,ACH,0.69
720575940600808887,optic,motion,T5,left,ACH,0.67
720575940600809356,optic,motion,T5,left,ACH,0.82
720575940600810148,optic,motion,T5,left,ACH,0.9
720575940600810711,optic,motion,T5,left,ACH,0.8
720575940600811298,optic,motion,T5,left,ACH,0.64
720575940600812092,optic,motion,T5,left,ACH,0.81
720575940600812468,optic,motion,T5,left,ACH,0.81
720575940600813243,optic,motion,T5,left,ACH,0.62
720575940600813980,optic,motion,T5,left,ACH,0.77
720575940600814204,optic,motion,T5,left,ACH,0.99
720575940600814309,optic,motion,T5,left,ACH,0.89
720575940600814979,optic,motion,T5,left,ACH,0.89
720575940600815284,optic,motion,T5,left,ACH,0.94
720575940600815318,optic,motion,T5,left,ACH,0.78
720575940600815675,optic,motion,T5,left,ACH,0.94
720575940600815765,optic,motion,T5,left,ACH,0.77
720575940600815886,optic,motion,T5,left,ACH,0.9
720575940600816129,optic,motion,T5,left,ACH,0.68
720575940600816885,optic,motion,T5,left,ACH,0.83
720575940600817245,optic,motion,T5,left,ACH,0.94
720575940600817870,optic,motion,T5,left,ACH,0.85
720575940600818040,optic,motion,T5,left,ACH,0.84
720575940600818844,optic,motion,T5,left,ACH,0.68
720575940600819056,optic,motion,T5,left,ACH,0.91
720575940600819640,optic,motion,T5,left,ACH,0.74
720575940600819928,optic,motion,T5,left,ACH,0.83
720575940600820101,optic,motion,T5,left,ACH,0.73
720575940600820822,optic,motion,T5,left,ACH,0.71
720575940600821409,optic,motion,T5,left,ACH,0.7
720575940600822288,optic,motion,T5,left,ACH,0.8
720575940600823210,optic,motion,T5,left,ACH,0.86
720575940600823308,optic,motion,T5,left,ACH,0.65
720575940600824077,optic,motion,T5,left,ACH,0.91
720575940600825018,optic,motion,T5,left,ACH,0.62
720575940600825302,optic,motion,T5,left,ACH,0.94
720575940600825432,optic,motion,T5,left,ACH,0.87
720575940600825568,optic,motion,T5,left,ACH,0.7
720575940600826297,optic,motion,T5,left,ACH,0.73
720575940600826551,optic,motion,T5,left,ACH,0.9
720575940600827244,optic,motion,T5,left,ACH,0.75
720575940600827390,optic,motion,T5,left,ACH,0.83
720575940600827666,optic,motion,T5,left,ACH,0.84
720575940600828051,optic,motion,T5,left,ACH,0.78
720575940600828700,optic,motion,T5,left,ACH,0.91
720575940600829488,optic,motion,T5,left,ACH,0.64
720575940600830016,optic,motion,T5,left,ACH,0.89
720575940600830728,optic,motion,T5,left,ACH,0.97
720575940600831106,optic,motion,T5,left,ACH,0.78
720575940600831606,optic,motion,T5,left,ACH,0.73
720575940600831609,optic,motion,T5,left,ACH,0.94
720575940600832477,optic,motion,T5,left,ACH,0.89
720575940600833226,optic,motion,T5,left,ACH,0.98
720575940600833877,optic,motion,T5,left,ACH,0.86
720575940600834244,optic,motion,T5,left,ACH,0.93
720575940600835059,optic,motion,T5,left,ACH,0.81
720575940600835283,optic,motion,T5,left,ACH,0.98
720575940600836128,optic,motion,T5,left,ACH,0.68
720575940600836403,optic,motion,T5,left,ACH,0.73
720575940600836694,optic,motion,T5,left,ACH,0.73
720575940600837286,optic,motion,T5,left,ACH,0.65
720575940600838159,optic,motion,T5,left,ACH,0.79
720575940600838511,optic,motion,T5,left,ACH,0.95
720575940600839292,optic,motion,T5,left,ACH,0.62
720575940600839394,optic,motion,T5,left,ACH,0.84
720575940600840251,optic,motion,T5,left,ACH,0.78
720575940600840379,optic,motion,T5,left,ACH,0.96
720575940600840541,optic,motion,T5,left,ACH,0.77
720575940600840542,optic,motion,T5,left,ACH,0.99
720575940600840981,optic,motion,T5,left,ACH,0.68
720575940600841687,optic,motion,T5,left,ACH,0.95
720575940600842591,optic,motion,T5,left,ACH,0.85
720575940600842754,optic,motion,T5,left,ACH,0.94
720575940600843652,optic,motion,T5,left,ACH,0.71
720575940600844323,optic,motion,T5,left,ACH,0.74
720575940600844408,optic,motion,T5,left,ACH,0.75
720575940600845334,optic,motion,T5,left,ACH,0.85
720575940600845388,optic,motion,T5,left,ACH,0.75
720575940600845701,optic,motion,T5,left,ACH,0.88
720575940600846475,optic,motion,T5,left,ACH,0.69
720575940600847147,optic,motion,T5,left,ACH,0.64
720575940600847245,optic,motion,T5,left,ACH,0.6
720575940600847734,optic,motion,T5,left,ACH,0.63
720575940600848342,optic,motion,T5,left,ACH,0.69
720575940600849039,optic,motion,T5,left,ACH,0.77
720575940600849048,optic,motion,T5,left,ACH,0.87
720575940600849885,optic,motion,T5,left,ACH,0.65
720575940600850766,optic,motion,T5,left,ACH,0.76
720575940600850902,optic,motion,T5,left,ACH,0.79
720575940600851137,optic,motion,T5,left,ACH,0.75
720575940600851886,optic,motion,T5,left,ACH,0.91
720575940600851992,optic,motion,T5,left,ACH,0.72
720575940600852895,optic,motion,T5,left,ACH,0.72
720575940600853287,optic,motion,T5,left,ACH,0.9
720575940600854059,optic,motion,T5,left,ACH,0.94
720575940600854716,optic,motion,T5,left,ACH,0.99
720575940600854863,optic,motion,T5,left,ACH,0.63
720575940600855440,optic,motion,T5,left,ACH,0.6
720575940600856106,optic,motion,T5,left,ACH,0.66
720575940600856466,optic,motion,T5,left,ACH,0.88
720575940600857110,optic,motion,T5,left,ACH,0.89
720575940600858052,optic,motion,T5,left,ACH,0.76
720575940600858756,optic,motion,T5,left,ACH,0.77
720575940600858979,optic,motion,T5,left,ACH,0.63
720575940600859082,optic,motion,T5,left,ACH,0.65
720575940600859209,optic,motion,T5,left,ACH,0.83
720575940600859603,optic,motion,T5,left,ACH,0.74
720575940600860043,optic,motion,T5,right,ACH,0.72
720575940600860187,optic,motion,T5,right,ACH,0.7
720575940600860848,optic,motion,T5,right,ACH,0.63
720575940600861415,optic,motion,T5,right,ACH,0.83
720575940600862154,optic,motion,T5,right,ACH,0.84
720575940600862952,optic,motion,T5,right,ACH,0.97
720575940600862980,optic,motion,T5,right,ACH,0.93
720575940600863655,optic,motion,T5,right,ACH,0.94
720575940600863866,optic,motion,T5,right,ACH,0.8
720575940600864388,optic,motion,T5,right,ACH,0.67
720575940600864790,optic,motion,T5,right,ACH,0.72
720575940600864846,optic,motion,T5,right,ACH,0.91
720575940600865659,optic,motion,T5,right,ACH,0.97
720575940600866166,optic,motion,T5,right,ACH,0.75
720575940600866413,optic,motion,T5,right,ACH,0.79
720575940600867022,optic,motion,T5,right,ACH,0.63
720575940600867933,optic,motion,T5,right,ACH,0.98
720575940600868303,optic,motion,T5,right,ACH,0.96
720575940600868439,optic,motion,T5,right,ACH,0.75
720575940600869299,optic,motion,T5,right,ACH,0.82
720575940600869674,optic,motion,T5,right,ACH,0.81
720575940600869851,optic,motion,T5,right,ACH,0.9
720575940600870829,optic,motion,T5,right,ACH,0.99
720575940600870904,optic,motion,T5,right,ACH,0.61
720575940600870974,optic,motion,T5,right,ACH,0.61
720575940600871195,optic,motion,T5,right,ACH,0.62
720575940600871257,optic,motion,T5,right,ACH,0.97
720575940600871665,optic,motion,T5,right,ACH,0.8
720575940600872309,optic,motion,T5,right,ACH,0.88
720575940600873095,optic,motion,T5,right,ACH,0.76
720575940600873814,optic,motion,T5,right,ACH,0.76
720575940600874470,optic,motion,T5,right,ACH,0.81
720575940600875101,optic,motion,T5,right,ACH,0.66
720575940600875187,optic,motion,T5,right,ACH,0.72
720575940600875711,optic,motion,T5,right,ACH,0.96
720575940600876709,optic,motion,T5,right,ACH,0.92
720575940600877259,optic,motion,T5,right,ACH,0.73
720575940600877860,optic,motion,T5,right,ACH,0.85
720575940600878715,optic,motion,T5,right,ACH,0.85
720575940600879374,optic,motion,T5,right,ACH,0.63
720575940600880090,optic,motion,T5,right,ACH,0.77
720575940600881067,optic,motion,T5,right,ACH,0.93
720575940600881127,optic,motion,T5,right,ACH,0.7
720575940600882074,optic,motion,T5,right,ACH,0.77
720575940600882539,optic,motion,T5,right,ACH,0.84
720575940600882596,optic,motion,T5,right,ACH,0.72
720575940600883356,optic,motion,T5,right,ACH,0.86
720575940600883536,optic,motion,T5,right,ACH,0.65
720575940600884261,optic,motion,T5,right,ACH,0.65
720575940600884273,optic,motion,T5,right,ACH,0.66
720575940600885249,optic,motion,T5,right,ACH,0.74
720575940600885779,optic,motion,T5,right,ACH,0.91
720575940600886518,optic,motion,T5,right,ACH,0.7
720575940600886899,optic,motion,T5,right,ACH,0.65
720575940600887699,optic,motion,T5,right,ACH,0.94
720575940600888450,optic,motion,T5,right,ACH,0.95
720575940600889240,optic,motion,T5,right,ACH,0.95
720575940600889584,optic,motion,T5,right,ACH,0.91
720575940600889863,optic,motion,T5,right,ACH,0.8
720575940600890133,optic,motion,T5,right,ACH,0.88
720575940600890724,optic,motion,T5,right,ACH,0.84
720575940600891233,optic,motion,T5,right,ACH,0.78
720575940600891602,optic,motion,T5,right,ACH,0.62
720575940600892482,optic,motion,T5,right,ACH,0.82
720575940600892859,optic,motion,T5,right,ACH,0.66
720575940600893651,optic,motion,T5,right,ACH,0.64
720575940600894239,optic,motion,T5,right,ACH,0.86
720575940600894358,optic,motion,T5,right,ACH,0.69
720575940600894880,optic,motion,T5,right,ACH,0.6
720575940600895760,optic,motion,T5,right,ACH,0.94
720575940600896011,optic,motion,T5,right,ACH,0.62
720575940600896384,optic,motion,T5,right,ACH,0.75
720575940600896538,optic,motion,T5,right,ACH,0.67
720575940600897522,optic,motion,T5,right,ACH,0.93
720575940600898089,optic,motion,T5,right,ACH,0.91
720575940600898821,optic,motion,T5,right,ACH,0.89
720575940600899251,optic,motion,T5,right,ACH,0.69
720575940600899506,optic,motion,T5,right,ACH,0.76
720575940600900244,optic,motion,T5,right,ACH,0.72
720575940600901090,optic,motion,T5,right,ACH,0.63
720575940600901472,optic,motion,T5,right,ACH,0.65
720575940600902162,optic,motion,T5,right,ACH,0.95
720575940600902346,optic,motion,T5,right,ACH,0.69
720575940600902875,optic,motion,T5,right,ACH,0.98
720575940600903852,optic,motion,T5,right,ACH,0.76
720575940600904751,optic,motion,T5,right,ACH,0.78
720575940600905041,optic,motion,T5,right,ACH,0.9
720575940600905360,optic,motion,T5,right,ACH,0.73
720575940600905927,optic,motion,T5,right,ACH,0.78
720575940600906305,optic,motion,T5,right,ACH,0.68
720575940600906883,optic,motion,T5,right,ACH,0.91
720575940600907641,optic,motion,T5,right,ACH,0.84
720575940600908117,optic,motion,T5,right,ACH,0.74
720575940600909113,optic,motion,T5,right,ACH,0.79
720575940600909905,optic,motion,T5,right,ACH,0.9
720575940600910656,optic,motion,T5,right,ACH,0.95
720575940600911435,optic,motion,T5,right,ACH,0.91
720575940600911590,optic,motion,T5,right,ACH,0.6
720575940600912010,optic,motion,T5,right,ACH,0.61
720575940600912565,optic,motion,T5,right,ACH,0.74
720575940600913425,optic,motion,T5,right,ACH,0.87
720575940600913435,optic,motion,T5,right,ACH,0.97
720575940600913437,optic,motion,T5,right,ACH,0.9
720575940600913823,optic,motion,T5,right,ACH,0.93
720575940600914568,optic,motion,T5,right,ACH,0.72
720575940600914779,optic,motion,T5,right,ACH,0.81
720575940600915023,optic,motion,T5,right,ACH,0.76
720575940600916008,optic,motion,T5,right,ACH,0.62
720575940600916154,optic,motion,T5,right,ACH,0.88
720575940600916250,optic,motion,T5,right,ACH,0.62
720575940600916488,optic,motion,T5,right,ACH,0.95
720575940600917021,optic,motion,T5,right,ACH,0.76
720575940600917939,optic,motion,T5,right,ACH,0.75
720575940600918937,optic,motion,T5,right,ACH,0.89
720575940600919532,optic,motion,T5,right,ACH,0.64
720575940600919669,optic,motion,T5,right,ACH,0.85
720575940600920073,optic,motion,T5,right,ACH,0.63
720575940600920655,optic,motion,T5,right,ACH,0.62
720575940600921334,optic,motion,T5,right,ACH,0.98
720575940600921577,optic,motion,T5,right,ACH,0.71
720575940600922449,optic,motion,T5,right,ACH,0.72
720575940600923270,optic,motion,T5,right,ACH,0.75
720575940600924122,optic,motion,T5,right,ACH,0.89
720575940600924448,optic,motion,T5,right,ACH,0.78
720575940600924688,optic,motion,T5,right,ACH,0.63
720575940600924896,optic,motion,T5,right,ACH,0.65
720575940600925685,optic,motion,T5,right,ACH,0.83
720575940600925845,optic,motion,T5,right,ACH,0.64
720575940600926306,optic,motion,T5,right,ACH,0.78
720575940600926723,optic,motion,T5,right,ACH,0.65
720575940600927090,optic,motion,T5,right,ACH,0.98
720575940600927303,optic,motion,T5,right,ACH,0.78
720575940600927778,optic,motion,T5,right,ACH,0.7
720575940600927901,optic,motion,T5,right,ACH,0.64
720575940600928728,optic,motion,T5,right,ACH,0.87
720575940600929575,optic,motion,T5,right,ACH,0.87
720575940600930193,optic,motion,T5,right,ACH,0.62
720575940600931049,optic,motion,T5,right,ACH,0.93
720575940600931201,optic,motion,T5,right,ACH,0.64
720575940600931456,optic,motion,T5,right,ACH,0.98
720575940600931862,optic,motion,T5,right,ACH,0.8
720575940600932556,optic,motion,T5,right,ACH,0.72
720575940600933396,optic,motion,T5,right,ACH,0.99
720575940600933428,optic,motion,T5,right,ACH,0.97
720575940600934304,optic,motion,T5,right,ACH,0.78
720575940600935071,optic,motion,T5,right,ACH,0.81
720575940600935168,optic,motion,T5,right,ACH,0.78
720575940600935992,optic,motion,T5,right,ACH,0.91
720575940600936117,optic,motion,T5,right,ACH,0.6
720575940600936968,optic,motion,T5,right,ACH,0.9
720575940600937196,optic,motion,T5,right,ACH,0.65
720575940600938040,optic,motion,T5,right,ACH,0.76
720575940600938743,optic,motion,T5,right,ACH,0.85
720575940600939404,optic,motion,T5,right,ACH,0.63
720575940600940005,optic,motion,T5,right,ACH,0.7
720575940600940838,optic,motion,T5,right,ACH,0.63
720575940600940905,optic,motion,T5,right,ACH,0.68
720575940600941567,optic,motion,T5,right,ACH,0.77
720575940600941699,optic,motion,T5,right,ACH,0.64
720575940600942567,optic,motion,T5,right,ACH,0.92
720575940600942907,optic,LPTC,HS,left,ACH,0.65
720575940600943872,optic,LPTC,HS,left,ACH,0.78
720575940600944045,optic,LPTC,HS,left,ACH,0.96
720575940600944489,optic,LPTC,HS,right,ACH,0.92
720575940600944894,optic,LPTC,HS,right,ACH,0.79
720575940600945286,optic,LPTC,HS,right,ACH,0.87
720575940600945463,optic,LPTC,VS,left,ACH,0.74
720575940600946394,optic,LPTC,VS,left,ACH,0.67
720575940600946681,optic,LPTC,VS,left,ACH,0.77
720575940600946834,optic,LPTC,VS,left,ACH,0.61
720575940600947469,optic,LPTC,VS,left,ACH,0.84
720575940600948132,optic,LPTC,VS,left,ACH,0.72
720575940600948554,optic,LPTC,VS,right,ACH,0.94
720575940600949045,optic,LPTC,VS,right,ACH,0.62
720575940600949332,optic,LPTC,VS,right,ACH,0.75
720575940600949762,optic,LPTC,VS,right,ACH,0.68
720575940600950668,optic,LPTC,VS,right,ACH,0.91
720575940600950924,optic,LPTC,VS,right,ACH,0.85
720575940600951746,visual_projection,LC,LC4,left,ACH,0.81
720575940600951766,visual_projection,LC,LC4,left,ACH,0.99
720575940600952567,visual_projection,LC,LC4,left,ACH,0.88
720575940600953059,visual_projection,LC,LC4,left,ACH,0.81
720575940600953556,visual_projection,LC,LC4,left,ACH,0.73
720575940600954136,visual_projection,LC,LC4,left,ACH,0.8
720575940600954534,visual_projection,LC,LC4,left,ACH,0.71
720575940600954561,visual_projection,LC,LC4,left,ACH,0.72
720575940600954786,visual_projection,LC,LC4,left,ACH,0.61
720575940600955617,visual_projection,LC,LC4,left,ACH,0.9
720575940600955677,visual_projection,LC,LC4,left,ACH,0.92
720575940600956161,visual_projection,LC,LC4,left,ACH,0.81
720575940600956947,visual_projection,LC,LC4,left,ACH,0.83
720575940600957186,visual_projection,LC,LC4,left,ACH,0.98
720575940600957289,visual_projection,LC,LC4,left,ACH,0.7
720575940600957536,visual_projection,LC,LC4,left,ACH,0.7
720575940600958372,visual_projection,LC,LC4,left,ACH,0.91
720575940600959127,visual_projection,LC,LC4,left,ACH,0.62
720575940600960098,visual_projection,LC,LC4,left,ACH,0.69
720575940600960965,visual_projection,LC,LC4,left,ACH,0.98
720575940600961363,visual_projection,LC,LC4,left,ACH,0.74
720575940600962223,visual_projection,LC,LC4,left,ACH,0.99
720575940600962401,visual_projection,LC,LC4,left,ACH,0.67
720575940600963008,visual_projection,LC,LC4,left,ACH,0.72
720575940600963764,visual_projection,LC,LC4,left,ACH,0.87
720575940600964700,visual_projection,LC,LC4,left,ACH,0.83
720575940600965421,visual_projection,LC,LC4,left,ACH,0.87
720575940600966392,visual_projection,LC,LC4,left,ACH,0.82
720575940600966538,visual_projection,LC,LC4,left,ACH,0.82
720575940600966731,visual_projection,LC,LC4,left,ACH,0.93
720575940600967561,visual_projection,LC,LC4,left,ACH,0.94
720575940600968066,visual_projection,LC,LC4,left,ACH,0.81
720575940600968246,visual_projection,LC,LC4,left,ACH,0.79
720575940600968339,visual_projection,LC,LC4,left,ACH,0.62
720575940600968956,visual_projection,LC,LC4,left,ACH,0.69
720575940600969496,visual_projection,LC,LC4,left,ACH,0.79
720575940600969836,visual_projection,LC,LC4,left,ACH,0.96
720575940600970043,visual_projection,LC,LC4,left,ACH,0.91
720575940600970392,visual_projection,LC,LC4,left,ACH,0.88
720575940600971333,visual_projection,LC,LC4,left,ACH,0.91
720575940600972223,visual_projection,LC,LC4,left,ACH,0.73
720575940600972246,visual_projection,LC,LC4,left,ACH,0.66
720575940600972968,visual_projection,LC,LC4,left,ACH,0.96
720575940600973761,visual_projection,LC,LC4,left,ACH,0.64
720575940600974300,visual_projection,LC,LC4,left,ACH,0.94
720575940600975284,visual_projection,LC,LC4,left,ACH,0.63
720575940600976006,visual_projection,LC,LC4,left,ACH,0.97
720575940600976412,visual_projection,LC,LC4,left,ACH,0.83
720575940600976757,visual_projection,LC,LC4,left,ACH,0.72
720575940600976897,visual_projection,LC,LC4,left,ACH,0.98
720575940600977647,visual_projection,LC,LC4,right,ACH,0.97
720575940600978458,visual_projection,LC,LC4,right,ACH,0.85
720575940600978957,visual_projection,LC,LC4,right,ACH,0.85
720575940600979136,visual_projection,LC,LC4,right,ACH,0.88
720575940600979712,visual_projection,LC,LC4,right,ACH,0.87
720575940600980664,visual_projection,LC,LC4,right,ACH,0.84
720575940600981030,visual_projection,LC,LC4,right,ACH,0.69
720575940600981634,visual_projection,LC,LC4,right,ACH,0.92
720575940600982022,visual_projection,LC,LC4,right,ACH,0.72
720575940600982728,visual_projection,LC,LC4,right,ACH,0.71
720575940600982910,visual_projection,LC,LC4,right,ACH,0.88
720575940600983882,visual_projection,LC,LC4,right,ACH,0.87
720575940600984469,visual_projection,LC,LC4,right,ACH,0.75
720575940600985259,visual_projection,LC,LC4,right,ACH,0.98
720575940600985293,visual_projection,LC,LC4,right,ACH,0.67
720575940600985619,visual_projection,LC,LC4,right,ACH,0.96
720575940600986610,visual_projection,LC,LC4,right,ACH,0.84
720575940600987265,visual_projection,LC,LC4,right,ACH,0.82
720575940600988225,visual_projection,LC,LC4,right,ACH,0.79
720575940600988565,visual_projection,LC,LC4,right,ACH,0.89
720575940600988809,visual_projection,LC,LC4,right,ACH,0.74
720575940600989137,visual_projection,LC,LC4,right,ACH,0.67
720575940600990044,visual_projection,LC,LC4,right,ACH,0.98
720575940600990886,visual_projection,LC,LC4,right,ACH,0.88
720575940600991541,visual_projection,LC,LC4,right,ACH,0.88
720575940600991885,visual_projection,LC,LC4,right,ACH,0.77
720575940600992157,visual_projection,LC,LC4,right,ACH,0.68
720575940600992867,visual_projection,LC,LC4,right,ACH,0.63
720575940600993130,visual_projection,LC,LC4,right,ACH,0.91
720575940600993868,visual_projection,LC,LC4,right,ACH,0.6
720575940600994264,visual_projection,LC,LC4,right,ACH,0.77
720575940600994694,visual_projection,LC,LC4,right,ACH,0.98
720575940600995600,visual_projection,LC,LC4,right,ACH,0.76
720575940600996503,visual_projection,LC,LC4,right,ACH,0.75
720575940600997063,visual_projection,LC,LC4,right,ACH,0.75
720575940600997912,visual_projection,LC,LC4,right,ACH,0.79
720575940600998797,visual_projection,LC,LC4,right,ACH,0.83
720575940600999574,visual_projection,LC,LC4,right,ACH,0.87
720575940600999741,visual_projection,LC,LC4,right,ACH,0.78
720575940601000560,visual_projection,LC,LC4,right,ACH,0.93
720575940601000862,visual_projection,LC,LC4,right,ACH,0.61
720575940601001130,visual_projection,LC,LC4,right,ACH,0.97
720575940601001206,visual_projection,LC,LC4,right,ACH,0.73
720575940601002116,visual_projection,LC,LC4,right,ACH,0.75
720575940601002866,visual_projection,LC,LC4,right,ACH,0.63
720575940601003831,visual_projection,LC,LC4,right,ACH,0.95
720575940601003927,visual_projection,LC,LC4,right,ACH,0.73
720575940601004556,visual_projection,LC,LC4,right,ACH,0.95
720575940601005278,visual_projection,LC,LC4,right,ACH,0.61
720575940601006244,visual_projection,LC,LC4,right,ACH,0.85
720575940601006866,visual_projection,LPLC,LPLC2,left,ACH,0.95
720575940601007027,visual_projection,LPLC,LPLC2,left,ACH,0.62
720575940601007367,visual_projection,LPLC,LPLC2,left,ACH,0.68
720575940601007562,visual_projection,LPLC,LPLC2,left,ACH,0.76
720575940601008130,visual_projection,LPLC,LPLC2,left,ACH,0.88
720575940601008878,visual_projection,LPLC,LPLC2,left,ACH,0.81
720575940601009555,visual_projection,LPLC,LPLC2,left,ACH,0.71
720575940601009799,visual_projection,LPLC,LPLC2,left,ACH,0.64
720575940601010202,visual_projection,LPLC,LPLC2,left,ACH,0.82
720575940601011063,visual_projection,LPLC,LPLC2,left,ACH,0.79
720575940601011119,visual_projection,LPLC,LPLC2,left,ACH,0.74
720575940601011557,visual_projection,LPLC,LPLC2,left,ACH,0.63
720575940601012401,visual_projection,LPLC,LPLC2,left,ACH,0.86
720575940601013016,visual_projection,LPLC,LPLC2,left,ACH,0.79
720575940601013116,visual_projection,LPLC,LPLC2,left,ACH,0.61
720575940601013291,visual_projection,LPLC,LPLC2,left,ACH,0.85
720575940601013375,visual_projection,LPLC,LPLC2,left,ACH,0.78
720575940601013494,visual_projection,LPLC,LPLC2,left,ACH,0.72
720575940601013902,visual_projection,LPLC,LPLC2,left,ACH,0.78
720575940601014819,visual_projection,LPLC,LPLC2,left,ACH,0.86
720575940601014913,visual_projection,LPLC,LPLC2,left,ACH,0.85
720575940601015310,visual_projection,LPLC,LPLC2,left,ACH,0.67
720575940601016217,visual_projection,LPLC,LPLC2,left,ACH,0.75
720575940601016409,visual_projection,LPLC,LPLC2,left,ACH,0.77
720575940601016679,visual_projection,LPLC,LPLC2,left,ACH,0.77
720575940601016949,visual_projection,LPLC,LPLC2,left,ACH,0.69
720575940601017225,visual_projection,LPLC,LPLC2,left,ACH,0.82
720575940601017380,visual_projection,LPLC,LPLC2,left,ACH,0.89
720575940601018064,visual_projection,LPLC,LPLC2,left,ACH,0.64
720575940601018749,visual_projection,LPLC,LPLC2,left,ACH,0.73
720575940601019304,visual_projection,LPLC,LPLC2,left,ACH,0.76
720575940601020079,visual_projection,LPLC,LPLC2,left,ACH,0.83
720575940601020646,visual_projection,LPLC,LPLC2,left,ACH,0.62
720575940601021043,visual_projection,LPLC,LPLC2,left,ACH,0.92
720575940601021472,visual_projection,LPLC,LPLC2,left,ACH,0.98
720575940601022176,visual_projection,LPLC,LPLC2,left,ACH,0.94
720575940601022663,visual_projection,LPLC,LPLC2,left,ACH,0.82
720575940601022905,visual_projection,LPLC,LPLC2,left,ACH,0.79
720575940601022986,visual_projection,LPLC,LPLC2,left,ACH,0.75
720575940601023861,visual_projection,LPLC,LPLC2,left,ACH,0.88
720575940601024376,visual_projection,LPLC,LPLC2,left,ACH,0.82
720575940601024906,visual_projection,LPLC,LPLC2,left,ACH,0.91
720575940601025600,visual_projection,LPLC,LPLC2,left,ACH,0.98
720575940601025751,visual_projection,LPLC,LPLC2,left,ACH,0.65
720575940601026527,visual_projection,LPLC,LPLC2,left,ACH,0.78
720575940601027499,visual_projection,LPLC,LPLC2,left,ACH,0.98
720575940601028495,visual_projection,LPLC,LPLC2,left,ACH,0.68
720575940601028693,visual_projection,LPLC,LPLC2,left,ACH,0.65
720575940601029127,visual_projection,LPLC,LPLC2,left,ACH,0.63
720575940601029827,visual_projection,LPLC,LPLC2,left,ACH,0.77
720575940601030670,visual_projection,LPLC,LPLC2,left,ACH,0.84
720575940601031525,visual_projection,LPLC,LPLC2,left,ACH,0.83
720575940601031853,visual_projection,LPLC,LPLC2,left,ACH,0.96
720575940601032790,visual_projection,LPLC,LPLC2,left,ACH,0.91
720575940601032880,visual_projection,LPLC,LPLC2,left,ACH,0.75
720575940601033287,visual_projection,LPLC,LPLC2,left,ACH,0.82
720575940601034165,visual_projection,LPLC,LPLC2,left,ACH,0.71
720575940601034635,visual_projection,LPLC,LPLC2,left,ACH,0.96
720575940601034648,visual_projection,LPLC,LPLC2,left,ACH,0.91
720575940601035287,visual_projection,LPLC,LPLC2,left,ACH,0.83
720575940601036088,visual_projection,LPLC,LPLC2,left,ACH,0.76
720575940601036513,visual_projection,LPLC,LPLC2,left,ACH,0.66
720575940601037094,visual_projection,LPLC,LPLC2,left,ACH,0.83
720575940601037871,visual_projection,LPLC,LPLC2,left,ACH,0.98
720575940601037974,visual_projection,LPLC,LPLC2,left,ACH,0.96
720575940601038551,visual_projection,LPLC,LPLC2,left,ACH,0.9
720575940601039356,visual_projection,LPLC,LPLC2,left,ACH,0.71
720575940601039905,visual_projection,LPLC,LPLC2,left,ACH,0.94
720575940601040804,visual_projection,LPLC,LPLC2,left,ACH,0.76
720575940601041197,visual_projection,LPLC,LPLC2,left,ACH,0.86
720575940601041783,visual_projection,LPLC,LPLC2,left,ACH,0.84
720575940601041822,visual_projection,LPLC,LPLC2,left,ACH,0.67
720575940601042235,visual_projection,LPLC,LPLC2,left,ACH,0.66
720575940601042859,visual_projection,LPLC,LPLC2,left,ACH,0.87
720575940601043271,visual_projection,LPLC,LPLC2,left,ACH,0.62
720575940601044182,visual_projection,LPLC,LPLC2,left,ACH,0.94
720575940601044890,visual_projection,LPLC,LPLC2,left,ACH,0.69
720575940601045654,visual_projection,LPLC,LPLC2,left,ACH,0.79
720575940601045930,visual_projection,LPLC,LPLC2,left,ACH,0.95
720575940601045951,visual_projection,LPLC,LPLC2,left,ACH,0.73
720575940601046764,visual_projection,LPLC,LPLC2,right,ACH,0.72
720575940601047052,visual_projection,LPLC,LPLC2,right,ACH,0.93
720575940601047931,visual_projection,LPLC,LPLC2,right,ACH,0.87
720575940601048032,visual_projection,LPLC,LPLC2,right,ACH,0.98
720575940601048266,visual_projection,LPLC,LPLC2,right,ACH,0.65
720575940601049264,visual_projection,LPLC,LPLC2,right,ACH,0.89
720575940601050057,visual_projection,LPLC,LPLC2,right,ACH,0.92
720575940601050333,visual_projection,LPLC,LPLC2,right,ACH,0.88
720575940601050953,visual_projection,LPLC,LPLC2,right,ACH,0.85
720575940601051146,visual_projection,LPLC,LPLC2,right,ACH,0.77
720575940601052082,visual_projection,LPLC,LPLC2,right,ACH,0.92
720575940601052841,visual_projection,LPLC,LPLC2,right,ACH,0.79
720575940601053370,visual_projection,LPLC,LPLC2,right,ACH,0.94
720575940601054211,visual_projection,LPLC,LPLC2,right,ACH,0.62
720575940601055022,visual_projection,LPLC,LPLC2,right,ACH,0.66
720575940601055341,visual_projection,LPLC,LPLC2,right,ACH,0.88
720575940601055755,visual_projection,LPLC,LPLC2,right,ACH,0.65
720575940601056627,visual_projection,LPLC,LPLC2,right,ACH,0.8
720575940601057210,visual_projection,LPLC,LPLC2,right,ACH,0.61
720575940601057408,visual_projection,LPLC,LPLC2,right,ACH,0.94
720575940601057614,visual_projection,LPLC,LPLC2,right,ACH,0.93
720575940601057870,visual_projection,LPLC,LPLC2,right,ACH,0.61
720575940601057922,visual_projection,LPLC,LPLC2,right,ACH,0.96
720575940601058644,visual_projection,LPLC,LPLC2,right,ACH,0.68
720575940601059022,visual_projection,LPLC,LPLC2,right,ACH,0.92
720575940601059540,visual_projection,LPLC,LPLC2,right,ACH,0.75
720575940601060486,visual_projection,LPLC,LPLC2,right,ACH,0.65
720575940601060518,visual_projection,LPLC,LPLC2,right,ACH,0.69
720575940601061019,visual_projection,LPLC,LPLC2,right,ACH,0.83
720575940601061201,visual_projection,LPLC,LPLC2,right,ACH,0.97
720575940601061687,visual_projection,LPLC,LPLC2,right,ACH,0.83
720575940601062046,visual_projection,LPLC,LPLC2,right,ACH,0.73
720575940601062904,visual_projection,LPLC,LPLC2,right,ACH,0.95
720575940601063671,visual_projection,LPLC,LPLC2,right,ACH,0.92
720575940601063764,visual_projection,LPLC,LPLC2,right,ACH,0.71
720575940601064160,visual_projection,LPLC,LPLC2,right,ACH,0.62
720575940601065035,visual_projection,LPLC,LPLC2,right,ACH,0.82
720575940601066024,visual_projection,LPLC,LPLC2,right,ACH,0.68
720575940601066251,visual_projection,LPLC,LPLC2,right,ACH,0.85
720575940601066945,visual_projection,LPLC,LPLC2,right,ACH,0.68
720575940601067613,visual_projection,LPLC,LPLC2,right,ACH,0.76
720575940601067634,visual_projection,LPLC,LPLC2,right,ACH,0.94
720575940601068625,visual_projection,LPLC,LPLC2,right,ACH,0.9
720575940601068635,visual_projection,LPLC,LPLC2,right,ACH,0.78
720575940601068771,visual_projection,LPLC,LPLC2,right,ACH,0.85
720575940601069387,visual_projection,LPLC,LPLC2,right,ACH,0.91
720575940601069617,visual_projection,LPLC,LPLC2,right,ACH,0.7
720575940601070442,visual_projection,LPLC,LPLC2,right,ACH,0.97
720575940601071172,visual_projection,LPLC,LPLC2,right,ACH,0.98
720575940601071831,visual_projection,LPLC,LPLC2,right,ACH,0.71
720575940601072748,visual_projection,LPLC,LPLC2,right,ACH,0.75
720575940601073106,visual_projection,LPLC,LPLC2,right,ACH,0.78
720575940601073330,visual_projection,LPLC,LPLC2,right,ACH,0.78
720575940601074024,visual_projection,LPLC,LPLC2,right,ACH,0.8
720575940601074663,visual_projection,LPLC,LPLC2,right,ACH,0.75
720575940601074768,visual_projection,LPLC,LPLC2,right,ACH,0.6
720575940601075447,visual_projection,LPLC,LPLC2,right,ACH,0.98
720575940601076307,visual_projection,LPLC,LPLC2,right,ACH,0.75
720575940601076970,visual_projection,LPLC,LPLC2,right,ACH,0.83
720575940601077260,visual_projection,LPLC,LPLC2,right,ACH,0.72
720575940601077371,visual_projection,LPLC,LPLC2,right,ACH,0.79
720575940601077716,visual_projection,LPLC,LPLC2,right,ACH,0.99
720575940601078372,visual_projection,LPLC,LPLC2,right,ACH,0.73
720575940601078656,visual_projection,LPLC,LPLC2,right,ACH,0.7
720575940601079385,visual_projection,LPLC,LPLC2,right,ACH,0.97
720575940601080053,visual_projection,LPLC,LPLC2,right,ACH,0.72
720575940601080207,visual_projection,LPLC,LPLC2,right,ACH,0.8
720575940601080454,visual_projection,LPLC,LPLC2,right,ACH,0.95
720575940601081279,visual_projection,LPLC,LPLC2,right,ACH,0.93
720575940601082109,visual_projection,LPLC,LPLC2,right,ACH,0.83
720575940601082786,visual_projection,LPLC,LPLC2,right,ACH,0.72
720575940601082930,visual_projection,LPLC,LPLC2,right,ACH,0.88
720575940601083602,visual_projection,LPLC,LPLC2,right,ACH,0.79
720575940601083905,visual_projection,LPLC,LPLC2,right,ACH,0.7
720575940601084334,visual_projection,LPLC,LPLC2,right,ACH,0.76
720575940601085089,visual_projection,LPLC,LPLC2,right,ACH,0.61
720575940601085815,visual_projection,LPLC,LPLC2,right,ACH,0.99
720575940601086651,visual_projection,LPLC,LPLC2,right,ACH,0.67
720575940601087395,visual_projection,LPLC,LPLC2,right,ACH,0.88
720575940601088098,visual_projection,LPLC,LPLC2,right,ACH,0.81
720575940601088902,sensory,olfactory,ORN,left,ACH,0.79
720575940601089866,sensory,olfactory,ORN,left,ACH,0.86
720575940601090386,sensory,olfactory,ORN,left,ACH,0.72
720575940601090561,sensory,olfactory,ORN,left,ACH,0.93
720575940601091459,sensory,olfactory,ORN,left,ACH,0.82
720575940601091760,sensory,olfactory,ORN,left,ACH,0.64
720575940601091892,sensory,olfactory,ORN,left,ACH,0.89
720575940601092635,sensory,olfactory,ORN,left,ACH,0.92
720575940601093417,sensory,olfactory,ORN,left,ACH,0.96
720575940601094387,sensory,olfactory,ORN,left,ACH,0.87
720575940601094731,sensory,olfactory,ORN,left,ACH,0.86
720575940601094959,sensory,olfactory,ORN,left,ACH,0.74
720575940601095722,sensory,olfactory,ORN,left,ACH,0.94
720575940601096153,sensory,olfactory,ORN,left,ACH,0.91
720575940601096493,sensory,olfactory,ORN,left,ACH,0.74
720575940601097093,sensory,olfactory,ORN,left,ACH,0.71
720575940601097965,sensory,olfactory,ORN,left,ACH,0.65
720575940601098020,sensory,olfactory,ORN,left,ACH,0.94
720575940601098618,sensory,olfactory,ORN,left,ACH,0.83
720575940601099254,sensory,olfactory,ORN,left,ACH,0.63
720575940601100165,sensory,olfactory,ORN,left,ACH,0.68
720575940601100288,sensory,olfactory,ORN,left,ACH,0.94
720575940601100679,sensory,olfactory,ORN,left,ACH,0.81
720575940601101103,sensory,olfactory,ORN,left,ACH,0.62
720575940601101978,sensory,olfactory,ORN,left,ACH,0.66
720575940601102184,sensory,olfactory,ORN,left,ACH,0.73
720575940601102768,sensory,olfactory,ORN,left,ACH,0.95
720575940601103237,sensory,olfactory,ORN,left,ACH,0.66
720575940601104121,sensory,olfactory,ORN,left,ACH,0.88
720575940601104919,sensory,olfactory,ORN,left,ACH,0.63
720575940601105260,sensory,olfactory,ORN,left,ACH,0.85
720575940601105442,sensory,olfactory,ORN,left,ACH,0.72
720575940601105502,sensory,olfactory,ORN,left,ACH,0.6
720575940601105783,sensory,olfactory,ORN,left,ACH,0.68
720575940601106576,sensory,olfactory,ORN,left,ACH,0.67
720575940601107359,sensory,olfactory,ORN,left,ACH,0.66
720575940601108164,sensory,olfactory,ORN,left,ACH,0.9
720575940601108255,sensory,olfactory,ORN,left,ACH,0.65
720575940601108700,sensory,olfactory,ORN,left,ACH,0.85
720575940601109114,sensory,olfactory,ORN,left,ACH,0.77
720575940601109603,sensory,olfactory,ORN,left,ACH,0.75
720575940601109642,sensory,olfactory,ORN,left,ACH,0.81
720575940601110391,sensory,olfactory,ORN,left,ACH,0.75
720575940601110406,sensory,olfactory,ORN,left,ACH,0.95
720575940601111182,sensory,olfactory,ORN,left,ACH,0.92
720575940601111378,sensory,olfactory,ORN,left,ACH,0.61
720575940601111383,sensory,olfactory,ORN,left,ACH,0.84
720575940601111638,sensory,olfactory,ORN,left,ACH,0.69
720575940601112537,sensory,olfactory,ORN,left,ACH,0.73
720575940601112670,sensory,olfactory,ORN,left,ACH,0.64
720575940601113186,sensory,olfactory,ORN,left,ACH,0.83
720575940601113358,sensory,olfactory,ORN,left,ACH,0.63
720575940601113405,sensory,olfactory,ORN,left,ACH,0.72
720575940601113703,sensory,olfactory,ORN,left,ACH,0.78
720575940601114236,sensory,olfactory,ORN,left,ACH,0.83
720575940601114582,sensory,olfactory,ORN,left,ACH,0.77
720575940601115286,sensory,olfactory,ORN,left,ACH,0.99
720575940601115637,sensory,olfactory,ORN,left,ACH,0.99
720575940601116139,sensory,olfactory,ORN,left,ACH,0.74
720575940601116332,sensory,olfactory,ORN,left,ACH,0.66
720575940601117261,sensory,olfactory,ORN,left,ACH,0.96
720575940601117675,sensory,olfactory,ORN,left,ACH,0.61
720575940601117905,sensory,olfactory,ORN,left,ACH,0.88
720575940601118040,sensory,olfactory,ORN,left,ACH,0.68
720575940601118063,sensory,olfactory,ORN,left,ACH,0.83
720575940601118237,sensory,olfactory,ORN,left,ACH,0.65
720575940601118966,sensory,olfactory,ORN,left,ACH,0.85
720575940601119005,sensory,olfactory,ORN,left,ACH,0.75
720575940601119661,sensory,olfactory,ORN,left,ACH,0.7
720575940601120209,sensory,olfactory,ORN,left,ACH,0.84
720575940601120818,sensory,olfactory,ORN,left,ACH,0.99
720575940601121496,sensory,olfactory,ORN,left,ACH,0.64
720575940601122353,sensory,olfactory,ORN,left,ACH,0.61
720575940601123060,sensory,olfactory,ORN,left,ACH,0.65
720575940601123515,sensory,olfactory,ORN,left,ACH,0.75
720575940601124076,sensory,olfactory,ORN,left,ACH,0.7
720575940601124795,sensory,olfactory,ORN,left,ACH,0.66
720575940601125507,sensory,olfactory,ORN,left,ACH,0.87
720575940601125517,sensory,olfactory,ORN,left,ACH,0.72
720575940601126195,sensory,olfactory,ORN,left,ACH,0.64
720575940601126728,sensory,olfactory,ORN,left,ACH,0.71
720575940601127349,sensory,olfactory,ORN,left,ACH,0.87
720575940601127778,sensory,olfactory,ORN,left,ACH,0.92
720575940601127886,sensory,olfactory,ORN,left,ACH,0.8
720575940601128519,sensory,olfactory,ORN,left,ACH,0.65
720575940601128636,sensory,olfactory,ORN,left,ACH,0.91
720575940601129146,sensory,olfactory,ORN,left,ACH,0.68
720575940601129351,sensory,olfactory,ORN,left,ACH,0.9
720575940601130203,sensory,olfactory,ORN,left,ACH,0.8
720575940601130410,sensory,olfactory,ORN,left,ACH,0.74
720575940601130830,sensory,olfactory,ORN,left,ACH,0.72
720575940601130871,sensory,olfactory,ORN,left,ACH,0.81
720575940601131804,sensory,olfactory,ORN,left,ACH,0.68
720575940601132760,sensory,olfactory,ORN,left,ACH,0.79
720575940601133001,sensory,olfactory,ORN,left,ACH,0.6
720575940601133689,sensory,olfactory,ORN,left,ACH,0.63
720575940601133803,sensory,olfactory,ORN,left,ACH,0.93
720575940601134489,sensory,olfactory,ORN,left,ACH,0.79
720575940601135462,sensory,olfactory,ORN,left,ACH,0.64
720575940601135986,sensory,olfactory,ORN,left,ACH,0.63
720575940601136727,sensory,olfactory,ORN,left,ACH,0.64
720575940601136990,sensory,olfactory,ORN,left,ACH,0.85
720575940601137458,sensory,olfactory,ORN,left,ACH,0.99
720575940601137762,sensory,olfactory,ORN,left,ACH,0.7
720575940601137814,sensory,olfactory,ORN,left,ACH,0.64
720575940601137993,sensory,olfactory,ORN,left,ACH,0.94
720575940601138866,sensory,olfactory,ORN,left,ACH,0.71
720575940601139687,sensory,olfactory,ORN,left,ACH,0.86
720575940601140124,sensory,olfactory,ORN,left,ACH,0.89
720575940601140222,sensory,olfactory,ORN,left,ACH,0.93
720575940601141134,sensory,olfactory,ORN,left,ACH,0.62
720575940601142007,sensory,olfactory,ORN,left,ACH,0.65
720575940601142670,sensory,olfactory,ORN,left,ACH,0.67
720575940601143037,sensory,olfactory,ORN,left,ACH,0.95
720575940601144016,sensory,olfactory,ORN,left,ACH,0.84
720575940601144916,sensory,olfactory,ORN,left,ACH,0.89
720575940601145298,sensory,olfactory,ORN,left,ACH,0.92
720575940601145486,sensory,olfactory,ORN,left,ACH,0.64
720575940601145896,sensory,olfactory,ORN,left,ACH,0.98
720575940601146175,sensory,olfactory,ORN,left,ACH,0.93
720575940601146882,sensory,olfactory,ORN,left,ACH,0.93
720575940601147702,sensory,olfactory,ORN,left,ACH,0.76
720575940601148610,sensory,olfactory,ORN,left,ACH,0.91
720575940601148726,sensory,olfactory,ORN,left,ACH,0.65
720575940601149470,sensory,olfactory,ORN,left,ACH,0.62
720575940601150436,sensory,olfactory,ORN,left,ACH,0.93
720575940601150543,sensory,olfactory,ORN,left,ACH,0.76
720575940601151148,sensory,olfactory,ORN,left,ACH,0.79
720575940601151731,sensory,olfactory,ORN,left,ACH,0.86
720575940601151917,sensory,olfactory,ORN,left,ACH,0.84
720575940601152715,sensory,olfactory,ORN,left,ACH,0.74
720575940601152745,sensory,olfactory,ORN,left,ACH,0.94
720575940601153647,sensory,olfactory,ORN,left,ACH,0.93
720575940601154644,sensory,olfactory,ORN,left,ACH,0.95
720575940601155139,sensory,olfactory,ORN,left,ACH,0.96
720575940601155255,sensory,olfactory,ORN,left,ACH,0.95
720575940601155707,sensory,olfactory,ORN,left,ACH,0.62
720575940601155975,sensory,olfactory,ORN,left,ACH,0.86
720575940601155988,sensory,olfactory,ORN,left,ACH,0.87
720575940601156683,sensory,olfactory,ORN,left,ACH,0.8
720575940601157445,sensory,olfactory,ORN,left,ACH,0.82
720575940601158024,sensory,olfactory,ORN,left,ACH,0.69
720575940601159003,sensory,olfactory,ORN,left,ACH,0.86
720575940601159350,sensory,olfactory,ORN,left,ACH,0.8
720575940601160055,sensory,olfactory,ORN,left,ACH,0.87
720575940601160153,sensory,olfactory,ORN,left,ACH,0.77
720575940601160898,sensory,olfactory,ORN,left,ACH,0.7
720575940601161253,sensory,olfactory,ORN,left,ACH,0.86
720575940601161910,sensory,olfactory,ORN,left,ACH,0.75
720575940601162770,sensory,olfactory,ORN,left,ACH,0.92
720575940601163684,sensory,olfactory,ORN,left,ACH,0.99
720575940601163740,sensory,olfactory,ORN,left,ACH,0.6
720575940601164697,sensory,olfactory,ORN,left,ACH,0.66
720575940601165567,sensory,olfactory,ORN,left,ACH,0.78
720575940601166075,sensory,olfactory,ORN,left,ACH,0.94
720575940601166152,sensory,olfactory,ORN,left,ACH,0.89
720575940601166481,sensory,olfactory,ORN,left,ACH,0.69
720575940601167475,sensory,olfactory,ORN,left,ACH,0.71
720575940601167995,sensory,olfactory,ORN,left,ACH,0.69
720575940601168654,sensory,olfactory,ORN,left,ACH,0.75
720575940601169491,sensory,olfactory,ORN,left,ACH,0.69
720575940601169962,sensory,olfactory,ORN,left,ACH,0.77
720575940601170549,sensory,olfactory,ORN,left,ACH,0.77
720575940601171427,sensory,olfactory,ORN,left,ACH,0.79
720575940601171751,sensory,olfactory,ORN,left,ACH,0.65
720575940601172261,sensory,olfactory,ORN,left,ACH,0.89
720575940601172280,sensory,olfactory,ORN,left,ACH,0.64
720575940601172703,sensory,olfactory,ORN,left,ACH,0.61
720575940601173266,sensory,olfactory,ORN,left,ACH,0.6
720575940601173360,sensory,olfactory,ORN,left,ACH,0.91
720575940601174347,sensory,olfactory,ORN,left,ACH,0.84
720575940601174659,sensory,olfactory,ORN,left,ACH,0.95
720575940601175235,sensory,olfactory,ORN,left,ACH,0.68
720575940601175923,sensory,olfactory,ORN,left,ACH,0.78
720575940601176273,sensory,olfactory,ORN,left,ACH,0.74
720575940601176329,sensory,olfactory,ORN,left,ACH,0.92
720575940601177194,sensory,olfactory,ORN,left,ACH,0.78
720575940601177768,sensory,olfactory,ORN,left,ACH,0.9
720575940601178383,sensory,olfactory,ORN,left,ACH,0.78
720575940601179056,sensory,olfactory,ORN,left,ACH,0.74
720575940601179520,sensory,olfactory,ORN,left,ACH,0.64
720575940601180298,sensory,olfactory,ORN,left,ACH,0.86
720575940601180301,sensory,olfactory,ORN,left,ACH,0.73
720575940601181151,sensory,olfactory,ORN,left,ACH,0.85
720575940601181971,sensory,olfactory,ORN,left,ACH,0.71
720575940601182506,sensory,olfactory,ORN,left,ACH,0.75
720575940601182615,sensory,olfactory,ORN,left,ACH,0.62
720575940601182784,sensory,olfactory,ORN,left,ACH,0.79
720575940601183626,sensory,olfactory,ORN,left,ACH,0.88
720575940601184365,sensory,olfactory,ORN,left,ACH,0.76
720575940601184626,sensory,olfactory,ORN,left,ACH,0.84
720575940601184819,sensory,olfactory,ORN,left,ACH,0.65
720575940601185692,sensory,olfactory,ORN,left,ACH,0.75
720575940601186161,sensory,olfactory,ORN,left,ACH,0.92
720575940601186357,sensory,olfactory,ORN,left,ACH,0.88
720575940601186468,sensory,olfactory,ORN,left,ACH,0.9
720575940601186516,sensory,olfactory,ORN,left,ACH,0.96
720575940601187374,sensory,olfactory,ORN,left,ACH,0.86
720575940601187501,sensory,olfactory,ORN,left,ACH,0.9
720575940601187963,sensory,olfactory,ORN,left,ACH,0.78
720575940601188567,sensory,olfactory,ORN,right,ACH,0.97
720575940601188705,sensory,olfactory,ORN,right,ACH,0.98
720575940601188710,sensory,olfactory,ORN,right,ACH,0.81
720575940601188760,sensory,olfactory,ORN,right,ACH,0.82
720575940601189204,sensory,olfactory,ORN,right,ACH,0.93
720575940601189699,sensory,olfactory,ORN,right,ACH,0.96
720575940601190499,sensory,olfactory,ORN,right,ACH,0.96
720575940601190681,sensory,olfactory,ORN,right,ACH,0.87
720575940601190859,sensory,olfactory,ORN,right,ACH,0.88
720575940601190991,sensory,olfactory,ORN,right,ACH,0.64
720575940601191665,sensory,olfactory,ORN,right,ACH,0.83
720575940601192569,sensory,olfactory,ORN,right,ACH,0.73
720575940601193472,sensory,olfactory,ORN,right,ACH,0.75
720575940601194096,sensory,olfactory,ORN,right,ACH,0.96
720575940601194877,sensory,olfactory,ORN,right,ACH,0.7
720575940601195285,sensory,olfactory,ORN,right,ACH,0.98
720575940601196279,sensory,olfactory,ORN,right,ACH,0.71
720575940601197104,sensory,olfactory,ORN,right,ACH,0.65
720575940601197527,sensory,olfactory,ORN,right,ACH,0.83
720575940601198435,sensory,olfactory,ORN,right,ACH,0.89
720575940601198742,sensory,olfactory,ORN,right,ACH,0.93
720575940601199303,sensory,olfactory,ORN,right,ACH,0.94
720575940601200032,sensory,olfactory,ORN,right,ACH,0.89
720575940601200599,sensory,olfactory,ORN,right,ACH,0.85
720575940601200805,sensory,olfactory,ORN,right,ACH,0.68
720575940601201537,sensory,olfactory,ORN,right,ACH,0.71
720575940601201891,sensory,olfactory,ORN,right,ACH,0.96
720575940601202027,sensory,olfactory,ORN,right,ACH,0.98
720575940601202693,sensory,olfactory,ORN,right,ACH,0.98
720575940601202876,sensory,olfactory,ORN,right,ACH,0.8
720575940601203587,sensory,olfactory,ORN,right,ACH,0.85
720575940601204315,sensory,olfactory,ORN,right,ACH,0.65
720575940601204676,sensory,olfactory,ORN,right,ACH,0.82
720575940601205273,sensory,olfactory,ORN,right,ACH,0.82
720575940601205957,sensory,olfactory,ORN,right,ACH,0.88
720575940601206648,sensory,olfactory,ORN,right,ACH,0.89
720575940601207510,sensory,olfactory,ORN,right,ACH,0.81
720575940601208409,sensory,olfactory,ORN,right,ACH,0.93
720575940601209237,sensory,olfactory,ORN,right,ACH,0.6
720575940601209347,sensory,olfactory,ORN,right,ACH,0.61
720575940601209496,sensory,olfactory,ORN,right,ACH,0.62
720575940601209554,sensory,olfactory,ORN,right,ACH,0.68
720575940601210323,sensory,olfactory,ORN,right,ACH,0.91
720575940601210617,sensory,olfactory,ORN,right,ACH,0.87
720575940601210767,sensory,olfactory,ORN,right,ACH,0.93
720575940601211475,sensory,olfactory,ORN,right,ACH,0.91
720575940601211684,sensory,olfactory,ORN,right,ACH,0.89
720575940601211718,sensory,olfactory,ORN,right,ACH,0.74
720575940601212182,sensory,olfactory,ORN,right,ACH,0.64
720575940601213071,sensory,olfactory,ORN,right,ACH,0.86
720575940601213647,sensory,olfactory,ORN,right,ACH,0.94
720575940601214408,sensory,olfactory,ORN,right,ACH,0.85
720575940601214807,sensory,olfactory,ORN,right,ACH,0.69
720575940601215611,sensory,olfactory,ORN,right,ACH,0.91
720575940601216324,sensory,olfactory,ORN,right,ACH,0.71
720575940601217005,sensory,olfactory,ORN,right,ACH,0.62
720575940601217396,sensory,olfactory,ORN,right,ACH,0.75
720575940601218376,sensory,olfactory,ORN,right,ACH,0.91
720575940601219078,sensory,olfactory,ORN,right,ACH,0.72
720575940601219644,sensory,olfactory,ORN,right,ACH,0.62
720575940601220406,sensory,olfactory,ORN,right,ACH,0.7
720575940601221042,sensory,olfactory,ORN,right,ACH,0.94
720575940601221924,sensory,olfactory,ORN,right,ACH,0.94
720575940601222774,sensory,olfactory,ORN,right,ACH,0.69
720575940601223423,sensory,olfactory,ORN,right,ACH,0.87
720575940601224087,sensory,olfactory,ORN,right,ACH,0.74
720575940601224690,sensory,olfactory,ORN,right,ACH,0.81
720575940601225308,sensory,olfactory,ORN,right,ACH,0.68
720575940601226051,sensory,olfactory,ORN,right,ACH,0.98
720575940601226353,sensory,olfactory,ORN,right,ACH,0.78
720575940601227053,sensory,olfactory,ORN,right,ACH,0.63
720575940601228039,sensory,olfactory,ORN,right,ACH,0.67
720575940601228566,sensory,olfactory,ORN,right,ACH,0.65
720575940601228608,sensory,olfactory,ORN,right,ACH,0.77
720575940601229178,sensory,olfactory,ORN,right,ACH,0.7
720575940601229343,sensory,olfactory,ORN,right,ACH,0.83
720575940601229605,sensory,olfactory,ORN,right,ACH,0.6
720575940601230083,sensory,olfactory,ORN,right,ACH,0.88
720575940601230242,sensory,olfactory,ORN,right,ACH,0.62
720575940601231193,sensory,olfactory,ORN,right,ACH,0.73
720575940601231246,sensory,olfactory,ORN,right,ACH,0.9
720575940601231887,sensory,olfactory,ORN,right,ACH,0.84
720575940601232565,sensory,olfactory,ORN,right,ACH,0.72
720575940601233374,sensory,olfactory,ORN,right,ACH,0.82
720575940601233741,sensory,olfactory,ORN,right,ACH,0.63
720575940601234466,sensory,olfactory,ORN,right,ACH,0.72
720575940601234692,sensory,olfactory,ORN,right,ACH,0.97
720575940601235226,sensory,olfactory,ORN,right,ACH,0.63
720575940601235744,sensory,olfactory,ORN,right,ACH,0.66
720575940601236301,sensory,olfactory,ORN,right,ACH,0.81
720575940601236396,sensory,olfactory,ORN,right,ACH,0.74
720575940601237301,sensory,olfactory,ORN,right,ACH,0.68
720575940601237641,sensory,olfactory,ORN,right,ACH,0.73
720575940601237942,sensory,olfactory,ORN,right,ACH,0.69
720575940601238713,sensory,olfactory,ORN,right,ACH,0.84
720575940601239200,sensory,olfactory,ORN,right,ACH,0.99
720575940601240044,sensory,olfactory,ORN,right,ACH,0.89
720575940601240709,sensory,olfactory,ORN,right,ACH,0.6
720575940601241394,sensory,olfactory,ORN,right,ACH,0.73
720575940601241641,sensory,olfactory,ORN,right,ACH,0.95
720575940601242270,sensory,olfactory,ORN,right,ACH,0.96
720575940601242520,sensory,olfactory,ORN,right,ACH,0.97
720575940601243219,sensory,olfactory,ORN,right,ACH,0.95
720575940601243610,sensory,olfactory,ORN,right,ACH,0.96
720575940601244578,sensory,olfactory,ORN,right,ACH,0.64
720575940601244841,sensory,olfactory,ORN,right,ACH,0.81
720575940601245131,sensory,olfactory,ORN,right,ACH,0.61
720575940601245661,sensory,olfactory,ORN,right,ACH,0.92
720575940601246045,sensory,olfactory,ORN,right,ACH,0.8
720575940601246566,sensory,olfactory,ORN,right,ACH,0.77
720575940601246611,sensory,olfactory,ORN,right,ACH,0.72
720575940601247279,sensory,olfactory,ORN,right,ACH,0.68
720575940601247806,sensory,olfactory,ORN,right,ACH,0.63
720575940601247905,sensory,olfactory,ORN,right,ACH,0.67
720575940601248885,sensory,olfactory,ORN,right,ACH,0.9
720575940601249432,sensory,olfactory,ORN,right,ACH,0.6
720575940601249500,sensory,olfactory,ORN,right,ACH,0.68
720575940601250145,sensory,olfactory,ORN,right,ACH,0.9
720575940601251031,sensory,olfactory,ORN,right,ACH,0.87
720575940601251887,sensory,olfactory,ORN,right,ACH,0.64
720575940601252438,sensory,olfactory,ORN,right,ACH,0.92
720575940601253338,sensory,olfactory,ORN,right,ACH,0.98
720575940601254132,sensory,olfactory,ORN,right,ACH,0.77
720575940601254969,sensory,olfactory,ORN,right,ACH,0.97
720575940601255734,sensory,olfactory,ORN,right,ACH,0.87
720575940601255759,sensory,olfactory,ORN,right,ACH,0.78
720575940601256099,sensory,olfactory,ORN,right,ACH,0.61
720575940601256175,sensory,olfactory,ORN,right,ACH,0.62
720575940601256989,sensory,olfactory,ORN,right,ACH,0.7
720575940601257062,sensory,olfactory,ORN,right,ACH,0.82
720575940601257296,sensory,olfactory,ORN,right,ACH,0.96
720575940601257714,sensory,olfactory,ORN,right,ACH,0.75
720575940601258360,sensory,olfactory,ORN,right,ACH,0.76
720575940601258684,sensory,olfactory,ORN,right,ACH,0.61
720575940601259374,sensory,olfactory,ORN,right,ACH,0.65
720575940601259381,sensory,olfactory,ORN,right,ACH,0.85
720575940601260015,sensory,olfactory,ORN,right,ACH,0.62
720575940601260779,sensory,olfactory,ORN,right,ACH,0.83
720575940601261497,sensory,olfactory,ORN,right,ACH,0.93
720575940601261864,sensory,olfactory,ORN,right,ACH,0.96
720575940601261973,sensory,olfactory,ORN,right,ACH,0.71
720575940601262676,sensory,olfactory,ORN,right,ACH,0.72
720575940601262765,sensory,olfactory,ORN,right,ACH,0.71
720575940601263714,sensory,olfactory,ORN,right,ACH,0.77
720575940601264119,sensory,olfactory,ORN,right,ACH,0.92
720575940601264151,sensory,olfactory,ORN,right,ACH,0.78
720575940601264698,sensory,olfactory,ORN,right,ACH,0.69
720575940601265463,sensory,olfactory,ORN,right,ACH,0.75
720575940601266280,sensory,olfactory,ORN,right,ACH,0.93
720575940601266583,sensory,olfactory,ORN,right,ACH,0.97
720575940601266731,sensory,olfactory,ORN,right,ACH,0.72
720575940601267640,sensory,olfactory,ORN,right,ACH,0.96
720575940601268455,sensory,olfactory,ORN,right,ACH,0.94
720575940601269119,sensory,olfactory,ORN,right,ACH,0.75
720575940601270092,sensory,olfactory,ORN,right,ACH,0.6
720575940601270988,sensory,olfactory,ORN,right,ACH,0.82
720575940601271115,sensory,olfactory,ORN,right,ACH,0.62
720575940601271702,sensory,olfactory,ORN,right,ACH,0.83
720575940601272253,sensory,olfactory,ORN,right,ACH,0.81
720575940601272341,sensory,olfactory,ORN,right,ACH,0.72
720575940601273108,sensory,olfactory,ORN,right,ACH,0.89
720575940601273852,sensory,olfactory,ORN,right,ACH,0.73
720575940601274275,sensory,olfactory,ORN,right,ACH,0.95
720575940601275147,sensory,olfactory,ORN,right,ACH,0.8
720575940601275312,sensory,olfactory,ORN,right,ACH,0.67
720575940601275944,sensory,olfactory,ORN,right,ACH,0.93
720575940601276143,sensory,olfactory,ORN,right,ACH,0.64
720575940601276831,sensory,olfactory,ORN,right,ACH,0.91
720575940601277704,sensory,olfactory,ORN,right,ACH,0.62
720575940601278474,sensory,olfactory,ORN,right,ACH,0.96
720575940601279037,sensory,olfactory,ORN,right,ACH,0.78
720575940601279600,sensory,olfactory,ORN,right,ACH,0.63
720575940601280288,sensory,olfactory,ORN,right,ACH,0.63
720575940601280389,sensory,olfactory,ORN,right,ACH,0.68
720575940601280984,sensory,olfactory,ORN,right,ACH,0.79
720575940601281323,sensory,olfactory,ORN,right,ACH,0.74
720575940601282011,sensory,olfactory,ORN,right,ACH,0.86
720575940601282114,sensory,olfactory,ORN,right,ACH,0.71
720575940601282186,sensory,olfactory,ORN,right,ACH,0.95
720575940601282512,sensory,olfactory,ORN,right,ACH,0.79
720575940601282849,sensory,olfactory,ORN,right,ACH,0.84
720575940601283163,sensory,olfactory,ORN,right,ACH,0.87
720575940601283320,sensory,olfactory,ORN,right,ACH,0.82
720575940601283694,sensory,olfactory,ORN,right,ACH,0.92
720575940601284676,sensory,olfactory,ORN,right,ACH,0.77
720575940601284681,sensory,olfactory,ORN,right,ACH,0.72
720575940601285486,sensory,olfactory,ORN,right,ACH,0.69
720575940601286244,sensory,olfactory,ORN,right,ACH,0.85
720575940601286528,sensory,olfactory,ORN,right,ACH,0.93
720575940601286666,sensory,olfactory,ORN,right,ACH,0.87
720575940601287006,sensory,olfactory,ORN,right,ACH,0.94
720575940601287480,sensory,olfactory,ORN,right,ACH,0.77
720575940601288274,sensory,olfactory,ORN,right,ACH,0.72
720575940601288839,sensory,olfactory,ORN,right,ACH,0.64
720575940601289501,sensory,olfactory,ORN,right,ACH,0.84
720575940601290363,sensory,olfactory,ORN,right,ACH,0.71
720575940601291210,sensory,olfactory,ORN,right,ACH,0.65
720575940601291762,sensory,olfactory,ORN,right,ACH,0.68
720575940601292514,sensory,olfactory,ORN,right,ACH,0.95
720575940601292593,sensory,olfactory,ORN,right,ACH,0.88
720575940601293507,central,ALPN,uPN,left,ACH,0.61
720575940601294027,central,ALPN,uPN,left,ACH,0.85
720575940601294860,central,ALPN,uPN,left,ACH,0.83
720575940601295275,central,ALPN,uPN,left,ACH,0.9
720575940601295493,central,ALPN,uPN,left,ACH,0.95
720575940601296058,central,ALPN,uPN,left,ACH,0.7
720575940601296974,central,ALPN,uPN,left,ACH,0.99
720575940601297458,central,ALPN,uPN,left,ACH,0.86
720575940601297611,central,ALPN,uPN,left,ACH,0.74
720575940601297840,central,ALPN,uPN,left,ACH,0.95
720575940601298444,central,ALPN,uPN,left,ACH,0.89
720575940601298742,central,ALPN,uPN,left,ACH,0.65
720575940601299256,central,ALPN,uPN,left,ACH,0.8
720575940601299663,central,ALPN,uPN,left,ACH,0.74
720575940601299674,central,ALPN,uPN,left,ACH,0.86
720575940601300543,central,ALPN,uPN,left,ACH,0.98
720575940601301172,central,ALPN,uPN,left,ACH,0.87
720575940601301948,central,ALPN,uPN,left,ACH,0.8
720575940601302405,central,ALPN,uPN,left,ACH,0.66
720575940601302985,central,ALPN,uPN,left,ACH,0.97
720575940601303661,central,ALPN,uPN,left,ACH,0.94
720575940601303811,central,ALPN,uPN,left,ACH,0.89
720575940601304307,central,ALPN,uPN,left,ACH,0.97
720575940601304349,central,ALPN,uPN,left,ACH,0.69
720575940601304849,central,ALPN,uPN,left,ACH,0.69
720575940601305120,central,ALPN,uPN,left,ACH,0.74
720575940601305164,central,ALPN,uPN,left,ACH,0.86
720575940601305695,central,ALPN,uPN,left,ACH,0.95
720575940601306065,central,ALPN,uPN,left,ACH,0.75
720575940601307005,central,ALPN,uPN,left,ACH,0.78
720575940601307053,central,ALPN,uPN,left,ACH,0.62
720575940601307718,central,ALPN,uPN,left,ACH,0.73
720575940601308439,central,ALPN,uPN,left,ACH,0.98
720575940601309088,central,ALPN,uPN,left,ACH,0.92
720575940601309943,central,ALPN,uPN,left,ACH,0.89
720575940601310536,central,ALPN,uPN,left,ACH,0.81
720575940601310715,central,ALPN,uPN,left,ACH,0.75
720575940601311103,central,ALPN,uPN,left,ACH,0.74
720575940601311773,central,ALPN,uPN,left,ACH,0.95
720575940601311853,central,ALPN,uPN,left,ACH,0.8
720575940601312239,central,ALPN,uPN,left,ACH,0.98
720575940601312468,central,ALPN,uPN,left,ACH,0.8
720575940601312830,central,ALPN,uPN,left,ACH,0.92
720575940601313184,central,ALPN,uPN,left,ACH,0.79
720575940601313678,central,ALPN,uPN,left,ACH,0.95
720575940601313685,central,ALPN,uPN,left,ACH,0.8
720575940601313828,central,ALPN,uPN,left,ACH,0.77
720575940601314064,central,ALPN,uPN,left,ACH,0.63
720575940601314723,central,ALPN,uPN,left,ACH,0.71
720575940601314877,central,ALPN,uPN,left,ACH,0.67
720575940601315248,central,ALPN,uPN,left,ACH,0.83
720575940601316085,central,ALPN,uPN,left,ACH,0.65
720575940601316321,central,ALPN,uPN,left,ACH,0.76
720575940601316660,central,ALPN,uPN,left,ACH,0.88
720575940601317154,central,ALPN,uPN,left,ACH,0.86
720575940601317645,central,ALPN,uPN,left,ACH,0.68
720575940601317811,central,ALPN,uPN,left,ACH,0.85
720575940601318232,central,ALPN,uPN,left,ACH,0.61
720575940601318277,central,ALPN,uPN,left,ACH,0.65
720575940601318884,central,ALPN,uPN,left,ACH,0.66
720575940601319529,central,ALPN,uPN,right,ACH,0.8
720575940601320442,central,ALPN,uPN,right,ACH,0.82
720575940601320500,central,ALPN,uPN,right,ACH,0.66
720575940601321445,central,ALPN,uPN,right,ACH,0.67
720575940601322427,central,ALPN,uPN,right,ACH,0.76
720575940601323420,central,ALPN,uPN,right,ACH,0.82
720575940601323440,central,ALPN,uPN,right,ACH,0.94
720575940601324186,central,ALPN,uPN,right,ACH,0.86
720575940601324477,central,ALPN,uPN,right,ACH,0.97
720575940601324699,central,ALPN,uPN,right,ACH,0.78
720575940601325182,central,ALPN,uPN,right,ACH,0.94
720575940601325357,central,ALPN,uPN,right,ACH,0.69
720575940601325778,central,ALPN,uPN,right,ACH,0.83
720575940601326592,central,ALPN,uPN,right,ACH,0.83
720575940601327378,central,ALPN,uPN,right,ACH,0.67
720575940601328054,central,ALPN,uPN,right,ACH,0.8
720575940601328226,central,ALPN,uPN,right,ACH,0.88
720575940601328577,central,ALPN,uPN,right,ACH,0.96
720575940601329188,central,ALPN,uPN,right,ACH,0.83
720575940601329424,central,ALPN,uPN,right,ACH,0.75
720575940601329560,central,ALPN,uPN,right,ACH,0.64
720575940601329768,central,ALPN,uPN,right,ACH,0.8
720575940601330700,central,ALPN,uPN,right,ACH,0.8
720575940601331130,central,ALPN,uPN,right,ACH,0.92
720575940601331751,central,ALPN,uPN,right,ACH,0.64
720575940601332239,central,ALPN,uPN,right,ACH,0.95
720575940601332854,central,ALPN,uPN,right,ACH,0.62
720575940601333657,central,ALPN,uPN,right,ACH,0.81
720575940601334428,central,ALPN,uPN,right,ACH,0.65
720575940601334922,central,ALPN,uPN,right,ACH,0.86
720575940601335846,central,ALPN,uPN,right,ACH,0.84
720575940601336694,central,ALPN,uPN,right,ACH,0.6
720575940601337655,central,ALPN,uPN,right,ACH,0.9
720575940601338320,central,ALPN,uPN,right,ACH,0.77
720575940601338751,central,ALPN,uPN,right,ACH,0.74
720575940601338796,central,ALPN,uPN,right,ACH,0.87
720575940601339236,central,ALPN,uPN,right,ACH,0.69
720575940601340058,central,ALPN,uPN,right,ACH,0.79
720575940601340846,central,ALPN,uPN,right,ACH,0.75
720575940601341450,central,ALPN,uPN,right,ACH,0.91
720575940601342380,central,ALPN,uPN,right,ACH,0.9
720575940601343094,central,ALPN,uPN,right,ACH,0.82
720575940601343530,central,ALPN,uPN,right,ACH,0.65
720575940601344019,central,ALPN,uPN,right,ACH,0.9
720575940601344951,central,ALPN,uPN,right,ACH,0.94
720575940601345242,central,ALPN,uPN,right,ACH,0.83
720575940601345799,central,ALPN,uPN,right,ACH,0.76
720575940601345993,central,ALPN,uPN,right,ACH,0.6
720575940601346755,central,ALPN,uPN,right,ACH,0.91
720575940601347347,central,ALPN,uPN,right,ACH,0.8
720575940601347880,central,ALPN,uPN,right,ACH,0.6
720575940601348551,central,ALPN,uPN,right,ACH,0.68
720575940601349375,central,ALPN,uPN,right,ACH,0.72
720575940601349746,central,ALPN,uPN,right,ACH,0.64
720575940601350183,central,ALPN,uPN,right,ACH,0.85
720575940601350443,central,ALPN,uPN,right,ACH,0.7
720575940601350992,central,ALPN,uPN,right,ACH,0.77
720575940601351367,central,ALPN,uPN,right,ACH,0.84
720575940601352064,central,ALPN,uPN,right,ACH,0.76
720575940601352273,central,ALPN,uPN,right,ACH,0.76
720575940601353076,central,ALLN,LN,left,GABA,0.82
720575940601353260,central,ALLN,LN,left,GABA,0.74
720575940601353829,central,ALLN,LN,left,GABA,0.79
720575940601354144,central,ALLN,LN,left,GABA,0.83
720575940601354937,central,ALLN,LN,left,GABA,0.88
720575940601355691,central,ALLN,LN,left,GABA,0.65
720575940601356576,central,ALLN,LN,left,GABA,0.86
720575940601357342,central,ALLN,LN,left,GABA,0.69
720575940601358144,central,ALLN,LN,left,GABA,0.87
720575940601358310,central,ALLN,LN,left,GABA,0.64
720575940601358831,central,ALLN,LN,left,GABA,0.76
720575940601359178,central,ALLN,LN,left,GABA,0.91
720575940601359807,central,ALLN,LN,left,GABA,0.87
720575940601360531,central,ALLN,LN,left,GABA,0.62
720575940601360930,central,ALLN,LN,left,GABA,0.98
720575940601360936,central,ALLN,LN,left,GABA,0.91
720575940601361780,central,ALLN,LN,left,GABA,0.66
720575940601362729,central,ALLN,LN,left,GABA,0.83
720575940601362820,central,ALLN,LN,left,GABA,0.62
720575940601363048,central,ALLN,LN,left,GABA,0.74
720575940601363672,central,ALLN,LN,left,GABA,0.61
720575940601364066,central,ALLN,LN,left,GABA,0.96
720575940601364477,central,ALLN,LN,left,GABA,0.84
720575940601365011,central,ALLN,LN,left,GABA,0.71
720575940601365998,central,ALLN,LN,left,GABA,0.83
720575940601366967,central,ALLN,LN,left,GABA,0.9
720575940601367147,central,ALLN,LN,left,GABA,0.85
720575940601367597,central,ALLN,LN,left,GABA,0.6
720575940601368468,central,ALLN,LN,left,GABA,0.86
720575940601369292,central,ALLN,LN,left,GABA,0.8
720575940601369492,central,ALLN,LN,left,GABA,0.61
720575940601370106,central,ALLN,LN,left,GABA,0.8
720575940601370822,central,ALLN,LN,left,GABA,0.69
720575940601370996,central,ALLN,LN,left,GABA,0.86
720575940601371365,central,ALLN,LN,left,GABA,0.69
720575940601371366,central,ALLN,LN,left,GABA,0.98
720575940601371455,central,ALLN,LN,left,GABA,0.99
720575940601372254,central,ALLN,LN,left,GABA,0.76
720575940601372940,central,ALLN,LN,left,GABA,0.75
720575940601373541,central,ALLN,LN,left,GABA,0.68
720575940601373557,central,ALLN,LN,right,GABA,0.89
720575940601373628,central,ALLN,LN,right,GABA,0.96
720575940601374191,central,ALLN,LN,right,GABA,0.71
720575940601375041,central,ALLN,LN,right,GABA,0.82
720575940601375638,central,ALLN,LN,right,GABA,0.74
720575940601376625,central,ALLN,LN,right,GABA,0.92
720575940601376857,central,ALLN,LN,right,GABA,0.84
720575940601377057,central,ALLN,LN,right,GABA,0.78
720575940601377471,central,ALLN,LN,right,GABA,0.82
720575940601377739,central,ALLN,LN,right,GABA,0.67
720575940601378258,central,ALLN,LN,right,GABA,0.64
720575940601378333,central,ALLN,LN,right,GABA,0.8
720575940601378682,central,ALLN,LN,right,GABA,0.97
720575940601379505,central,ALLN,LN,right,GABA,0.8
720575940601379769,central,ALLN,LN,right,GABA,0.94
720575940601380602,central,ALLN,LN,right,GABA,0.91
720575940601380859,central,ALLN,LN,right,GABA,0.87
720575940601381849,central,ALLN,LN,right,GABA,0.75
720575940601382345,central,ALLN,LN,right,GABA,0.9
720575940601383121,central,ALLN,LN,right,GABA,0.73
720575940601383916,central,ALLN,LN,right,GABA,0.78
720575940601384388,central,ALLN,LN,right,GABA,0.95
720575940601385271,central,ALLN,LN,right,GABA,0.61
720575940601385391,central,ALLN,LN,right,GABA,0.7
720575940601385783,central,ALLN,LN,right,GABA,0.85
720575940601386009,central,ALLN,LN,right,GABA,0.86
720575940601386245,central,ALLN,LN,right,GABA,0.91
720575940601386668,central,ALLN,LN,right,GABA,0.97
720575940601387197,central,ALLN,LN,right,GABA,0.81
720575940601387915,central,ALLN,LN,right,GABA,0.92
720575940601388170,central,ALLN,LN,right,GABA,0.71
720575940601388579,central,ALLN,LN,right,GABA,0.86
720575940601389420,central,ALLN,LN,right,GABA,0.73
720575940601389988,central,ALLN,LN,right,GABA,0.96
720575940601390476,central,ALLN,LN,right,GABA,0.72
720575940601390700,central,ALLN,LN,right,GABA,0.95
720575940601390976,central,ALLN,LN,right,GABA,0.67
720575940601391741,central,ALLN,LN,right,GABA,0.87
720575940601392673,central,ALLN,LN,right,GABA,0.67
720575940601393428,central,ALLN,LN,right,GABA,0.68
720575940601394182,central,Kenyon_Cell,KC,left,ACH,0.69
720575940601394454,central,Kenyon_Cell,KC,left,ACH,0.68
720575940601394662,central,Kenyon_Cell,KC,left,ACH,0.93
720575940601395519,central,Kenyon_Cell,KC,left,ACH,0.84
720575940601395679,central,Kenyon_Cell,KC,left,ACH,0.9
720575940601395802,central,Kenyon_Cell,KC,left,ACH,0.96
720575940601396495,central,Kenyon_Cell,KC,left,ACH,0.97
720575940601397000,central,Kenyon_Cell,KC,left,ACH,0.84
720575940601397783,central,Kenyon_Cell,KC,left,ACH,0.93
720575940601398764,central,Kenyon_Cell,KC,left,ACH,0.62
720575940601399258,central,Kenyon_Cell,KC,left,ACH,0.74
720575940601399581,central,Kenyon_Cell,KC,left,ACH,0.79
720575940601400484,central,Kenyon_Cell,KC,left,ACH,0.95
720575940601401374,central,Kenyon_Cell,KC,left,ACH,0.71
720575940601401562,central,Kenyon_Cell,KC,left,ACH,0.98
720575940601402500,central,Kenyon_Cell,KC,left,ACH,0.8
720575940601402908,central,Kenyon_Cell,KC,left,ACH,0.69
720575940601403499,central,Kenyon_Cell,KC,left,ACH,0.65
720575940601404038,central,Kenyon_Cell,KC,left,ACH,0.91
720575940601404528,central,Kenyon_Cell,KC,left,ACH,0.97
720575940601404562,central,Kenyon_Cell,KC,left,ACH,0.8
720575940601404966,central,Kenyon_Cell,KC,left,ACH,0.94
720575940601405761,central,Kenyon_Cell,KC,left,ACH,0.67
720575940601405885,central,Kenyon_Cell,KC,left,ACH,0.87
720575940601406357,central,Kenyon_Cell,KC,left,ACH,0.72
720575940601406366,central,Kenyon_Cell,KC,left,ACH,0.6
720575940601406582,central,Kenyon_Cell,KC,left,ACH,0.75
720575940601406686,central,Kenyon_Cell,KC,left,ACH,0.73
720575940601407314,central,Kenyon_Cell,KC,left,ACH,0.94
720575940601407506,central,Kenyon_Cell,KC,left,ACH,0.81
720575940601407749,central,Kenyon_Cell,KC,left,ACH,0.71
720575940601408731,central,Kenyon_Cell,KC,left,ACH,0.84
720575940601409106,central,Kenyon_Cell,KC,left,ACH,0.67
720575940601409541,central,Kenyon_Cell,KC,left,ACH,0.68
720575940601410259,central,Kenyon_Cell,KC,left,ACH,0.89
720575940601410633,central,Kenyon_Cell,KC,left,ACH,0.93
720575940601410920,central,Kenyon_Cell,KC,left,ACH,0.78
720575940601411506,central,Kenyon_Cell,KC,left,ACH,0.65
720575940601412096,central,Kenyon_Cell,KC,left,ACH,0.87
720575940601412930,central,Kenyon_Cell,KC,left,ACH,0.64
720575940601413207,central,Kenyon_Cell,KC,left,ACH,0.91
720575940601413776,central,Kenyon_Cell,KC,left,ACH,0.77
720575940601414167,central,Kenyon_Cell,KC,left,ACH,0.68
720575940601414987,central,Kenyon_Cell,KC,left,ACH,0.97
720575940601415141,central,Kenyon_Cell,KC,left,ACH,0.78
720575940601415151,central,Kenyon_Cell,KC,left,ACH,0.67
720575940601415663,central,Kenyon_Cell,KC,left,ACH,0.65
720575940601416578,central,Kenyon_Cell,KC,left,ACH,0.93
720575940601417108,central,Kenyon_Cell,KC,left,ACH,0.81
720575940601417432,central,Kenyon_Cell,KC,left,ACH,0.91
720575940601417740,central,Kenyon_Cell,KC,left,ACH,0.7
720575940601418620,central,Kenyon_Cell,KC,left,ACH,0.82
720575940601419028,central,Kenyon_Cell,KC,left,ACH,0.64
720575940601419196,central,Kenyon_Cell,KC,left,ACH,0.62
720575940601420030,central,Kenyon_Cell,KC,left,ACH,0.7
720575940601420890,central,Kenyon_Cell,KC,left,ACH,0.85
720575940601421351,central,Kenyon_Cell,KC,left,ACH,0.89
720575940601421618,central,Kenyon_Cell,KC,left,ACH,0.74
720575940601422192,central,Kenyon_Cell,KC,left,ACH,0.82
720575940601423022,central,Kenyon_Cell,KC,left,ACH,0.7
720575940601423043,central,Kenyon_Cell,KC,left,ACH,0.76
720575940601423403,central,Kenyon_Cell,KC,left,ACH,0.94
720575940601424390,central,Kenyon_Cell,KC,left,ACH,0.84
720575940601424981,central,Kenyon_Cell,KC,left,ACH,0.82
720575940601425646,central,Kenyon_Cell,KC,left,ACH,0.81
720575940601426446,central,Kenyon_Cell,KC,left,ACH,0.71
720575940601426779,central,Kenyon_Cell,KC,left,ACH,0.86
720575940601427279,central,Kenyon_Cell,KC,left,ACH,0.9
720575940601427737,central,Kenyon_Cell,KC,left,ACH,0.95
720575940601428128,central,Kenyon_Cell,KC,left,ACH,0.84
720575940601428603,central,Kenyon_Cell,KC,left,ACH,0.85
720575940601428752,central,Kenyon_Cell,KC,left,ACH,0.94
720575940601429408,central,Kenyon_Cell,KC,left,ACH,0.92
720575940601429754,central,Kenyon_Cell,KC,left,ACH,0.76
720575940601430382,central,Kenyon_Cell,KC,left,ACH,0.82
720575940601431252,central,Kenyon_Cell,KC,left,ACH,0.95
720575940601431334,central,Kenyon_Cell,KC,left,ACH,0.66
720575940601431568,central,Kenyon_Cell,KC,left,ACH,0.72
720575940601432237,central,Kenyon_Cell,KC,left,ACH,0.71
720575940601432511,central,Kenyon_Cell,KC,left,ACH,0.84
720575940601432916,central,Kenyon_Cell,KC,left,ACH,0.71
720575940601433372,central,Kenyon_Cell,KC,left,ACH,0.9
720575940601434334,central,Kenyon_Cell,KC,left,ACH,0.74
720575940601434936,central,Kenyon_Cell,KC,left,ACH,0.8
720575940601435398,central,Kenyon_Cell,KC,left,ACH,0.76
720575940601435587,central,Kenyon_Cell,KC,left,ACH,0.93
720575940601435716,central,Kenyon_Cell,KC,left,ACH,0.88
720575940601436394,central,Kenyon_Cell,KC,left,ACH,0.7
720575940601437156,central,Kenyon_Cell,KC,left,ACH,0.87
720575940601437238,central,Kenyon_Cell,KC,left,ACH,0.68
720575940601437645,central,Kenyon_Cell,KC,left,ACH,0.64
720575940601437711,central,Kenyon_Cell,KC,left,ACH,0.97
720575940601438196,central,Kenyon_Cell,KC,left,ACH,0.81
720575940601438223,central,Kenyon_Cell,KC,left,ACH,0.9
720575940601438760,central,Kenyon_Cell,KC,left,ACH,0.9
720575940601438846,central,Kenyon_Cell,KC,left,ACH,0.64
720575940601439479,central,Kenyon_Cell,KC,left,ACH,0.66
720575940601440150,central,Kenyon_Cell,KC,left,ACH,0.96
720575940601440550,central,Kenyon_Cell,KC,left,ACH,0.72
720575940601440804,central,Kenyon_Cell,KC,left,ACH,0.89
720575940601441258,central,Kenyon_Cell,KC,left,ACH,0.84
720575940601441393,central,Kenyon_Cell,KC,left,ACH,0.81
720575940601441568,central,Kenyon_Cell,KC,left,ACH,0.61
720575940601442248,central,Kenyon_Cell,KC,left,ACH,0.74
720575940601443186,central,Kenyon_Cell,KC,left,ACH,0.73
720575940601443674,central,Kenyon_Cell,KC,left,ACH,0.78
720575940601444566,central,Kenyon_Cell,KC,left,ACH,0.81
720575940601444845,central,Kenyon_Cell,KC,left,ACH,0.81
720575940601444984,central,Kenyon_Cell,KC,left,ACH,0.98
720575940601445699,central,Kenyon_Cell,KC,left,ACH,0.81
720575940601446305,central,Kenyon_Cell,KC,left,ACH,0.83
720575940601446952,central,Kenyon_Cell,KC,left,ACH,0.89
720575940601447851,central,Kenyon_Cell,KC,left,ACH,0.82
720575940601448388,central,Kenyon_Cell,KC,left,ACH,0.85
720575940601448935,central,Kenyon_Cell,KC,left,ACH,0.72
720575940601449291,central,Kenyon_Cell,KC,left,ACH,0.79
720575940601449524,central,Kenyon_Cell,KC,left,ACH,0.91
720575940601449977,central,Kenyon_Cell,KC,left,ACH,0.72
720575940601450400,central,Kenyon_Cell,KC,left,ACH,0.7
720575940601450711,central,Kenyon_Cell,KC,left,ACH,0.6
720575940601451247,central,Kenyon_Cell,KC,left,ACH,0.92
720575940601452116,central,Kenyon_Cell,KC,left,ACH,0.65
720575940601452410,central,Kenyon_Cell,KC,left,ACH,0.78
720575940601452419,central,Kenyon_Cell,KC,left,ACH,0.87
720575940601452923,central,Kenyon_Cell,KC,left,ACH,0.97
720575940601453412,central,Kenyon_Cell,KC,left,ACH,0.72
720575940601454197,central,Kenyon_Cell,KC,left,ACH,0.77
720575940601454497,central,Kenyon_Cell,KC,left,ACH,0.83
720575940601455313,central,Kenyon_Cell,KC,left,ACH,0.6
720575940601455696,central,Kenyon_Cell,KC,left,ACH,0.67
720575940601456600,central,Kenyon_Cell,KC,left,ACH,0.82
720575940601457005,central,Kenyon_Cell,KC,left,ACH,0.7
720575940601457738,central,Kenyon_Cell,KC,left,ACH,0.89
720575940601458138,central,Kenyon_Cell,KC,left,ACH,0.92
720575940601458364,central,Kenyon_Cell,KC,left,ACH,0.7
720575940601458797,central,Kenyon_Cell,KC,left,ACH,0.84
720575940601459327,central,Kenyon_Cell,KC,left,ACH,0.9
720575940601460259,central,Kenyon_Cell,KC,left,ACH,0.84
720575940601460970,central,Kenyon_Cell,KC,left,ACH,0.87
720575940601461262,central,Kenyon_Cell,KC,left,ACH,0.85
720575940601461807,central,Kenyon_Cell,KC,left,ACH,0.92
720575940601462230,central,Kenyon_Cell,KC,left,ACH,0.67
720575940601462301,central,Kenyon_Cell,KC,left,ACH,0.67
720575940601462598,central,Kenyon_Cell,KC,left,ACH,0.64
720575940601463065,central,Kenyon_Cell,KC,left,ACH,0.84
720575940601463344,central,Kenyon_Cell,KC,left,ACH,0.87
720575940601463848,central,Kenyon_Cell,KC,left,ACH,0.67
720575940601463868,central,Kenyon_Cell,KC,left,ACH,0.66
720575940601464861,central,Kenyon_Cell,KC,left,ACH,0.81
720575940601465052,central,Kenyon_Cell,KC,left,ACH,0.98
720575940601465341,central,Kenyon_Cell,KC,left,ACH,0.7
720575940601466074,central,Kenyon_Cell,KC,left,ACH,0.77
720575940601466083,central,Kenyon_Cell,KC,left,ACH,0.69
720575940601466238,central,Kenyon_Cell,KC,left,ACH,0.61
720575940601466461,central,Kenyon_Cell,KC,left,ACH,0.73
720575940601466781,central,Kenyon_Cell,KC,left,ACH,0.91
720575940601467292,central,Kenyon_Cell,KC,left,ACH,0.99
720575940601467767,central,Kenyon_Cell,KC,left,ACH,0.87
720575940601467800,central,Kenyon_Cell,KC,left,ACH,0.73
720575940601468664,central,Kenyon_Cell,KC,left,ACH,0.89
720575940601468814,central,Kenyon_Cell,KC,left,ACH,0.62
720575940601469609,central,Kenyon_Cell,KC,left,ACH,0.75
720575940601470166,central,Kenyon_Cell,KC,left,ACH,0.78
720575940601470363,central,Kenyon_Cell,KC,left,ACH,0.95
720575940601470620,central,Kenyon_Cell,KC,left,ACH,0.92
720575940601471469,central,Kenyon_Cell,KC,left,ACH,0.6
720575940601472467,central,Kenyon_Cell,KC,left,ACH,0.9
720575940601472722,central,Kenyon_Cell,KC,left,ACH,0.75
720575940601473721,central,Kenyon_Cell,KC,left,ACH,0.77
720575940601474477,central,Kenyon_Cell,KC,left,ACH,0.99
720575940601474681,central,Kenyon_Cell,KC,left,ACH,0.78
720575940601475471,central,Kenyon_Cell,KC,left,ACH,0.64
720575940601476153,central,Kenyon_Cell,KC,left,ACH,0.98
720575940601476638,central,Kenyon_Cell,KC,left,ACH,0.75
720575940601477623,central,Kenyon_Cell,KC,left,ACH,0.72
720575940601477954,central,Kenyon_Cell,KC,left,ACH,0.66
720575940601478700,central,Kenyon_Cell,KC,left,ACH,0.62
720575940601479660,central,Kenyon_Cell,KC,left,ACH,0.81
720575940601479786,central,Kenyon_Cell,KC,left,ACH,0.7
720575940601480440,central,Kenyon_Cell,KC,left,ACH,0.72
720575940601480810,central,Kenyon_Cell,KC,left,ACH,0.95
720575940601481695,central,Kenyon_Cell,KC,left,ACH,0.86
720575940601482692,central,Kenyon_Cell,KC,left,ACH,0.64
720575940601483341,central,Kenyon_Cell,KC,left,ACH,0.77
720575940601483357,central,Kenyon_Cell,KC,left,ACH,0.67
720575940601483640,central,Kenyon_Cell,KC,left,ACH,0.83
720575940601484046,central,Kenyon_Cell,KC,left,ACH,0.91
720575940601484056,central,Kenyon_Cell,KC,left,ACH,0.98
720575940601484652,central,Kenyon_Cell,KC,left,ACH,0.91
720575940601485139,central,Kenyon_Cell,KC,left,ACH,0.87
720575940601485298,central,Kenyon_Cell,KC,left,ACH,0.74
720575940601485390,central,Kenyon_Cell,KC,left,ACH,0.7
720575940601485902,central,Kenyon_Cell,KC,left,ACH,0.64
720575940601486536,central,Kenyon_Cell,KC,left,ACH,0.73
720575940601487529,central,Kenyon_Cell,KC,left,ACH,0.99
720575940601488170,central,Kenyon_Cell,KC,left,ACH,0.62
720575940601488535,central,Kenyon_Cell,KC,left,ACH,0.85
720575940601489254,central,Kenyon_Cell,KC,left,ACH,0.81
720575940601489364,central,Kenyon_Cell,KC,left,ACH,0.65
720575940601489603,central,Kenyon_Cell,KC,left,ACH,0.72
720575940601490175,central,Kenyon_Cell,KC,left,ACH,0.91
720575940601490950,central,Kenyon_Cell,KC,left,ACH,0.74
720575940601491864,central,Kenyon_Cell,KC,left,ACH,0.77
720575940601492062,central,Kenyon_Cell,KC,left,ACH,0.61
720575940601492449,central,Kenyon_Cell,KC,left,ACH,0.74
720575940601492587,central,Kenyon_Cell,KC,left,ACH,0.7
720575940601492628,central,Kenyon_Cell,KC,left,ACH,0.79
720575940601493077,central,Kenyon_Cell,KC,left,ACH,0.82
720575940601493633,central,Kenyon_Cell,KC,left,ACH,0.87
720575940601493828,central,Kenyon_Cell,KC,left,ACH,0.82
720575940601494385,central,Kenyon_Cell,KC,left,ACH,0.74
720575940601495135,central,Kenyon_Cell,KC,left,ACH,0.78
720575940601496024,central,Kenyon_Cell,KC,left,ACH,0.92
720575940601496961,central,Kenyon_Cell,KC,left,ACH,0.94
720575940601497126,central,Kenyon_Cell,KC,left,ACH,0.63
720575940601497285,central,Kenyon_Cell,KC,left,ACH,0.78
720575940601498125,central,Kenyon_Cell,KC,left,ACH,0.7
720575940601498501,central,Kenyon_Cell,KC,left,ACH,0.78
720575940601499296,central,Kenyon_Cell,KC,left,ACH,0.85
720575940601499685,central,Kenyon_Cell,KC,left,ACH,0.89
720575940601500590,central,Kenyon_Cell,KC,left,ACH,0.61
720575940601501468,central,Kenyon_Cell,KC,left,ACH,0.74
720575940601502104,central,Kenyon_Cell,KC,left,ACH,0.69
720575940601502843,central,Kenyon_Cell,KC,left,ACH,0.62
720575940601503834,central,Kenyon_Cell,KC,left,ACH,0.81
720575940601504231,central,Kenyon_Cell,KC,left,ACH,0.67
720575940601504931,central,Kenyon_Cell,KC,left,ACH,0.79
720575940601505496,central,Kenyon_Cell,KC,left,ACH,0.66
720575940601505786,central,Kenyon_Cell,KC,left,ACH,0.73
720575940601506443,central,Kenyon_Cell,KC,left,ACH,0.73
720575940601506542,central,Kenyon_Cell,KC,left,ACH,0.8
720575940601506611,central,Kenyon_Cell,KC,left,ACH,0.62
720575940601507572,central,Kenyon_Cell,KC,left,ACH,0.65
720575940601508467,central,Kenyon_Cell,KC,left,ACH,0.61
720575940601508577,central,Kenyon_Cell,KC,left,ACH,0.79
720575940601508679,central,Kenyon_Cell,KC,left,ACH,0.61
720575940601509337,central,Kenyon_Cell,KC,left,ACH,0.93
720575940601510011,central,Kenyon_Cell,KC,left,ACH,0.79
720575940601510650,central,Kenyon_Cell,KC,left,ACH,0.87
720575940601510913,central,Kenyon_Cell,KC,left,ACH,0.62
720575940601511140,central,Kenyon_Cell,KC,left,ACH,0.84
720575940601511213,central,Kenyon_Cell,KC,left,ACH,0.61
720575940601512157,central,Kenyon_Cell,KC,left,ACH,0.68
720575940601512661,central,Kenyon_Cell,KC,left,ACH,0.96
720575940601513514,central,Kenyon_Cell,KC,left,ACH,0.63
720575940601514335,central,Kenyon_Cell,KC,left,ACH,0.85
720575940601514705,central,Kenyon_Cell,KC,left,ACH,0.82
720575940601515666,central,Kenyon_Cell,KC,left,ACH,0.95
720575940601516508,central,Kenyon_Cell,KC,left,ACH,0.74
720575940601517234,central,Kenyon_Cell,KC,left,ACH,0.62
720575940601517866,central,Kenyon_Cell,KC,left,ACH,0.7
720575940601517908,central,Kenyon_Cell,KC,left,ACH,0.89
720575940601518763,central,Kenyon_Cell,KC,left,ACH,0.72
720575940601519731,central,Kenyon_Cell,KC,left,ACH,0.68
720575940601520263,central,Kenyon_Cell,KC,left,ACH,0.64
720575940601521006,central,Kenyon_Cell,KC,left,ACH,0.69
720575940601521401,central,Kenyon_Cell,KC,left,ACH,0.67
720575940601521940,central,Kenyon_Cell,KC,left,ACH,0.86
720575940601522524,central,Kenyon_Cell,KC,left,ACH,0.84
720575940601522708,central,Kenyon_Cell,KC,left,ACH,0.82
720575940601523280,central,Kenyon_Cell,KC,left,ACH,0.76
720575940601523389,central,Kenyon_Cell,KC,left,ACH,0.9
720575940601523980,central,Kenyon_Cell,KC,left,ACH,0.74
720575940601524450,central,Kenyon_Cell,KC,left,ACH,0.87
720575940601524888,central,Kenyon_Cell,KC,left,ACH,0.94
720575940601525059,central,Kenyon_Cell,KC,left,ACH,0.91
720575940601525623,central,Kenyon_Cell,KC,left,ACH,0.76
720575940601525969,central,Kenyon_Cell,KC,left,ACH,0.86
720575940601526516,central,Kenyon_Cell,KC,left,ACH,0.99
720575940601526970,central,Kenyon_Cell,KC,left,ACH,0.96
720575940601527895,central,Kenyon_Cell,KC,left,ACH,0.72
720575940601528228,central,Kenyon_Cell,KC,left,ACH,0.93
720575940601528651,central,Kenyon_Cell,KC,left,ACH,0.9
720575940601529092,central,Kenyon_Cell,KC,left,ACH,0.92
720575940601529424,central,Kenyon_Cell,KC,left,ACH,0.84
720575940601530001,central,Kenyon_Cell,KC,left,ACH,0.81
720575940601530386,central,Kenyon_Cell,KC,left,ACH,0.9
720575940601531335,central,Kenyon_Cell,KC,left,ACH,0.89
720575940601531704,central,Kenyon_Cell,KC,left,ACH,0.98
720575940601532163,central,Kenyon_Cell,KC,left,ACH,0.97
720575940601532164,central,Kenyon_Cell,KC,left,ACH,0.88
720575940601532456,central,Kenyon_Cell,KC,left,ACH,0.83
720575940601532987,central,Kenyon_Cell,KC,left,ACH,0.65
720575940601533899,central,Kenyon_Cell,KC,left,ACH,0.72
720575940601534207,central,Kenyon_Cell,KC,left,ACH,0.98
720575940601534427,central,Kenyon_Cell,KC,left,ACH,0.93
720575940601534450,central,Kenyon_Cell,KC,left,ACH,0.9
720575940601535416,central,Kenyon_Cell,KC,left,ACH,0.87
720575940601535699,central,Kenyon_Cell,KC,left,ACH,0.96
720575940601536223,central,Kenyon_Cell,KC,left,ACH,0.82
720575940601537172,central,Kenyon_Cell,KC,left,ACH,0.82
720575940601537269,central,Kenyon_Cell,KC,left,ACH,0.61
720575940601537634,central,Kenyon_Cell,KC,left,ACH,0.66
720575940601537906,central,Kenyon_Cell,KC,left,ACH,0.74
720575940601538503,central,Kenyon_Cell,KC,left,ACH,0.7
720575940601538766,central,Kenyon_Cell,KC,left,ACH,0.92
720575940601538861,central,Kenyon_Cell,KC,left,ACH,0.82
720575940601539444,central,Kenyon_Cell,KC,left,ACH,0.96
720575940601540196,central,Kenyon_Cell,KC,left,ACH,0.63
720575940601540529,central,Kenyon_Cell,KC,left,ACH,0.91
720575940601540707,central,Kenyon_Cell,KC,left,ACH,0.79
720575940601541628,central,Kenyon_Cell,KC,left,ACH,0.87
720575940601542219,central,Kenyon_Cell,KC,left,ACH,0.92
720575940601542317,central,Kenyon_Cell,KC,left,ACH,0.83
720575940601542625,central,Kenyon_Cell,KC,left,ACH,0.61
720575940601543453,central,Kenyon_Cell,KC,left,ACH,0.82
720575940601543534,central,Kenyon_Cell,KC,left,ACH,0.9
720575940601544478,central,Kenyon_Cell,KC,left,ACH,0.9
720575940601544835,central,Kenyon_Cell,KC,left,ACH,0.94
720575940601545280,central,Kenyon_Cell,KC,left,ACH,0.76
720575940601546169,central,Kenyon_Cell,KC,left,ACH,0.65
720575940601546958,central,Kenyon_Cell,KC,left,ACH,0.69
720575940601547627,central,Kenyon_Cell,KC,left,ACH,0.93
720575940601548578,central,Kenyon_Cell,KC,left,ACH,0.6
720575940601549375,central,Kenyon_Cell,KC,left,ACH,0.85
720575940601549431,central,Kenyon_Cell,KC,left,ACH,0.72
720575940601549474,central,Kenyon_Cell,KC,left,ACH,0.72
720575940601550053,central,Kenyon_Cell,KC,left,ACH,0.66
720575940601550568,central,Kenyon_Cell,KC,left,ACH,0.87
720575940601550725,central,Kenyon_Cell,KC,left,ACH,0.62
720575940601551475,central,Kenyon_Cell,KC,left,ACH,0.99
720575940601552470,central,Kenyon_Cell,KC,left,ACH,0.77
720575940601553080,central,Kenyon_Cell,KC,left,ACH,0.82
720575940601553173,central,Kenyon_Cell,KC,left,ACH,0.69
720575940601553470,central,Kenyon_Cell,KC,left,ACH,0.91
720575940601553622,central,Kenyon_Cell,KC,left,ACH,0.65
720575940601553707,central,Kenyon_Cell,KC,left,ACH,0.79
720575940601554471,central,Kenyon_Cell,KC,left,ACH,0.62
720575940601554880,central,Kenyon_Cell,KC,left,ACH,0.7
720575940601555289,central,Kenyon_Cell,KC,left,ACH,0.8
720575940601556082,central,Kenyon_Cell,KC,left,ACH,0.87
720575940601556863,central,Kenyon_Cell,KC,left,ACH,0.65
720575940601557436,central,Kenyon_Cell,KC,left,ACH,0.68
720575940601557841,central,Kenyon_Cell,KC,left,ACH,0.85
720575940601558042,central,Kenyon_Cell,KC,left,ACH,0.82
720575940601558796,central,Kenyon_Cell,KC,left,ACH,0.8
720575940601559045,central,Kenyon_Cell,KC,left,ACH,0.63
720575940601559841,central,Kenyon_Cell,KC,left,ACH,0.77
720575940601560543,central,Kenyon_Cell,KC,left,ACH,0.96
720575940601560635,central,Kenyon_Cell,KC,left,ACH,0.64
720575940601561059,central,Kenyon_Cell,KC,left,ACH,0.77
720575940601561416,central,Kenyon_Cell,KC,left,ACH,0.67
720575940601561769,central,Kenyon_Cell,KC,left,ACH,0.83
720575940601561794,central,Kenyon_Cell,KC,left,ACH,0.9
720575940601561968,central,Kenyon_Cell,KC,left,ACH,0.99
720575940601562600,central,Kenyon_Cell,KC,left,ACH,0.92
720575940601563423,central,Kenyon_Cell,KC,left,ACH,0.77
720575940601563573,central,Kenyon_Cell,KC,left,ACH,0.77
720575940601564520,central,Kenyon_Cell,KC,left,ACH,0.92
720575940601564725,central,Kenyon_Cell,KC,left,ACH,0.87
720575940601564885,central,Kenyon_Cell,KC,left,ACH,0.9
720575940601565759,central,Kenyon_Cell,KC,left,ACH,0.63
720575940601566517,central,Kenyon_Cell,KC,left,ACH,0.62
720575940601567489,central,Kenyon_Cell,KC,left,ACH,0.84
720575940601567641,central,Kenyon_Cell,KC,left,ACH,0.94
720575940601568481,central,Kenyon_Cell,KC,left,ACH,0.71
720575940601568833,central,Kenyon_Cell,KC,left,ACH,0.87
720575940601568947,central,Kenyon_Cell,KC,left,ACH,0.72
720575940601569430,central,Kenyon_Cell,KC,left,ACH,0.61
720575940601569645,central,Kenyon_Cell,KC,left,ACH,0.89
720575940601569862,central,Kenyon_Cell,KC,left,ACH,0.68
720575940601570398,central,Kenyon_Cell,KC,left,ACH,0.89
720575940601570960,central,Kenyon_Cell,KC,left,ACH,0.79
720575940601571708,central,Kenyon_Cell,KC,left,ACH,0.99
720575940601572420,central,Kenyon_Cell,KC,left,ACH,0.87
720575940601572439,central,Kenyon_Cell,KC,left,ACH,0.75
720575940601573367,central,Kenyon_Cell,KC,left,ACH,0.86
720575940601573412,central,Kenyon_Cell,KC,left,ACH,0.7
720575940601573474,central,Kenyon_Cell,KC,left,ACH,0.71
720575940601574283,central,Kenyon_Cell,KC,left,ACH,0.87
720575940601574561,central,Kenyon_Cell,KC,left,ACH,0.62
720575940601575232,central,Kenyon_Cell,KC,left,ACH,0.97
720575940601575301,central,Kenyon_Cell,KC,left,ACH,0.75
720575940601575579,central,Kenyon_Cell,KC,left,ACH,0.86
720575940601576514,central,Kenyon_Cell,KC,left,ACH,0.86
720575940601577400,central,Kenyon_Cell,KC,left,ACH,0.64
720575940601577700,central,Kenyon_Cell,KC,left,ACH,0.94
720575940601578365,central,Kenyon_Cell,KC,left,ACH,0.75
720575940601578755,central,Kenyon_Cell,KC,left,ACH,0.8
720575940601579482,central,Kenyon_Cell,KC,left,ACH,0.64
720575940601579806,central,Kenyon_Cell,KC,left,ACH,0.79
720575940601580418,central,Kenyon_Cell,KC,left,ACH,0.81
720575940601580609,central,Kenyon_Cell,KC,left,ACH,0.68
720575940601581599,central,Kenyon_Cell,KC,left,ACH,0.78
720575940601582548,central,Kenyon_Cell,KC,left,ACH,0.88
720575940601582589,central,Kenyon_Cell,KC,left,ACH,0.7
720575940601583132,central,Kenyon_Cell,KC,left,ACH,0.72
720575940601583634,central,Kenyon_Cell,KC,left,ACH,0.75
720575940601583795,central,Kenyon_Cell,KC,left,ACH,0.61
720575940601584496,central,Kenyon_Cell,KC,left,ACH,0.74
720575940601585137,central,Kenyon_Cell,KC,left,ACH,0.72
720575940601585651,central,Kenyon_Cell,KC,left,ACH,0.71
720575940601585715,central,Kenyon_Cell,KC,left,ACH,0.84
720575940601586615,central,Kenyon_Cell,KC,left,ACH,0.75
720575940601587450,central,Kenyon_Cell,KC,left,ACH,0.99
720575940601588417,central,Kenyon_Cell,KC,left,ACH,0.82
720575940601588704,central,Kenyon_Cell,KC,left,ACH,0.69
720575940601589054,central,Kenyon_Cell,KC,left,ACH,0.95
720575940601589727,central,Kenyon_Cell,KC,left,ACH,0.65
720575940601590475,central,Kenyon_Cell,KC,left,ACH,0.75
720575940601591459,central,Kenyon_Cell,KC,right,ACH,0.86
720575940601592353,central,Kenyon_Cell,KC,right,ACH,0.84
720575940601592586,central,Kenyon_Cell,KC,right,ACH,0.76
720575940601593173,central,Kenyon_Cell,KC,right,ACH,0.66
720575940601594167,central,Kenyon_Cell,KC,right,ACH,0.72
720575940601594787,central,Kenyon_Cell,KC,right,ACH,0.73
720575940601595343,central,Kenyon_Cell,KC,right,ACH,0.65
720575940601596012,central,Kenyon_Cell,KC,right,ACH,0.65
720575940601596567,central,Kenyon_Cell,KC,right,ACH,0.87
720575940601596775,central,Kenyon_Cell,KC,right,ACH,0.94
720575940601597092,central,Kenyon_Cell,KC,right,ACH,0.87
720575940601598013,central,Kenyon_Cell,KC,right,ACH,0.8
720575940601598152,central,Kenyon_Cell,KC,right,ACH,0.77
720575940601599083,central,Kenyon_Cell,KC,right,ACH,0.98
720575940601599232,central,Kenyon_Cell,KC,right,ACH,0.86
720575940601599811,central,Kenyon_Cell,KC,right,ACH,0.96
720575940601600137,central,Kenyon_Cell,KC,right,ACH,0.63
720575940601600683,central,Kenyon_Cell,KC,right,ACH,0.97
720575940601600805,central,Kenyon_Cell,KC,right,ACH,0.67
720575940601601665,central,Kenyon_Cell,KC,right,ACH,0.94
720575940601602410,central,Kenyon_Cell,KC,right,ACH,0.61
720575940601602737,central,Kenyon_Cell,KC,right,ACH,0.94
720575940601603161,central,Kenyon_Cell,KC,right,ACH,0.97
720575940601603472,central,Kenyon_Cell,KC,right,ACH,0.77
720575940601604429,central,Kenyon_Cell,KC,right,ACH,0.92
720575940601605082,central,Kenyon_Cell,KC,right,ACH,0.96
720575940601605363,central,Kenyon_Cell,KC,right,ACH,0.66
720575940601605556,central,Kenyon_Cell,KC,right,ACH,0.64
720575940601605746,central,Kenyon_Cell,KC,right,ACH,0.61
720575940601606373,central,Kenyon_Cell,KC,right,ACH,0.84
720575940601606994,central,Kenyon_Cell,KC,right,ACH,0.82
720575940601607231,central,Kenyon_Cell,KC,right,ACH,0.83
720575940601607468,central,Kenyon_Cell,KC,right,ACH,0.87
720575940601607836,central,Kenyon_Cell,KC,right,ACH,0.63
720575940601608635,central,Kenyon_Cell,KC,right,ACH,0.79
720575940601609150,central,Kenyon_Cell,KC,right,ACH,0.93
720575940601609631,central,Kenyon_Cell,KC,right,ACH,0.88
720575940601610014,central,Kenyon_Cell,KC,right,ACH,0.67
720575940601610411,central,Kenyon_Cell,KC,right,ACH,0.79
720575940601610552,central,Kenyon_Cell,KC,right,ACH,0.66
720575940601610784,central,Kenyon_Cell,KC,right,ACH,0.61
720575940601611567,central,Kenyon_Cell,KC,right,ACH,0.98
720575940601612515,central,Kenyon_Cell,KC,right,ACH,0.71
720575940601612938,central,Kenyon_Cell,KC,right,ACH,0.69
720575940601613626,central,Kenyon_Cell,KC,right,ACH,0.99
720575940601614402,central,Kenyon_Cell,KC,right,ACH,0.68
720575940601614584,central,Kenyon_Cell,KC,right,ACH,0.96
720575940601615034,central,Kenyon_Cell,KC,right,ACH,0.94
720575940601615536,central,Kenyon_Cell,KC,right,ACH,0.87
720575940601616424,central,Kenyon_Cell,KC,right,ACH,0.78
720575940601616677,central,Kenyon_Cell,KC,right,ACH,0.77
720575940601617472,central,Kenyon_Cell,KC,right,ACH,0.62
720575940601618225,central,Kenyon_Cell,KC,right,ACH,0.92
720575940601618963,central,Kenyon_Cell,KC,right,ACH,0.72
720575940601619590,central,Kenyon_Cell,KC,right,ACH,0.97
720575940601620176,central,Kenyon_Cell,KC,right,ACH,0.83
720575940601620714,central,Kenyon_Cell,KC,right,ACH,0.85
720575940601621436,central,Kenyon_Cell,KC,right,ACH,0.91
720575940601621970,central,Kenyon_Cell,KC,right,ACH,0.64
720575940601622438,central,Kenyon_Cell,KC,right,ACH,0.92
720575940601622482,central,Kenyon_Cell,KC,right,ACH,0.94
720575940601622734,central,Kenyon_Cell,KC,right,ACH,0.8
720575940601623140,central,Kenyon_Cell,KC,right,ACH,0.98
720575940601623181,central,Kenyon_Cell,KC,right,ACH,0.82
720575940601623710,central,Kenyon_Cell,KC,right,ACH,0.9
720575940601624696,central,Kenyon_Cell,KC,right,ACH,0.62
720575940601624995,central,Kenyon_Cell,KC,right,ACH,0.77
720575940601625901,central,Kenyon_Cell,KC,right,ACH,0.72
720575940601626749,central,Kenyon_Cell,KC,right,ACH,0.71
720575940601626920,central,Kenyon_Cell,KC,right,ACH,0.76
720575940601627548,central,Kenyon_Cell,KC,right,ACH,0.96
720575940601628255,central,Kenyon_Cell,KC,right,ACH,0.8
720575940601628401,central,Kenyon_Cell,KC,right,ACH,0.78
720575940601629063,central,Kenyon_Cell,KC,right,ACH,0.78
720575940601629803,central,Kenyon_Cell,KC,right,ACH,0.8
720575940601629988,central,Kenyon_Cell,KC,right,ACH,0.9
720575940601630949,central,Kenyon_Cell,KC,right,ACH,0.95
720575940601631509,central,Kenyon_Cell,KC,right,ACH,0.65
720575940601631933,central,Kenyon_Cell,KC,right,ACH,0.73
720575940601631959,central,Kenyon_Cell,KC,right,ACH,0.67
720575940601632564,central,Kenyon_Cell,KC,right,ACH,0.95
720575940601633482,central,Kenyon_Cell,KC,right,ACH,0.68
720575940601633948,central,Kenyon_Cell,KC,right,ACH,0.64
720575940601634280,central,Kenyon_Cell,KC,right,ACH,0.87
720575940601635209,central,Kenyon_Cell,KC,right,ACH,0.88
720575940601635377,central,Kenyon_Cell,KC,right,ACH,0.88
720575940601635504,central,Kenyon_Cell,KC,right,ACH,0.64
720575940601636228,central,Kenyon_Cell,KC,right,ACH,0.78
720575940601636600,central,Kenyon_Cell,KC,right,ACH,0.63
720575940601637325,central,Kenyon_Cell,KC,right,ACH,0.75
720575940601638136,central,Kenyon_Cell,KC,right,ACH,0.98
720575940601638763,central,Kenyon_Cell,KC,right,ACH,0.97
720575940601639151,central,Kenyon_Cell,KC,right,ACH,0.81
720575940601639196,central,Kenyon_Cell,KC,right,ACH,0.9
720575940601640131,central,Kenyon_Cell,KC,right,ACH,0.73
720575940601641024,central,Kenyon_Cell,KC,right,ACH,0.86
720575940601641178,central,Kenyon_Cell,KC,right,ACH,0.66
720575940601641327,central,Kenyon_Cell,KC,right,ACH,0.67
720575940601642057,central,Kenyon_Cell,KC,right,ACH,0.62
720575940601642373,central,Kenyon_Cell,KC,right,ACH,0.72
720575940601643161,central,Kenyon_Cell,KC,right,ACH,0.97
720575940601643457,central,Kenyon_Cell,KC,right,ACH,0.84
720575940601643578,central,Kenyon_Cell,KC,right,ACH,0.95
720575940601644562,central,Kenyon_Cell,KC,right,ACH,0.68
720575940601645200,central,Kenyon_Cell,KC,right,ACH,0.9
720575940601645213,central,Kenyon_Cell,KC,right,ACH,0.78
720575940601646089,central,Kenyon_Cell,KC,right,ACH,0.79
720575940601646916,central,Kenyon_Cell,KC,right,ACH,0.6
720575940601647820,central,Kenyon_Cell,KC,right,ACH,0.79
720575940601648043,central,Kenyon_Cell,KC,right,ACH,0.83
720575940601648531,central,Kenyon_Cell,KC,right,ACH,0.78
720575940601648984,central,Kenyon_Cell,KC,right,ACH,0.63
720575940601649599,central,Kenyon_Cell,KC,right,ACH,0.6
720575940601650503,central,Kenyon_Cell,KC,right,ACH,0.81
720575940601651138,central,Kenyon_Cell,KC,right,ACH,0.85
720575940601651978,central,Kenyon_Cell,KC,right,ACH,0.92
720575940601652029,central,Kenyon_Cell,KC,right,ACH,0.67
720575940601652086,central,Kenyon_Cell,KC,right,ACH,0.85
720575940601652124,central,Kenyon_Cell,KC,right,ACH,0.66
720575940601652158,central,Kenyon_Cell,KC,right,ACH,0.86
720575940601653017,central,Kenyon_Cell,KC,right,ACH,0.84
720575940601653357,central,Kenyon_Cell,KC,right,ACH,0.96
720575940601653408,central,Kenyon_Cell,KC,right,ACH,0.64
720575940601653591,central,Kenyon_Cell,KC,right,ACH,0.66
720575940601653883,central,Kenyon_Cell,KC,right,ACH,0.84
720575940601654592,central,Kenyon_Cell,KC,right,ACH,0.87
720575940601655179,central,Kenyon_Cell,KC,right,ACH,0.91
720575940601655361,central,Kenyon_Cell,KC,right,ACH,0.98
720575940601656129,central,Kenyon_Cell,KC,right,ACH,0.83
720575940601657083,central,Kenyon_Cell,KC,right,ACH,0.61
720575940601657870,central,Kenyon_Cell,KC,right,ACH,0.72
720575940601658248,central,Kenyon_Cell,KC,right,ACH,0.95
720575940601659088,central,Kenyon_Cell,KC,right,ACH,0.63
720575940601659526,central,Kenyon_Cell,KC,right,ACH,0.93
720575940601659593,central,Kenyon_Cell,KC,right,ACH,0.71
720575940601659731,central,Kenyon_Cell,KC,right,ACH,0.65
720575940601660612,central,Kenyon_Cell,KC,right,ACH,0.71
720575940601661152,central,Kenyon_Cell,KC,right,ACH,0.76
720575940601661367,central,Kenyon_Cell,KC,right,ACH,0.87
720575940601661994,central,Kenyon_Cell,KC,right,ACH,0.62
720575940601662580,central,Kenyon_Cell,KC,right,ACH,0.88
720575940601663225,central,Kenyon_Cell,KC,right,ACH,0.81
720575940601663315,central,Kenyon_Cell,KC,right,ACH,0.79
720575940601664021,central,Kenyon_Cell,KC,right,ACH,0.84
720575940601664829,central,Kenyon_Cell,KC,right,ACH,0.98
720575940601665124,central,Kenyon_Cell,KC,right,ACH,0.77
720575940601665993,central,Kenyon_Cell,KC,right,ACH,0.72
720575940601666532,central,Kenyon_Cell,KC,right,ACH,0.82
720575940601667171,central,Kenyon_Cell,KC,right,ACH,0.74
720575940601667304,central,Kenyon_Cell,KC,right,ACH,0.84
720575940601667813,central,Kenyon_Cell,KC,right,ACH,0.8
720575940601668461,central,Kenyon_Cell,KC,right,ACH,0.79
720575940601669289,central,Kenyon_Cell,KC,right,ACH,0.67
720575940601669914,central,Kenyon_Cell,KC,right,ACH,0.69
720575940601670212,central,Kenyon_Cell,KC,right,ACH,0.98
720575940601670214,central,Kenyon_Cell,KC,right,ACH,0.65
720575940601670691,central,Kenyon_Cell,KC,right,ACH,0.84
720575940601670812,central,Kenyon_Cell,KC,right,ACH,0.89
720575940601671025,central,Kenyon_Cell,KC,right,ACH,0.91
720575940601671450,central,Kenyon_Cell,KC,right,ACH,0.76
720575940601671792,central,Kenyon_Cell,KC,right,ACH,0.74
720575940601672618,central,Kenyon_Cell,KC,right,ACH,0.85
720575940601672630,central,Kenyon_Cell,KC,right,ACH,0.85
720575940601673337,central,Kenyon_Cell,KC,right,ACH,0.71
720575940601674147,central,Kenyon_Cell,KC,right,ACH,0.63
720575940601674455,central,Kenyon_Cell,KC,right,ACH,0.8
720575940601674787,central,Kenyon_Cell,KC,right,ACH,0.9
720575940601674904,central,Kenyon_Cell,KC,right,ACH,0.87
720575940601675254,central,Kenyon_Cell,KC,right,ACH,0.75
720575940601675837,central,Kenyon_Cell,KC,right,ACH,0.84
720575940601675867,central,Kenyon_Cell,KC,right,ACH,0.92
720575940601676066,central,Kenyon_Cell,KC,right,ACH,0.73
720575940601676413,central,Kenyon_Cell,KC,right,ACH,0.96
720575940601676904,central,Kenyon_Cell,KC,right,ACH,0.96
720575940601677721,central,Kenyon_Cell,KC,right,ACH,0.61
720575940601677861,central,Kenyon_Cell,KC,right,ACH,0.79
720575940601678504,central,Kenyon_Cell,KC,right,ACH,0.78
720575940601679390,central,Kenyon_Cell,KC,right,ACH,0.81
720575940601679734,central,Kenyon_Cell,KC,right,ACH,0.78
720575940601680568,central,Kenyon_Cell,KC,right,ACH,0.76
720575940601681329,central,Kenyon_Cell,KC,right,ACH,0.62
720575940601681863,central,Kenyon_Cell,KC,right,ACH,0.72
720575940601682606,central,Kenyon_Cell,KC,right,ACH,0.86
720575940601683175,central,Kenyon_Cell,KC,right,ACH,0.81
720575940601683389,central,Kenyon_Cell,KC,right,ACH,0.83
720575940601683729,central,Kenyon_Cell,KC,right,ACH,0.91
720575940601684639,central,Kenyon_Cell,KC,right,ACH,0.91
720575940601684707,central,Kenyon_Cell,KC,right,ACH,0.98
720575940601684995,central,Kenyon_Cell,KC,right,ACH,0.93
720575940601685343,central,Kenyon_Cell,KC,right,ACH,0.98
720575940601685985,central,Kenyon_Cell,KC,right,ACH,0.81
720575940601686155,central,Kenyon_Cell,KC,right,ACH,0.82
720575940601686554,central,Kenyon_Cell,KC,right,ACH,0.67
720575940601686674,central,Kenyon_Cell,KC,right,ACH,0.94
720575940601687444,central,Kenyon_Cell,KC,right,ACH,0.72
720575940601688323,central,Kenyon_Cell,KC,right,ACH,0.72
720575940601688356,central,Kenyon_Cell,KC,right,ACH,0.71
720575940601688445,central,Kenyon_Cell,KC,right,ACH,0.79
720575940601688689,central,Kenyon_Cell,KC,right,ACH,0.74
720575940601689539,central,Kenyon_Cell,KC,right,ACH,0.97
720575940601689761,central,Kenyon_Cell,KC,right,ACH,0.8
720575940601689941,central,Kenyon_Cell,KC,right,ACH,0.64
720575940601690745,central,Kenyon_Cell,KC,right,ACH,0.61
720575940601690952,central,Kenyon_Cell,KC,right,ACH,0.96
720575940601691407,central,Kenyon_Cell,KC,right,ACH,0.8
720575940601692226,central,Kenyon_Cell,KC,right,ACH,0.79
720575940601692739,central,Kenyon_Cell,KC,right,ACH,0.66
720575940601693088,central,Kenyon_Cell,KC,right,ACH,0.96
720575940601693839,central,Kenyon_Cell,KC,right,ACH,0.94
720575940601694157,central,Kenyon_Cell,KC,right,ACH,0.9
720575940601694304,central,Kenyon_Cell,KC,right,ACH,0.9
720575940601694405,central,Kenyon_Cell,KC,right,ACH,0.92
720575940601695366,central,Kenyon_Cell,KC,right,ACH,0.8
720575940601695502,central,Kenyon_Cell,KC,right,ACH,0.68
720575940601695540,central,Kenyon_Cell,KC,right,ACH,0.78
720575940601696271,central,Kenyon_Cell,KC,right,ACH,0.94
720575940601696390,central,Kenyon_Cell,KC,right,ACH,0.6
720575940601697345,central,Kenyon_Cell,KC,right,ACH,0.62
720575940601698214,central,Kenyon_Cell,KC,right,ACH,0.83
720575940601698304,central,Kenyon_Cell,KC,right,ACH,0.73
720575940601699215,central,Kenyon_Cell,KC,right,ACH,0.62
720575940601699749,central,Kenyon_Cell,KC,right,ACH,0.9
720575940601700513,central,Kenyon_Cell,KC,right,ACH,0.72
720575940601701105,central,Kenyon_Cell,KC,right,ACH,0.9
720575940601701760,central,Kenyon_Cell,KC,right,ACH,0.95
720575940601702089,central,Kenyon_Cell,KC,right,ACH,0.68
720575940601702383,central,Kenyon_Cell,KC,right,ACH,0.71
720575940601702710,central,Kenyon_Cell,KC,right,ACH,0.9
720575940601703398,central,Kenyon_Cell,KC,right,ACH,0.65
720575940601703551,central,Kenyon_Cell,KC,right,ACH,0.66
720575940601703669,central,Kenyon_Cell,KC,right,ACH,0.61
720575940601704307,central,Kenyon_Cell,KC,right,ACH,0.82
720575940601704412,central,Kenyon_Cell,KC,right,ACH,0.68
720575940601704771,central,Kenyon_Cell,KC,right,ACH,0.81
720575940601705049,central,Kenyon_Cell,KC,right,ACH,0.66
720575940601705771,central,Kenyon_Cell,KC,right,ACH,0.91
720575940601706359,central,Kenyon_Cell,KC,right,ACH,0.7
720575940601706432,central,Kenyon_Cell,KC,right,ACH,0.72
720575940601707346,central,Kenyon_Cell,KC,right,ACH,0.73
720575940601707801,central,Kenyon_Cell,KC,right,ACH,0.62
720575940601707831,central,Kenyon_Cell,KC,right,ACH,0.78
720575940601708523,central,Kenyon_Cell,KC,right,ACH,0.62
720575940601708916,central,Kenyon_Cell,KC,right,ACH,0.62
720575940601709353,central,Kenyon_Cell,KC,right,ACH,0.75
720575940601710075,central,Kenyon_Cell,KC,right,ACH,0.83
720575940601710682,central,Kenyon_Cell,KC,right,ACH,0.85
720575940601711389,central,Kenyon_Cell,KC,right,ACH,0.87
720575940601712021,central,Kenyon_Cell,KC,right,ACH,0.74
720575940601712362,central,Kenyon_Cell,KC,right,ACH,0.92
720575940601713093,central,Kenyon_Cell,KC,right,ACH,0.9
720575940601713922,central,Kenyon_Cell,KC,right,ACH,0.81
720575940601714920,central,Kenyon_Cell,KC,right,ACH,0.96
720575940601715703,central,Kenyon_Cell,KC,right,ACH,0.78
720575940601715838,central,Kenyon_Cell,KC,right,ACH,0.64
720575940601716660,central,Kenyon_Cell,KC,right,ACH,0.96
720575940601717140,central,Kenyon_Cell,KC,right,ACH,0.64
720575940601717458,central,Kenyon_Cell,KC,right,ACH,0.87
720575940601718186,central,Kenyon_Cell,KC,right,ACH,0.9
720575940601718668,central,Kenyon_Cell,KC,right,ACH,0.69
720575940601718898,central,Kenyon_Cell,KC,right,ACH,0.66
720575940601719816,central,Kenyon_Cell,KC,right,ACH,0.84
720575940601720751,central,Kenyon_Cell,KC,right,ACH,0.74
720575940601720939,central,Kenyon_Cell,KC,right,ACH,0.87
720575940601721621,central,Kenyon_Cell,KC,right,ACH,0.73
720575940601722503,central,Kenyon_Cell,KC,right,ACH,0.94
720575940601722968,central,Kenyon_Cell,KC,right,ACH,0.79
720575940601723035,central,Kenyon_Cell,KC,right,ACH,0.79
720575940601723395,central,Kenyon_Cell,KC,right,ACH,0.79
720575940601724262,central,Kenyon_Cell,KC,right,ACH,0.67
720575940601725049,central,Kenyon_Cell,KC,right,ACH,0.74
720575940601725638,central,Kenyon_Cell,KC,right,ACH,0.65
720575940601725744,central,Kenyon_Cell,KC,right,ACH,0.76
720575940601726476,central,Kenyon_Cell,KC,right,ACH,0.91
720575940601726810,central,Kenyon_Cell,KC,right,ACH,0.82
720575940601726883,central,Kenyon_Cell,KC,right,ACH,0.91
720575940601727429,central,Kenyon_Cell,KC,right,ACH,0.78
720575940601728034,central,Kenyon_Cell,KC,right,ACH,0.76
720575940601728670,central,Kenyon_Cell,KC,right,ACH,0.7
720575940601728833,central,Kenyon_Cell,KC,right,ACH,0.98
720575940601729227,central,Kenyon_Cell,KC,right,ACH,0.63
720575940601729441,central,Kenyon_Cell,KC,right,ACH,0.92
720575940601730047,central,Kenyon_Cell,KC,right,ACH,0.77
720575940601730493,central,Kenyon_Cell,KC,right,ACH,0.82
720575940601730844,central,Kenyon_Cell,KC,right,ACH,0.81
720575940601731086,central,Kenyon_Cell,KC,right,ACH,0.67
720575940601731772,central,Kenyon_Cell,KC,right,ACH,0.63
720575940601732726,central,Kenyon_Cell,KC,right,ACH,0.88
720575940601733583,central,Kenyon_Cell,KC,right,ACH,0.79
720575940601734190,central,Kenyon_Cell,KC,right,ACH,0.83
720575940601734524,central,Kenyon_Cell,KC,right,ACH,0.82
720575940601735366,central,Kenyon_Cell,KC,right,ACH,0.77
720575940601735682,central,Kenyon_Cell,KC,right,ACH,0.97
720575940601735754,central,Kenyon_Cell,KC,right,ACH,0.83
720575940601736456,central,Kenyon_Cell,KC,right,ACH,0.92
720575940601737246,central,Kenyon_Cell,KC,right,ACH,0.92
720575940601737582,central,Kenyon_Cell,KC,right,ACH,0.79
720575940601738259,central,Kenyon_Cell,KC,right,ACH,0.62
720575940601738482,central,Kenyon_Cell,KC,right,ACH,0.92
720575940601739391,central,Kenyon_Cell,KC,right,ACH,0.83
720575940601740165,central,Kenyon_Cell,KC,right,ACH,0.85
720575940601740166,central,Kenyon_Cell,KC,right,ACH,0.9
720575940601740843,central,Kenyon_Cell,KC,right,ACH,0.66
720575940601741388,central,Kenyon_Cell,KC,right,ACH,0.71
720575940601742019,central,Kenyon_Cell,KC,right,ACH,0.83
720575940601742220,central,Kenyon_Cell,KC,right,ACH,0.68
720575940601743119,central,Kenyon_Cell,KC,right,ACH,0.72
720575940601743703,central,Kenyon_Cell,KC,right,ACH,0.91
720575940601744399,central,Kenyon_Cell,KC,right,ACH,0.72
720575940601745365,central,Kenyon_Cell,KC,right,ACH,0.97
720575940601746101,central,Kenyon_Cell,KC,right,ACH,0.98
720575940601746454,central,Kenyon_Cell,KC,right,ACH,0.99
720575940601747051,central,Kenyon_Cell,KC,right,ACH,0.6
720575940601747574,central,Kenyon_Cell,KC,right,ACH,0.76
720575940601747705,central,Kenyon_Cell,KC,right,ACH,0.93
720575940601747769,central,Kenyon_Cell,KC,right,ACH,0.74
720575940601748332,central,Kenyon_Cell,KC,right,ACH,0.98
720575940601748333,central,Kenyon_Cell,KC,right,ACH,0.87
720575940601749174,central,Kenyon_Cell,KC,right,ACH,0.98
720575940601749287,central,Kenyon_Cell,KC,right,ACH,0.94
720575940601750174,central,Kenyon_Cell,KC,right,ACH,0.61
720575940601750617,central,Kenyon_Cell,KC,right,ACH,0.87
720575940601751021,central,Kenyon_Cell,KC,right,ACH,0.84
720575940601751750,central,Kenyon_Cell,KC,right,ACH,0.75
720575940601752141,central,Kenyon_Cell,KC,right,ACH,0.77
720575940601752358,central,Kenyon_Cell,KC,right,ACH,0.86
720575940601752845,central,Kenyon_Cell,KC,right,ACH,0.65
720575940601753414,central,Kenyon_Cell,KC,right,ACH,0.75
720575940601754361,central,Kenyon_Cell,KC,right,ACH,0.74
720575940601754789,central,Kenyon_Cell,KC,right,ACH,0.66
720575940601755683,central,Kenyon_Cell,KC,right,ACH,0.86
720575940601755821,central,Kenyon_Cell,KC,right,ACH,0.6
720575940601756485,central,Kenyon_Cell,KC,right,ACH,0.61
720575940601757224,central,Kenyon_Cell,KC,right,ACH,0.95
720575940601757898,central,Kenyon_Cell,KC,right,ACH,0.77
720575940601758038,central,Kenyon_Cell,KC,right,ACH,0.63
720575940601758696,central,Kenyon_Cell,KC,right,ACH,0.91
720575940601759577,central,Kenyon_Cell,KC,right,ACH,0.78
720575940601760385,central,Kenyon_Cell,KC,right,ACH,0.87
720575940601761338,central,Kenyon_Cell,KC,right,ACH,0.77
720575940601761523,central,Kenyon_Cell,KC,right,ACH,0.78
720575940601761958,central,Kenyon_Cell,KC,right,ACH,0.82
720575940601762419,central,Kenyon_Cell,KC,right,ACH,0.75
720575940601762651,central,Kenyon_Cell,KC,right,ACH,0.67
720575940601763271,central,Kenyon_Cell,KC,right,ACH,0.6
720575940601763782,central,Kenyon_Cell,KC,right,ACH,0.93
720575940601764025,central,Kenyon_Cell,KC,right,ACH,0.88
720575940601764301,central,Kenyon_Cell,KC,right,ACH,0.76
720575940601764861,central,Kenyon_Cell,KC,right,ACH,0.82
720575940601764896,central,Kenyon_Cell,KC,right,ACH,0.98
720575940601765478,central,Kenyon_Cell,KC,right,ACH,0.79
720575940601765856,central,Kenyon_Cell,KC,right,ACH,0.64
720575940601766350,central,Kenyon_Cell,KC,right,ACH,0.98
720575940601766432,central,Kenyon_Cell,KC,right,ACH,0.66
720575940601767181,central,Kenyon_Cell,KC,right,ACH,0.81
720575940601768061,central,Kenyon_Cell,KC,right,ACH,0.98
720575940601768859,central,Kenyon_Cell,KC,right,ACH,0.71
720575940601769389,central,Kenyon_Cell,KC,right,ACH,0.63
720575940601770301,central,Kenyon_Cell,KC,right,ACH,0.84
720575940601770553,central,Kenyon_Cell,KC,right,ACH,0.78
720575940601771313,central,Kenyon_Cell,KC,right,ACH,0.86
720575940601771998,central,Kenyon_Cell,KC,right,ACH,0.63
720575940601772647,central,Kenyon_Cell,KC,right,ACH,0.81
720575940601773241,central,Kenyon_Cell,KC,right,ACH,0.72
720575940601773296,central,Kenyon_Cell,KC,right,ACH,0.95
720575940601773844,central,Kenyon_Cell,KC,right,ACH,0.9
720575940601774325,central,Kenyon_Cell,KC,right,ACH,0.78
720575940601775253,central,Kenyon_Cell,KC,right,ACH,0.78
720575940601776005,central,Kenyon_Cell,KC,right,ACH,0.73
720575940601776367,central,Kenyon_Cell,KC,right,ACH,0.97
720575940601777185,central,Kenyon_Cell,KC,right,ACH,0.71
720575940601777357,central,Kenyon_Cell,KC,right,ACH,0.61
720575940601778303,central,Kenyon_Cell,KC,right,ACH,0.83
720575940601778615,central,Kenyon_Cell,KC,right,ACH,0.88
720575940601779193,central,Kenyon_Cell,KC,right,ACH,0.7
720575940601779838,central,Kenyon_Cell,KC,right,ACH,0.78
720575940601780012,central,Kenyon_Cell,KC,right,ACH,0.82
720575940601780685,central,Kenyon_Cell,KC,right,ACH,0.99
720575940601781514,central,Kenyon_Cell,KC,right,ACH,0.89
720575940601781542,central,Kenyon_Cell,KC,right,ACH,0.71
720575940601781627,central,Kenyon_Cell,KC,right,ACH,0.65
720575940601781706,central,Kenyon_Cell,KC,right,ACH,0.93
720575940601781991,central,Kenyon_Cell,KC,right,ACH,0.7
720575940601782622,central,Kenyon_Cell,KC,right,ACH,0.71
720575940601783501,central,Kenyon_Cell,KC,right,ACH,0.7
720575940601784261,central,Kenyon_Cell,KC,right,ACH,0.64
720575940601784440,central,Kenyon_Cell,KC,right,ACH,0.95
720575940601785197,central,Kenyon_Cell,KC,right,ACH,0.66
720575940601785655,central,Kenyon_Cell,KC,right,ACH,0.74
720575940601785835,central,Kenyon_Cell,KC,right,ACH,0.7
720575940601786553,central,Kenyon_Cell,KC,right,ACH,0.69
720575940601786739,central,Kenyon_Cell,KC,right,ACH,0.91
720575940601787622,central,Kenyon_Cell,KC,right,ACH,0.61
720575940601787709,central,Kenyon_Cell,KC,right,ACH,0.98
720575940601788319,central,Kenyon_Cell,KC,right,ACH,0.96
720575940601788477,central,Kenyon_Cell,KC,right,ACH,0.93
720575940601789248,central,Kenyon_Cell,KC,right,ACH,0.99
720575940601790037,central,Kenyon_Cell,KC,right,ACH,0.75
720575940601790714,central,Kenyon_Cell,KC,right,ACH,0.77
720575940601791367,central,Kenyon_Cell,KC,right,ACH,0.67
720575940601791959,central,Kenyon_Cell,KC,right,ACH,0.89
720575940601792313,central,MBON,MBON,left,GLUT,0.62
720575940601792584,central,MBON,MBON,left,GLUT,0.89
720575940601792703,central,MBON,MBON,left,GLUT,0.62
720575940601793179,central,MBON,MBON,left,GLUT,0.76
720575940601793488,central,MBON,MBON,left,GLUT,0.79
720575940601794460,central,MBON,MBON,left,GLUT,0.89
720575940601795006,central,MBON,MBON,left,GLUT,0.69
720575940601795706,central,MBON,MBON,left,GLUT,0.88
720575940601796192,central,MBON,MBON,left,GLUT,0.7
720575940601796736,central,MBON,MBON,left,GLUT,0.94
720575940601796749,central,MBON,MBON,left,GLUT,0.71
720575940601797566,central,MBON,MBON,left,GLUT,0.78
720575940601798261,central,MBON,MBON,left,GLUT,0.72
720575940601798804,central,MBON,MBON,left,GLUT,0.87
720575940601798847,central,MBON,MBON,left,GLUT,0.64
720575940601799392,central,MBON,MBON,left,GLUT,0.85
720575940601800372,central,MBON,MBON,left,GLUT,0.93
720575940601800998,central,MBON,MBON,left,GLUT,0.96
720575940601801877,central,MBON,MBON,left,GLUT,0.71
720575940601802154,central,MBON,MBON,left,GLUT,0.7
720575940601802255,central,MBON,MBON,right,GLUT,0.7
720575940601802854,central,MBON,MBON,right,GLUT,0.75
720575940601803646,central,MBON,MBON,right,GLUT,0.86
720575940601803894,central,MBON,MBON,right,GLUT,0.89
720575940601804497,central,MBON,MBON,right,GLUT,0.9
720575940601805030,central,MBON,MBON,right,GLUT,0.73
720575940601805737,central,MBON,MBON,right,GLUT,0.99
720575940601806058,central,MBON,MBON,right,GLUT,0.81
720575940601806747,central,MBON,MBON,right,GLUT,0.6
720575940601806817,central,MBON,MBON,right,GLUT,0.6
720575940601806918,central,MBON,MBON,right,GLUT,0.8
720575940601807620,central,MBON,MBON,right,GLUT,0.77
720575940601807845,central,MBON,MBON,right,GLUT,0.88
720575940601808103,central,MBON,MBON,right,GLUT,0.68
720575940601808128,central,MBON,MBON,right,GLUT,0.84
720575940601808187,central,MBON,MBON,right,GLUT,0.97
720575940601808860,central,MBON,MBON,right,GLUT,0.95
720575940601809083,central,MBON,MBON,right,GLUT,0.97
720575940601809737,central,MBON,MBON,right,GLUT,0.65
720575940601810718,central,MBON,MBON,right,GLUT,0.65
720575940601811595,central,DAN,PAM,left,DA,0.84
720575940601811980,central,DAN,PAM,left,DA,0.86
720575940601812902,central,DAN,PAM,left,DA,0.85
720575940601813725,central,DAN,PAM,left,DA,0.98
720575940601814643,central,DAN,PAM,left,DA,0.64
720575940601814832,central,DAN,PAM,left,DA,0.7
720575940601815311,central,DAN,PAM,left,DA,0.86
720575940601815389,central,DAN,PAM,left,DA,0.85
720575940601816334,central,DAN,PAM,left,DA,0.99
720575940601817122,central,DAN,PAM,left,DA,0.77
720575940601818048,central,DAN,PAM,left,DA,0.86
720575940601818837,central,DAN,PAM,left,DA,0.73
720575940601819003,central,DAN,PAM,left,DA,0.9
720575940601819287,central,DAN,PAM,left,DA,0.9
720575940601819679,central,DAN,PAM,left,DA,0.75
720575940601819741,central,DAN,PAM,left,DA,0.7
720575940601820574,central,DAN,PAM,left,DA,0.7
720575940601821026,central,DAN,PAM,left,DA,0.63
720575940601821977,central,DAN,PAM,left,DA,0.68
720575940601822380,central,DAN,PAM,left,DA,0.67
720575940601822884,central,DAN,PAM,left,DA,0.64
720575940601823438,central,DAN,PAM,left,DA,0.9
720575940601823662,central,DAN,PAM,left,DA,0.84
720575940601823771,central,DAN,PAM,left,DA,0.96
720575940601824504,central,DAN,PAM,left,DA,0.7
720575940601824540,central,DAN,PAM,left,DA,0.63
720575940601825126,central,DAN,PAM,left,DA,0.88
720575940601825922,central,DAN,PAM,left,DA,0.77
720575940601826841,central,DAN,PAM,left,DA,0.79
720575940601827510,central,DAN,PAM,left,DA,0.85
720575940601828466,central,DAN,PAM,left,DA,0.61
720575940601828866,central,DAN,PAM,left,DA,0.7
720575940601829583,central,DAN,PAM,left,DA,0.73
720575940601829984,central,DAN,PAM,left,DA,0.82
720575940601830512,central,DAN,PAM,left,DA,0.88
720575940601831302,central,DAN,PAM,left,DA,0.79
720575940601831749,central,DAN,PAM,left,DA,0.76
720575940601832495,central,DAN,PAM,left,DA,0.9
720575940601833300,central,DAN,PAM,left,DA,0.63
720575940601833532,central,DAN,PAM,left,DA,0.6
720575940601834510,central,DAN,PAM,right,DA,0.87
720575940601835309,central,DAN,PAM,right,DA,0.79
720575940601835890,central,DAN,PAM,right,DA,0.81
720575940601836258,central,DAN,PAM,right,DA,0.73
720575940601836569,central,DAN,PAM,right,DA,0.76
720575940601837217,central,DAN,PAM,right,DA,0.99
720575940601837880,central,DAN,PAM,right,DA,0.64
720575940601838428,central,DAN,PAM,right,DA,0.93
720575940601838777,central,DAN,PAM,right,DA,0.63
720575940601839248,central,DAN,PAM,right,DA,0.9
720575940601839545,central,DAN,PAM,right,DA,0.85
720575940601839726,central,DAN,PAM,right,DA,0.82
720575940601840717,central,DAN,PAM,right,DA,0.75
720575940601840913,central,DAN,PAM,right,DA,0.72
720575940601841313,central,DAN,PAM,right,DA,0.95
720575940601841959,central,DAN,PAM,right,DA,0.87
720575940601842458,central,DAN,PAM,right,DA,0.63
720575940601843106,central,DAN,PAM,right,DA,0.77
720575940601843301,central,DAN,PAM,right,DA,0.65
720575940601843499,central,DAN,PAM,right,DA,0.61
720575940601844107,central,DAN,PAM,right,DA,0.69
720575940601844506,central,DAN,PAM,right,DA,0.62
720575940601845060,central,DAN,PAM,right,DA,0.85
720575940601845572,central,DAN,PAM,right,DA,0.81
720575940601846427,central,DAN,PAM,right,DA,0.92
720575940601847417,central,DAN,PAM,right,DA,0.99
720575940601847455,central,DAN,PAM,right,DA,0.73
720575940601847801,central,DAN,PAM,right,DA,0.91
720575940601847845,central,DAN,PAM,right,DA,0.76
720575940601848062,central,DAN,PAM,right,DA,0.91
720575940601848746,central,DAN,PAM,right,DA,0.8
720575940601849709,central,DAN,PAM,right,DA,0.86
720575940601850605,central,DAN,PAM,right,DA,0.81
720575940601851364,central,DAN,PAM,right,DA,0.83
720575940601852312,central,DAN,PAM,right,DA,0.63
720575940601853066,central,DAN,PAM,right,DA,0.66
720575940601853736,central,DAN,PAM,right,DA,0.61
720575940601854665,central,DAN,PAM,right,DA,0.96
720575940601854712,central,DAN,PAM,right,DA,0.69
720575940601855377,central,DAN,PAM,right,DA,0.65
720575940601855554,central,CX,EPG,left,ACH,0.85
720575940601856481,central,CX,EPG,left,ACH,0.72
720575940601857294,central,CX,EPG,left,ACH,0.64
720575940601857920,central,CX,EPG,left,ACH,0.67
720575940601858526,central,CX,EPG,left,ACH,0.62
720575940601859364,central,CX,EPG,left,ACH,0.64
720575940601859874,central,CX,EPG,left,ACH,0.83
720575940601860505,central,CX,EPG,left,ACH,0.69
720575940601861329,central,CX,EPG,left,ACH,0.68
720575940601861675,central,CX,EPG,left,ACH,0.92
720575940601862431,central,CX,EPG,left,ACH,0.86
720575940601862764,central,CX,EPG,left,ACH,0.65
720575940601863465,central,CX,EPG,left,ACH,0.82
720575940601863606,central,CX,EPG,left,ACH,0.73
720575940601864594,central,CX,EPG,left,ACH,0.91
720575940601865377,central,CX,EPG,left,ACH,0.62
720575940601865555,central,CX,EPG,left,ACH,0.73
720575940601865679,central,CX,EPG,left,ACH,0.71
720575940601866455,central,CX,EPG,left,ACH,0.76
720575940601867169,central,CX,EPG,left,ACH,0.74
720575940601867338,central,CX,EPG,left,ACH,0.77
720575940601868286,central,CX,EPG,left,ACH,0.83
720575940601868423,central,CX,EPG,left,ACH,0.64
720575940601869291,central,CX,EPG,right,ACH,0.85
720575940601869677,central,CX,EPG,right,ACH,0.9
720575940601869694,central,CX,EPG,right,ACH,0.94
720575940601869777,central,CX,EPG,right,ACH,0.6
720575940601869961,central,CX,EPG,right,ACH,0.96
720575940601870685,central,CX,EPG,right,ACH,0.85
720575940601871594,central,CX,EPG,right,ACH,0.71
720575940601872305,central,CX,EPG,right,ACH,0.91
720575940601873097,central,CX,EPG,right,ACH,0.79
720575940601873227,central,CX,EPG,right,ACH,0.68
720575940601873883,central,CX,EPG,right,ACH,0.71
720575940601874345,central,CX,EPG,right,ACH,0.76
720575940601875306,central,CX,EPG,right,ACH,0.67
720575940601876015,central,CX,EPG,right,ACH,0.61
720575940601876200,central,CX,EPG,right,ACH,0.88
720575940601876827,central,CX,EPG,right,ACH,0.97
720575940601877470,central,CX,EPG,right,ACH,0.92
720575940601877779,central,CX,EPG,right,ACH,0.74
720575940601877784,central,CX,EPG,right,ACH,0.82
720575940601877981,central,CX,EPG,right,ACH,0.65
720575940601878524,central,CX,EPG,right,ACH,0.98
720575940601879158,central,CX,EPG,right,ACH,0.74
720575940601879938,central,CX,EPG,right,ACH,0.98
720575940601880458,central,CX,PEN,left,ACH,0.69
720575940601881247,central,CX,PEN,left,ACH,0.84
720575940601881461,central,CX,PEN,left,ACH,0.71
720575940601881660,central,CX,PEN,left,ACH,0.64
720575940601881813,central,CX,PEN,left,ACH,0.87
720575940601882805,central,CX,PEN,left,ACH,0.96
720575940601883315,central,CX,PEN,left,ACH,0.67
720575940601884002,central,CX,PEN,left,ACH,0.96
720575940601884058,central,CX,PEN,left,ACH,0.85
720575940601884350,central,CX,PEN,left,ACH,0.68
720575940601884608,central,CX,PEN,left,ACH,0.73
720575940601885433,central,CX,PEN,left,ACH,0.95
720575940601885898,central,CX,PEN,left,ACH,0.62
720575940601886657,central,CX,PEN,left,ACH,0.62
720575940601887208,central,CX,PEN,left,ACH,0.67
720575940601888013,central,CX,PEN,left,ACH,0.61
720575940601888541,central,CX,PEN,left,ACH,0.65
720575940601889458,central,CX,PEN,left,ACH,0.69
720575940601889914,central,CX,PEN,left,ACH,0.83
720575940601890248,central,CX,PEN,left,ACH,0.76
720575940601891014,central,CX,PEN,right,ACH,0.86
720575940601891348,central,CX,PEN,right,ACH,0.69
720575940601891461,central,CX,PEN,right,ACH,0.73
720575940601891562,central,CX,PEN,right,ACH,0.69
720575940601891985,central,CX,PEN,right,ACH,0.94
720575940601892370,central,CX,PEN,right,ACH,0.95
720575940601892446,central,CX,PEN,right,ACH,0.78
720575940601892943,central,CX,PEN,right,ACH,0.62
720575940601893390,central,CX,PEN,right,ACH,0.66
720575940601894341,central,CX,PEN,right,ACH,0.84
720575940601894524,central,CX,PEN,right,ACH,0.75
720575940601894664,central,CX,PEN,right,ACH,0.78
720575940601894863,central,CX,PEN,right,ACH,0.85
720575940601895862,central,CX,PEN,right,ACH,0.71
720575940601896206,central,CX,PEN,right,ACH,0.65
720575940601896915,central,CX,PEN,right,ACH,0.82
720575940601897203,central,CX,PEN,right,ACH,0.65
720575940601898076,central,CX,PEN,right,ACH,0.78
720575940601898505,central,CX,PEN,right,ACH,0.67
720575940601898857,central,CX,PEN,right,ACH,0.69
720575940601899160,central,CX,Delta7,left,GLUT,0.84
720575940601899969,central,CX,Delta7,left,GLUT,0.91
720575940601900945,central,CX,Delta7,left,GLUT,0.84
720575940601901120,central,CX,Delta7,left,GLUT,0.83
720575940601901687,central,CX,Delta7,left,GLUT,0.93
720575940601901776,central,CX,Delta7,left,GLUT,0.76
720575940601902311,central,CX,Delta7,left,GLUT,0.79
720575940601902533,central,CX,Delta7,left,GLUT,0.83
720575940601903391,central,CX,Delta7,left,GLUT,0.78
720575940601903406,central,CX,Delta7,left,GLUT,0.88
720575940601904160,central,CX,Delta7,left,GLUT,0.94
720575940601904414,central,CX,Delta7,left,GLUT,0.73
720575940601905008,central,CX,Delta7,left,GLUT,0.69
720575940601905958,central,CX,Delta7,left,GLUT,0.83
720575940601906111,central,CX,Delta7,left,GLUT,0.96
720575940601907031,central,CX,Delta7,left,GLUT,0.6
720575940601907077,central,CX,Delta7,left,GLUT,0.62
720575940601907559,central,CX,Delta7,left,GLUT,0.89
720575940601908076,central,CX,Delta7,left,GLUT,0.61
720575940601908620,central,CX,Delta7,left,GLUT,0.75
720575940601909450,central,CX,Delta7,right,GLUT,0.91
720575940601910292,central,CX,Delta7,right,GLUT,0.64
720575940601910800,central,CX,Delta7,right,GLUT,0.69
720575940601911372,central,CX,Delta7,right,GLUT,0.89
720575940601912082,central,CX,Delta7,right,GLUT,0.89
720575940601913055,central,CX,Delta7,right,GLUT,0.69
720575940601913423,central,CX,Delta7,right,GLUT,0.72
720575940601914087,central,CX,Delta7,right,GLUT,0.99
720575940601914104,central,CX,Delta7,right,GLUT,0.79
720575940601914417,central,CX,Delta7,right,GLUT,0.66
720575940601914888,central,CX,Delta7,right,GLUT,0.93
720575940601915654,central,CX,Delta7,right,GLUT,0.83
720575940601916120,central,CX,Delta7,right,GLUT,0.78
720575940601916262,central,CX,Delta7,right,GLUT,0.94
720575940601916678,central,CX,Delta7,right,GLUT,0.67
720575940601917571,central,CX,Delta7,right,GLUT,0.74
720575940601918047,central,CX,Delta7,right,GLUT,0.87
720575940601918049,central,CX,Delta7,right,GLUT,0.94
720575940601918122,central,CX,Delta7,right,GLUT,0.75
720575940601918830,central,CX,Delta7,right,GLUT,0.73
720575940601918864,central,CX,PFL3,left,ACH,0.72
720575940601919635,central,CX,PFL3,left,ACH,0.71
720575940601920604,central,CX,PFL3,left,ACH,0.84
720575940601921194,central,CX,PFL3,left,ACH,0.91
720575940601922001,central,CX,PFL3,left,ACH,0.87
720575940601922637,central,CX,PFL3,left,ACH,0.94
720575940601923391,central,CX,PFL3,left,ACH,0.96
720575940601923919,central,CX,PFL3,left,ACH,0.97
720575940601924610,central,CX,PFL3,left,ACH,0.74
720575940601924663,central,CX,PFL3,left,ACH,0.64
720575940601925038,central,CX,PFL3,left,ACH,0.78
720575940601925080,central,CX,PFL3,left,ACH,0.74
720575940601925260,central,CX,PFL3,right,ACH,0.85
720575940601925982,central,CX,PFL3,right,ACH,0.63
720575940601926709,central,CX,PFL3,right,ACH,0.9
720575940601926851,central,CX,PFL3,right,ACH,0.98
720575940601927096,central,CX,PFL3,right,ACH,0.81
720575940601927761,central,CX,PFL3,right,ACH,0.79
720575940601928723,central,CX,PFL3,right,ACH,0.89
720575940601929616,central,CX,PFL3,right,ACH,0.97
720575940601929831,central,CX,PFL3,right,ACH,0.89
720575940601930611,central,CX,PFL3,right,ACH,0.69
720575940601930973,central,CX,PFL3,right,ACH,0.95
720575940601931489,central,CX,PFL3,right,ACH,0.87
720575940601931773,sensory,mechanosensory,JO,left,ACH,0.62
720575940601932155,sensory,mechanosensory,JO,left,ACH,0.73
720575940601932653,sensory,mechanosensory,JO,left,ACH,0.8
720575940601933503,sensory,mechanosensory,JO,left,ACH,0.65
720575940601934230,sensory,mechanosensory,JO,left,ACH,0.81
720575940601935076,sensory,mechanosensory,JO,left,ACH,0.81
720575940601935376,sensory,mechanosensory,JO,left,ACH,0.78
720575940601935753,sensory,mechanosensory,JO,left,ACH,0.91
720575940601936722,sensory,mechanosensory,JO,left,ACH,0.87
720575940601937686,sensory,mechanosensory,JO,left,ACH,0.94
720575940601937879,sensory,mechanosensory,JO,left,ACH,0.95
720575940601938348,sensory,mechanosensory,JO,left,ACH,0.63
720575940601938749,sensory,mechanosensory,JO,left,ACH,0.95
720575940601939045,sensory,mechanosensory,JO,left,ACH,0.97
720575940601939124,sensory,mechanosensory,JO,left,ACH,0.64
720575940601939407,sensory,mechanosensory,JO,left,ACH,0.64
720575940601939559,sensory,mechanosensory,JO,left,ACH,0.79
720575940601940455,sensory,mechanosensory,JO,left,ACH,0.68
720575940601941430,sensory,mechanosensory,JO,left,ACH,0.84
720575940601941731,sensory,mechanosensory,JO,left,ACH,0.76
720575940601942430,sensory,mechanosensory,JO,left,ACH,0.81
720575940601942566,sensory,mechanosensory,JO,left,ACH,0.78
720575940601942997,sensory,mechanosensory,JO,left,ACH,0.77
720575940601943658,sensory,mechanosensory,JO,left,ACH,0.61
720575940601943852,sensory,mechanosensory,JO,left,ACH,0.62
720575940601944745,sensory,mechanosensory,JO,left,ACH,0.91
720575940601945600,sensory,mechanosensory,JO,left,ACH,0.97
720575940601946261,sensory,mechanosensory,JO,left,ACH,0.73
720575940601946854,sensory,mechanosensory,JO,left,ACH,0.73
720575940601947516,sensory,mechanosensory,JO,left,ACH,0.91
720575940601948014,sensory,mechanosensory,JO,left,ACH,0.83
720575940601948728,sensory,mechanosensory,JO,left,ACH,0.81
720575940601949290,sensory,mechanosensory,JO,left,ACH,0.77
720575940601949602,sensory,mechanosensory,JO,left,ACH,0.82
720575940601950522,sensory,mechanosensory,JO,left,ACH,0.91
720575940601950698,sensory,mechanosensory,JO,left,ACH,0.91
720575940601950931,sensory,mechanosensory,JO,left,ACH,0.79
720575940601951926,sensory,mechanosensory,JO,left,ACH,0.71
720575940601952792,sensory,mechanosensory,JO,left,ACH,0.62
720575940601953154,sensory,mechanosensory,JO,left,ACH,0.71
720575940601954134,sensory,mechanosensory,JO,left,ACH,0.66
720575940601955081,sensory,mechanosensory,JO,left,ACH,0.66
720575940601955630,sensory,mechanosensory,JO,left,ACH,0.71
720575940601956627,sensory,mechanosensory,JO,left,ACH,0.67
720575940601957353,sensory,mechanosensory,JO,left,ACH,0.87
720575940601958036,sensory,mechanosensory,JO,left,ACH,0.91
720575940601958202,sensory,mechanosensory,JO,left,ACH,0.69
720575940601958245,sensory,mechanosensory,JO,left,ACH,0.99
720575940601958834,sensory,mechanosensory,JO,left,ACH,0.65
720575940601959101,sensory,mechanosensory,JO,left,ACH,0.74
720575940601959312,sensory,mechanosensory,JO,left,ACH,0.82
720575940601959348,sensory,mechanosensory,JO,left,ACH,0.86
720575940601959701,sensory,mechanosensory,JO,left,ACH,0.66
720575940601960161,sensory,mechanosensory,JO,left,ACH,0.81
720575940601960328,sensory,mechanosensory,JO,left,ACH,0.81
720575940601960453,sensory,mechanosensory,JO,left,ACH,0.96
720575940601960868,sensory,mechanosensory,JO,left,ACH,0.96
720575940601961655,sensory,mechanosensory,JO,left,ACH,0.66
720575940601962125,sensory,mechanosensory,JO,left,ACH,0.96
720575940601962285,sensory,mechanosensory,JO,left,ACH,0.6
720575940601963042,sensory,mechanosensory,JO,left,ACH,0.81
720575940601963562,sensory,mechanosensory,JO,left,ACH,0.73
720575940601964285,sensory,mechanosensory,JO,left,ACH,0.72
720575940601965203,sensory,mechanosensory,JO,left,ACH,0.71
720575940601966170,sensory,mechanosensory,JO,left,ACH,0.89
720575940601966758,sensory,mechanosensory,JO,left,ACH,0.86
720575940601967577,sensory,mechanosensory,JO,left,ACH,0.82
720575940601968506,sensory,mechanosensory,JO,left,ACH,0.96
720575940601968853,sensory,mechanosensory,JO,left,ACH,0.87
720575940601969603,sensory,mechanosensory,JO,left,ACH,0.79
720575940601969645,sensory,mechanosensory,JO,left,ACH,0.65
720575940601970210,sensory,mechanosensory,JO,left,ACH,0.65
720575940601970236,sensory,mechanosensory,JO,left,ACH,0.76
720575940601971098,sensory,mechanosensory,JO,left,ACH,0.69
720575940601971464,sensory,mechanosensory,JO,left,ACH,0.64
720575940601971521,sensory,mechanosensory,JO,left,ACH,0.84
720575940601971721,sensory,mechanosensory,JO,left,ACH,0.83
720575940601971949,sensory,mechanosensory,JO,left,ACH,0.9
720575940601972735,sensory,mechanosensory,JO,left,ACH,0.71
720575940601972759,sensory,mechanosensory,JO,left,ACH,0.63
720575940601973629,sensory,mechanosensory,JO,right,ACH,0.77
720575940601974317,sensory,mechanosensory,JO,right,ACH,0.97
720575940601974842,sensory,mechanosensory,JO,right,ACH,0.75
720575940601975345,sensory,mechanosensory,JO,right,ACH,0.72
720575940601975965,sensory,mechanosensory,JO,right,ACH,0.8
720575940601976023,sensory,mechanosensory,JO,right,ACH,0.95
720575940601976393,sensory,mechanosensory,JO,right,ACH,0.76
720575940601977127,sensory,mechanosensory,JO,right,ACH,0.93
720575940601977506,sensory,mechanosensory,JO,right,ACH,0.75
720575940601977519,sensory,mechanosensory,JO,right,ACH,0.71
720575940601977879,sensory,mechanosensory,JO,right,ACH,0.72
720575940601978336,sensory,mechanosensory,JO,right,ACH,0.94
720575940601978426,sensory,mechanosensory,JO,right,ACH,0.68
720575940601979336,sensory,mechanosensory,JO,right,ACH,0.77
720575940601979762,sensory,mechanosensory,JO,right,ACH,0.91
720575940601980058,sensory,mechanosensory,JO,right,ACH,0.66
720575940601980804,sensory,mechanosensory,JO,right,ACH,0.98
720575940601981239,sensory,mechanosensory,JO,right,ACH,0.88
720575940601981664,sensory,mechanosensory,JO,right,ACH,0.65
720575940601982266,sensory,mechanosensory,JO,right,ACH,0.83
720575940601982414,sensory,mechanosensory,JO,right,ACH,0.68
720575940601982901,sensory,mechanosensory,JO,right,ACH,0.99
720575940601983439,sensory,mechanosensory,JO,right,ACH,0.98
720575940601983507,sensory,mechanosensory,JO,right,ACH,0.96
720575940601984112,sensory,mechanosensory,JO,right,ACH,0.89
720575940601984203,sensory,mechanosensory,JO,right,ACH,0.6
720575940601984858,sensory,mechanosensory,JO,right,ACH,0.96
720575940601985283,sensory,mechanosensory,JO,right,ACH,0.67
720575940601985757,sensory,mechanosensory,JO,right,ACH,0.88
720575940601986531,sensory,mechanosensory,JO,right,ACH,0.96
720575940601986736,sensory,mechanosensory,JO,right,ACH,0.67
720575940601987127,sensory,mechanosensory,JO,right,ACH,0.71
720575940601987630,sensory,mechanosensory,JO,right,ACH,0.62
720575940601988477,sensory,mechanosensory,JO,right,ACH,0.72
720575940601989077,sensory,mechanosensory,JO,right,ACH,0.72
720575940601989650,sensory,mechanosensory,JO,right,ACH,0.89
720575940601989880,sensory,mechanosensory,JO,right,ACH,0.61
720575940601989883,sensory,mechanosensory,JO,right,ACH,0.66
720575940601990191,sensory,mechanosensory,JO,right,ACH,0.97
720575940601991046,sensory,mechanosensory,JO,right,ACH,0.85
720575940601991174,sensory,mechanosensory,JO,right,ACH,0.85
720575940601992089,sensory,mechanosensory,JO,right,ACH,0.71
720575940601992273,sensory,mechanosensory,JO,right,ACH,0.79
720575940601992978,sensory,mechanosensory,JO,right,ACH,0.85
720575940601993008,sensory,mechanosensory,JO,right,ACH,0.65
720575940601993292,sensory,mechanosensory,JO,right,ACH,0.79
720575940601994286,sensory,mechanosensory,JO,right,ACH,0.63
720575940601995050,sensory,mechanosensory,JO,right,ACH,0.74
720575940601995543,sensory,mechanosensory,JO,right,ACH,0.82
720575940601996433,sensory,mechanosensory,JO,right,ACH,0.7
720575940601997136,sensory,mechanosensory,JO,right,ACH,0.79
720575940601997847,sensory,mechanosensory,JO,right,ACH,0.92
720575940601998230,sensory,mechanosensory,JO,right,ACH,0.8
720575940601998820,sensory,mechanosensory,JO,right,ACH,0.61
720575940601999086,sensory,mechanosensory,JO,right,ACH,0.66
720575940601999146,sensory,mechanosensory,JO,right,ACH,0.66
720575940601999619,sensory,mechanosensory,JO,right,ACH,0.94
720575940601999758,sensory,mechanosensory,JO,right,ACH,0.74
720575940601999813,sensory,mechanosensory,JO,right,ACH,0.71
720575940602000243,sensory,mechanosensory,JO,right,ACH,0.85
720575940602001222,sensory,mechanosensory,JO,right,ACH,0.74
720575940602001519,sensory,mechanosensory,JO,right,ACH,0.71
720575940602002174,sensory,mechanosensory,JO,right,ACH,0.97
720575940602002701,sensory,mechanosensory,JO,right,ACH,0.68
720575940602003345,sensory,mechanosensory,JO,right,ACH,0.67
720575940602003442,sensory,mechanosensory,JO,right,ACH,0.83
720575940602003614,sensory,mechanosensory,JO,right,ACH,0.81
720575940602004508,sensory,mechanosensory,JO,right,ACH,0.72
720575940602005374,sensory,mechanosensory,JO,right,ACH,0.87
720575940602005683,sensory,mechanosensory,JO,right,ACH,0.71
720575940602006398,sensory,mechanosensory,JO,right,ACH,0.87
720575940602006497,sensory,mechanosensory,JO,right,ACH,0.81
720575940602006858,sensory,mechanosensory,JO,right,ACH,0.92
720575940602006872,sensory,mechanosensory,JO,right,ACH,0.65
720575940602007161,sensory,mechanosensory,JO,right,ACH,0.75
720575940602007658,sensory,mechanosensory,JO,right,ACH,0.76
720575940602008602,sensory,mechanosensory,JO,right,ACH,0.96
720575940602008707,sensory,mechanosensory,JO,right,ACH,0.68
720575940602009223,sensory,mechanosensory,JO,right,ACH,0.69
720575940602009416,sensory,mechanosensory,JO,right,ACH,0.91
720575940602009989,sensory,mechanosensory,BM,left,ACH,0.84
720575940602010841,sensory,mechanosensory,BM,left,ACH,0.97
720575940602011708,sensory,mechanosensory,BM,left,ACH,0.81
720575940602012273,sensory,mechanosensory,BM,left,ACH,0.87
720575940602013095,sensory,mechanosensory,BM,left,ACH,0.64
720575940602013567,sensory,mechanosensory,BM,left,ACH,0.96
720575940602013687,sensory,mechanosensory,BM,left,ACH,0.92
720575940602014633,sensory,mechanosensory,BM,left,ACH,0.61
720575940602014990,sensory,mechanosensory,BM,left,ACH,0.72
720575940602015362,sensory,mechanosensory,BM,left,ACH,0.65
720575940602015815,sensory,mechanosensory,BM,left,ACH,0.95
720575940602016427,sensory,mechanosensory,BM,left,ACH,0.8
720575940602017421,sensory,mechanosensory,BM,left,ACH,0.73
720575940602018148,sensory,mechanosensory,BM,left,ACH,0.72
720575940602018911,sensory,mechanosensory,BM,left,ACH,0.92
720575940602019139,sensory,mechanosensory,BM,left,ACH,0.65
720575940602019850,sensory,mechanosensory,BM,left,ACH,0.66
720575940602020083,sensory,mechanosensory,BM,left,ACH,0.72
720575940602020298,sensory,mechanosensory,BM,left,ACH,0.65
720575940602020379,sensory,mechanosensory,BM,left,ACH,0.77
720575940602021161,sensory,mechanosensory,BM,left,ACH,0.91
720575940602021241,sensory,mechanosensory,BM,left,ACH,0.61
720575940602021737,sensory,mechanosensory,BM,left,ACH,0.9
720575940602021781,sensory,mechanosensory,BM,left,ACH,0.68
720575940602021815,sensory,mechanosensory,BM,left,ACH,0.91
720575940602022341,sensory,mechanosensory,BM,left,ACH,0.83
720575940602022822,sensory,mechanosensory,BM,left,ACH,0.65
720575940602023082,sensory,mechanosensory,BM,left,ACH,0.62
720575940602023391,sensory,mechanosensory,BM,left,ACH,0.86
720575940602024164,sensory,mechanosensory,BM,left,ACH,0.64
720575940602024291,sensory,mechanosensory,BM,left,ACH,0.96
720575940602024502,sensory,mechanosensory,BM,left,ACH,0.83
720575940602024707,sensory,mechanosensory,BM,left,ACH,0.67
720575940602025067,sensory,mechanosensory,BM,left,ACH,0.61
720575940602025217,sensory,mechanosensory,BM,left,ACH,0.93
720575940602026182,sensory,mechanosensory,BM,left,ACH,0.71
720575940602026776,sensory,mechanosensory,BM,left,ACH,0.74
720575940602026941,sensory,mechanosensory,BM,left,ACH,0.93
720575940602027741,sensory,mechanosensory,BM,left,ACH,0.88
720575940602027989,sensory,mechanosensory,BM,left,ACH,0.8
720575940602028059,sensory,mechanosensory,BM,left,ACH,0.64
720575940602028652,sensory,mechanosensory,BM,left,ACH,0.9
720575940602029194,sensory,mechanosensory,BM,left,ACH,0.68
720575940602029391,sensory,mechanosensory,BM,left,ACH,0.98
720575940602029567,sensory,mechanosensory,BM,left,ACH,0.95
720575940602030118,sensory,mechanosensory,BM,left,ACH,0.6
720575940602030861,sensory,mechanosensory,BM,left,ACH,0.64
720575940602031081,sensory,mechanosensory,BM,left,ACH,0.96
720575940602031953,sensory,mechanosensory,BM,left,ACH,0.88
720575940602032329,sensory,mechanosensory,BM,left,ACH,0.87
720575940602032519,sensory,mechanosensory,BM,left,ACH,0.77
720575940602033500,sensory,mechanosensory,BM,left,ACH,0.64
720575940602034355,sensory,mechanosensory,BM,left,ACH,0.74
720575940602034744,sensory,mechanosensory,BM,left,ACH,0.77
720575940602035271,sensory,mechanosensory,BM,left,ACH,0.69
720575940602035387,sensory,mechanosensory,BM,left,ACH,0.9
720575940602035709,sensory,mechanosensory,BM,left,ACH,0.65
720575940602035822,sensory,mechanosensory,BM,left,ACH,0.8
720575940602036330,sensory,mechanosensory,BM,left,ACH,0.9
720575940602037052,sensory,mechanosensory,BM,left,ACH,0.71
720575940602037792,sensory,mechanosensory,BM,right,ACH,0.62
720575940602038128,sensory,mechanosensory,BM,right,ACH,0.79
720575940602038523,sensory,mechanosensory,BM,right,ACH,0.71
720575940602039138,sensory,mechanosensory,BM,right,ACH,0.89
720575940602039842,sensory,mechanosensory,BM,right,ACH,0.98
720575940602040297,sensory,mechanosensory,BM,right,ACH,0.69
720575940602040715,sensory,mechanosensory,BM,right,ACH,0.71
720575940602041591,sensory,mechanosensory,BM,right,ACH,0.77
720575940602042469,sensory,mechanosensory,BM,right,ACH,0.63
720575940602043331,sensory,mechanosensory,BM,right,ACH,0.91
720575940602044293,sensory,mechanosensory,BM,right,ACH,0.86
720575940602044477,sensory,mechanosensory,BM,right,ACH,0.6
720575940602045168,sensory,mechanosensory,BM,right,ACH,0.79
720575940602045276,sensory,mechanosensory,BM,right,ACH,0.75
720575940602045812,sensory,mechanosensory,BM,right,ACH,0.86
720575940602045900,sensory,mechanosensory,BM,right,ACH,0.65
720575940602046305,sensory,mechanosensory,BM,right,ACH,0.76
720575940602046910,sensory,mechanosensory,BM,right,ACH,0.98
720575940602047670,sensory,mechanosensory,BM,right,ACH,0.96
720575940602047843,sensory,mechanosensory,BM,right,ACH,0.63
720575940602048842,sensory,mechanosensory,BM,right,ACH,0.68
720575940602049048,sensory,mechanosensory,BM,right,ACH,0.83
720575940602049462,sensory,mechanosensory,BM,right,ACH,0.65
720575940602050321,sensory,mechanosensory,BM,right,ACH,0.77
720575940602050833,sensory,mechanosensory,BM,right,ACH,0.71
720575940602051564,sensory,mechanosensory,BM,right,ACH,0.9
720575940602052172,sensory,mechanosensory,BM,right,ACH,0.71
720575940602052981,sensory,mechanosensory,BM,right,ACH,0.91
720575940602053947,sensory,mechanosensory,BM,right,ACH,0.76
720575940602054435,sensory,mechanosensory,BM,right,ACH,0.86
720575940602055408,sensory,mechanosensory,BM,right,ACH,0.76
720575940602055905,sensory,mechanosensory,BM,right,ACH,0.8
720575940602056056,sensory,mechanosensory,BM,right,ACH,0.9
720575940602056167,sensory,mechanosensory,BM,right,ACH,0.65
720575940602056669,sensory,mechanosensory,BM,right,ACH,0.79
720575940602057313,sensory,mechanosensory,BM,right,ACH,0.97
720575940602057344,sensory,mechanosensory,BM,right,ACH,0.64
720575940602057399,sensory,mechanosensory,BM,right,ACH,0.92
720575940602057910,sensory,mechanosensory,BM,right,ACH,0.86
720575940602058906,sensory,mechanosensory,BM,right,ACH,0.67
720575940602059526,sensory,mechanosensory,BM,right,ACH,0.86
720575940602059683,sensory,mechanosensory,BM,right,ACH,0.72
720575940602060322,sensory,mechanosensory,BM,right,ACH,0.64
720575940602060401,sensory,mechanosensory,BM,right,ACH,0.86
720575940602060934,sensory,mechanosensory,BM,right,ACH,0.9
720575940602061746,sensory,mechanosensory,BM,right,ACH,0.78
720575940602062047,sensory,mechanosensory,BM,right,ACH,0.86
720575940602062550,sensory,mechanosensory,BM,right,ACH,0.8
720575940602063106,sensory,mechanosensory,BM,right,ACH,0.73
720575940602063987,sensory,mechanosensory,BM,right,ACH,0.81
720575940602064006,sensory,mechanosensory,BM,right,ACH,0.97
720575940602064039,sensory,mechanosensory,BM,right,ACH,0.99
720575940602064941,sensory,mechanosensory,BM,right,ACH,0.96
720575940602065334,sensory,mechanosensory,BM,right,ACH,0.78
720575940602066208,sensory,mechanosensory,BM,right,ACH,0.75
720575940602066679,sensory,mechanosensory,BM,right,ACH,0.61
720575940602066861,sensory,mechanosensory,BM,right,ACH,0.82
720575940602067743,sensory,mechanosensory,BM,right,ACH,0.9
720575940602068649,sensory,mechanosensory,BM,right,ACH,0.88
720575940602069153,sensory,mechanosensory,BM,right,ACH,0.77
720575940602069473,descending,DN,GF,left,ACH,0.88
720575940602069973,descending,DN,GF,right,ACH,0.9
720575940602070556,descending,DN,MDN,left,ACH,0.86
720575940602071232,descending,DN,MDN,left,ACH,0.82
720575940602071785,descending,DN,MDN,right,ACH,0.82
720575940602072273,descending,DN,MDN,right,ACH,0.82
720575940602072434,descending,DN,DNa02,left,ACH,0.8
720575940602072835,descending,DN,DNa02,right,ACH,0.7
720575940602073441,descending,DN,DNg,left,GABA,0.98
720575940602074073,descending,DN,DNg,left,GABA,0.86
720575940602074858,descending,DN,DNg,left,GABA,0.98
720575940602075187,descending,DN,DNg,left,GABA,0.62
720575940602075792,descending,DN,DNg,left,GABA,0.62
720575940602076650,descending,DN,DNg,left,GABA,0.74
720575940602077479,descending,DN,DNg,left,GABA,0.89
720575940602077507,descending,DN,DNg,left,GABA,0.9
720575940602078148,descending,DN,DNg,left,GABA,0.73
720575940602078248,descending,DN,DNg,left,GABA,0.77
720575940602078614,descending,DN,DNg,left,GABA,0.76
720575940602078672,descending,DN,DNg,left,GABA,0.86
720575940602078926,descending,DN,DNg,left,GABA,0.69
720575940602079246,descending,DN,DNg,left,GABA,0.83
720575940602080179,descending,DN,DNg,left,GABA,0.87
720575940602081069,descending,DN,DNg,left,GABA,0.72
720575940602081415,descending,DN,DNg,left,GABA,0.67
720575940602081967,descending,DN,DNg,left,GABA,0.73
720575940602082439,descending,DN,DNg,left,GABA,0.86
720575940602082872,descending,DN,DNg,left,GABA,0.82
720575940602083796,descending,DN,DNg,left,GABA,0.76
720575940602083817,descending,DN,DNg,left,GABA,0.87
720575940602084420,descending,DN,DNg,left,GABA,0.61
720575940602084745,descending,DN,DNg,left,GABA,0.75
720575940602085145,descending,DN,DNg,left,GABA,0.73
720575940602085246,descending,DN,DNg,left,GABA,0.92
720575940602085349,descending,DN,DNg,left,GABA,0.87
720575940602085560,descending,DN,DNg,left,GABA,0.73
720575940602086075,descending,DN,DNg,left,GABA,0.92
720575940602086759,descending,DN,DNg,left,GABA,0.73
720575940602087389,descending,DN,DNg,right,GABA,0.72
720575940602088382,descending,DN,DNg,right,GABA,0.77
720575940602088891,descending,DN,DNg,right,GABA,0.85
720575940602089889,descending,DN,DNg,right,GABA,0.91
720575940602090750,descending,DN,DNg,right,GABA,0.93
720575940602090970,descending,DN,DNg,right,GABA,0.71
720575940602091019,descending,DN,DNg,right,GABA,0.72
720575940602091607,descending,DN,DNg,right,GABA,0.76
720575940602091839,descending,DN,DNg,right,GABA,0.84
720575940602092820,descending,DN,DNg,right,GABA,0.64
720575940602093685,descending,DN,DNg,right,GABA,0.83
720575940602094292,descending,DN,DNg,right,GABA,0.73
720575940602094361,descending,DN,DNg,right,GABA,0.82
720575940602094905,descending,DN,DNg,right,GABA,0.79
720575940602095120,descending,DN,DNg,right,GABA,0.74
720575940602095199,descending,DN,DNg,right,GABA,0.85
720575940602095509,descending,DN,DNg,right,GABA,0.8
720575940602095817,descending,DN,DNg,right,GABA,0.77
720575940602096370,descending,DN,DNg,right,GABA,0.72
720575940602096795,descending,DN,DNg,right,GABA,0.76
720575940602097435,descending,DN,DNg,right,GABA,0.8
720575940602098123,descending,DN,DNg,right,GABA,0.9
720575940602098308,descending,DN,DNg,right,GABA,0.94
720575940602098951,descending,DN,DNg,right,GABA,0.87
720575940602099835,descending,DN,DNg,right,GABA,0.67
720575940602100347,descending,DN,DNg,right,GABA,0.68
720575940602101333,descending,DN,DNg,right,GABA,0.92
720575940602102294,descending,DN,DNg,right,GABA,0.78
720575940602103254,descending,DN,DNg,right,GABA,0.85
720575940602104083,descending,DN,DNg,right,GABA,0.84
720575940602104871,descending,DN,DNp,left,ACH,0.95
720575940602105829,descending,DN,DNp,left,ACH,0.82
720575940602106471,descending,DN,DNp,left,ACH,0.62
720575940602106677,descending,DN,DNp,left,ACH,0.74
720575940602106829,descending,DN,DNp,left,ACH,0.69
720575940602107594,descending,DN,DNp,left,ACH,0.87
720575940602107902,descending,DN,DNp,left,ACH,0.93
720575940602108323,descending,DN,DNp,left,ACH,0.72
720575940602109174,descending,DN,DNp,left,ACH,0.96
720575940602109824,descending,DN,DNp,left,ACH,0.68
720575940602110247,descending,DN,DNp,left,ACH,0.7
720575940602110541,descending,DN,DNp,left,ACH,0.85
720575940602110804,descending,DN,DNp,left,ACH,0.87
720575940602111046,descending,DN,DNp,left,ACH,0.76
720575940602111163,descending,DN,DNp,left,ACH,0.66
720575940602111192,descending,DN,DNp,left,ACH,0.7
720575940602112040,descending,DN,DNp,left,ACH,0.72
720575940602112538,descending,DN,DNp,left,ACH,0.82
720575940602112985,descending,DN,DNp,left,ACH,0.76
720575940602113913,descending,DN,DNp,left,ACH,0.61
720575940602114077,descending,DN,DNp,left,ACH,0.71
720575940602114107,descending,DN,DNp,left,ACH,0.7
720575940602114930,descending,DN,DNp,left,ACH,0.71
720575940602115494,descending,DN,DNp,left,ACH,0.67
720575940602116367,descending,DN,DNp,left,ACH,0.62
720575940602117107,descending,DN,DNp,left,ACH,0.79
720575940602117128,descending,DN,DNp,left,ACH,0.62
720575940602118047,descending,DN,DNp,left,ACH,0.63
720575940602118664,descending,DN,DNp,left,ACH,0.72
720575940602118730,descending,DN,DNp,left,ACH,0.95
720575940602119147,descending,DN,DNp,right,ACH,0.95
720575940602119835,descending,DN,DNp,right,ACH,0.86
720575940602119928,descending,DN,DNp,right,ACH,0.75
720575940602120788,descending,DN,DNp,right,ACH,0.88
720575940602120932,descending,DN,DNp,right,ACH,0.69
720575940602121517,descending,DN,DNp,right,ACH,0.89
720575940602122473,descending,DN,DNp,right,ACH,0.65
720575940602123154,descending,DN,DNp,right,ACH,0.92
720575940602124127,descending,DN,DNp,right,ACH,0.9
720575940602124665,descending,DN,DNp,right,ACH,0.7
720575940602125571,descending,DN,DNp,right,ACH,0.64
720575940602126186,descending,DN,DNp,right,ACH,0.65
720575940602127013,descending,DN,DNp,right,ACH,0.72
720575940602127866,descending,DN,DNp,right,ACH,0.83
720575940602128266,descending,DN,DNp,right,ACH,0.91
720575940602129028,descending,DN,DNp,right,ACH,0.69
720575940602129462,descending,DN,DNp,right,ACH,0.69
720575940602129572,descending,DN,DNp,right,ACH,0.67
720575940602130566,descending,DN,DNp,right,ACH,0.71
720575940602130985,descending,DN,DNp,right,ACH,0.7
720575940602131589,descending,DN,DNp,right,ACH,0.62
720575940602132136,descending,DN,DNp,right,ACH,0.75
720575940602133108,descending,DN,DNp,right,ACH,0.64
720575940602133667,descending,DN,DNp,right,ACH,0.77
720575940602134367,descending,DN,DNp,right,ACH,0.7
720575940602134652,descending,DN,DNp,right,ACH,0.94
720575940602135612,descending,DN,DNp,right,ACH,0.66
720575940602136099,descending,DN,DNp,right,ACH,0.88
720575940602136941,descending,DN,DNp,right,ACH,0.72
720575940602137602,descending,DN,DNp,right,ACH,0.98
720575940602138223,motor,leg_motor,MN_leg,left,ACH,0.61
720575940602138981,motor,leg_motor,MN_leg,left,ACH,0.86
720575940602139945,motor,leg_motor,MN_leg,left,ACH,0.62
720575940602140885,motor,leg_motor,MN_leg,left,ACH,0.91
720575940602141131,motor,leg_motor,MN_leg,left,ACH,0.7
720575940602141525,motor,leg_motor,MN_leg,left,ACH,0.72
720575940602142507,motor,leg_motor,MN_leg,left,ACH,0.87
720575940602143432,motor,leg_motor,MN_leg,left,ACH,0.92
720575940602143557,motor,leg_motor,MN_leg,left,ACH,0.81
720575940602143800,motor,leg_motor,MN_leg,left,ACH,0.93
720575940602144198,motor,leg_motor,MN_leg,left,ACH,0.6
720575940602145182,motor,leg_motor,MN_leg,left,ACH,0.75
720575940602146122,motor,leg_motor,MN_leg,left,ACH,0.7
720575940602146215,motor,leg_motor,MN_leg,left,ACH,0.97
720575940602146990,motor,leg_motor,MN_leg,left,ACH,0.69
720575940602147206,motor,leg_motor,MN_leg,left,ACH,0.94
720575940602147371,motor,leg_motor,MN_leg,left,ACH,0.96
720575940602148018,motor,leg_motor,MN_leg,left,ACH,0.72
720575940602148850,motor,leg_motor,MN_leg,left,ACH,0.9
720575940602149267,motor,leg_motor,MN_leg,left,ACH,0.91
720575940602149548,motor,leg_motor,MN_leg,left,ACH,0.94
720575940602150391,motor,leg_motor,MN_leg,left,ACH,0.9
720575940602150895,motor,leg_motor,MN_leg,left,ACH,0.78
720575940602151318,motor,leg_motor,MN_leg,left,ACH,0.96
720575940602151659,motor,leg_motor,MN_leg,left,ACH,0.88
720575940602152557,motor,leg_motor,MN_leg,left,ACH,0.96
720575940602152660,motor,leg_motor,MN_leg,left,ACH,0.92
720575940602153376,motor,leg_motor,MN_leg,left,ACH,0.7
720575940602153444,motor,leg_motor,MN_leg,left,ACH,0.74
720575940602154061,motor,leg_motor,MN_leg,left,ACH,0.88
720575940602154622,motor,leg_motor,MN_leg,left,ACH,0.89
720575940602155087,motor,leg_motor,MN_leg,left,ACH,0.87
720575940602155868,motor,leg_motor,MN_leg,left,ACH,0.62
720575940602156525,motor,leg_motor,MN_leg,left,ACH,0.67
720575940602156980,motor,leg_motor,MN_leg,left,ACH,0.91
720575940602157120,motor,leg_motor,MN_leg,left,ACH,0.6
720575940602157325,motor,leg_motor,MN_leg,left,ACH,0.85
720575940602157647,motor,leg_motor,MN_leg,left,ACH,0.82
720575940602157761,motor,leg_motor,MN_leg,left,ACH,0.66
720575940602158290,motor,leg_motor,MN_leg,left,ACH,0.88
720575940602159077,motor,leg_motor,MN_leg,right,ACH,0.92
720575940602159859,motor,leg_motor,MN_leg,right,ACH,0.65
720575940602160468,motor,leg_motor,MN_leg,right,ACH,0.87
720575940602161280,motor,leg_motor,MN_leg,right,ACH,0.97
720575940602161743,motor,leg_motor,MN_leg,right,ACH,0.79
720575940602162496,motor,leg_motor,MN_leg,right,ACH,0.65
720575940602162674,motor,leg_motor,MN_leg,right,ACH,0.87
720575940602163521,motor,leg_motor,MN_leg,right,ACH,0.73
720575940602163810,motor,leg_motor,MN_leg,right,ACH,0.68
720575940602164235,motor,leg_motor,MN_leg,right,ACH,0.74
720575940602164638,motor,leg_motor,MN_leg,right,ACH,0.94
720575940602165606,motor,leg_motor,MN_leg,right,ACH,0.93
720575940602166191,motor,leg_motor,MN_leg,right,ACH,0.69
720575940602167162,motor,leg_motor,MN_leg,right,ACH,0.61
720575940602167734,motor,leg_motor,MN_leg,right,ACH,0.85
720575940602168376,motor,leg_motor,MN_leg,right,ACH,0.69
720575940602168468,motor,leg_motor,MN_leg,right,ACH,0.98
720575940602168672,motor,leg_motor,MN_leg,right,ACH,0.7
720575940602169545,motor,leg_motor,MN_leg,right,ACH,0.67
720575940602169956,motor,leg_motor,MN_leg,right,ACH,0.84
720575940602170571,motor,leg_motor,MN_leg,right,ACH,0.7
720575940602170663,motor,leg_motor,MN_leg,right,ACH,0.97
720575940602170838,motor,leg_motor,MN_leg,right,ACH,0.97
720575940602170959,motor,leg_motor,MN_leg,right,ACH,0.61
720575940602171498,motor,leg_motor,MN_leg,right,ACH,0.77
720575940602172441,motor,leg_motor,MN_leg,right,ACH,0.96
720575940602173289,motor,leg_motor,MN_leg,right,ACH,0.86
720575940602173411,motor,leg_motor,MN_leg,right,ACH,0.69
720575940602173620,motor,leg_motor,MN_leg,right,ACH,0.67
720575940602174503,motor,leg_motor,MN_leg,right,ACH,0.92
720575940602174776,motor,leg_motor,MN_leg,right,ACH,0.71
720575940602175283,motor,leg_motor,MN_leg,right,ACH,0.75
720575940602175725,motor,leg_motor,MN_leg,right,ACH,0.93
720575940602176340,motor,leg_motor,MN_leg,right,ACH,0.68
720575940602177184,motor,leg_motor,MN_leg,right,ACH,0.71
720575940602177878,motor,leg_motor,MN_leg,right,ACH,0.67
720575940602178063,motor,leg_motor,MN_leg,right,ACH,0.76
720575940602178213,motor,leg_motor,MN_leg,right,ACH,0.61
720575940602178482,motor,leg_motor,MN_leg,right,ACH,0.69
720575940602178944,motor,leg_motor,MN_leg,right,ACH,0.95
720575940602179323,motor,wing_motor,MN_wing,left,ACH,0.83
720575940602179986,motor,wing_motor,MN_wing,left,ACH,0.78
720575940602179997,motor,wing_motor,MN_wing,left,ACH,0.78
720575940602180890,motor,wing_motor,MN_wing,left,ACH,0.73
720575940602181600,motor,wing_motor,MN_wing,left,ACH,0.76
720575940602181818,motor,wing_motor,MN_wing,left,ACH,0.88
720575940602182544,motor,wing_motor,MN_wing,left,ACH,0.77
720575940602183156,motor,wing_motor,MN_wing,left,ACH,0.7
720575940602183254,motor,wing_motor,MN_wing,left,ACH,0.82
720575940602183308,motor,wing_motor,MN_wing,left,ACH,0.73
720575940602183549,motor,wing_motor,MN_wing,left,ACH,0.78
720575940602183912,motor,wing_motor,MN_wing,left,ACH,0.99
720575940602184874,motor,wing_motor,MN_wing,left,ACH,0.86
720575940602185696,motor,wing_motor,MN_wing,left,ACH,0.83
720575940602186463,motor,wing_motor,MN_wing,left,ACH,0.92
720575940602186469,motor,wing_motor,MN_wing,left,ACH,0.7
720575940602187104,motor,wing_motor,MN_wing,left,ACH,0.75
720575940602187509,motor,wing_motor,MN_wing,left,ACH,0.86
720575940602187645,motor,wing_motor,MN_wing,left,ACH,0.98
720575940602188218,motor,wing_motor,MN_wing,left,ACH,0.62
720575940602188402,motor,wing_motor,MN_wing,right,ACH,0.7
720575940602188918,motor,wing_motor,MN_wing,right,ACH,0.79
720575940602189266,motor,wing_motor,MN_wing,right,ACH,0.94
720575940602189402,motor,wing_motor,MN_wing,right,ACH,0.63
720575940602190130,motor,wing_motor,MN_wing,right,ACH,0.81
720575940602190276,motor,wing_motor,MN_wing,right,ACH,0.7
720575940602190597,motor,wing_motor,MN_wing,right,ACH,0.62
720575940602190728,motor,wing_motor,MN_wing,right,ACH,0.79
720575940602191725,motor,wing_motor,MN_wing,right,ACH,0.93
720575940602192491,motor,wing_motor,MN_wing,right,ACH,0.74
720575940602192932,motor,wing_motor,MN_wing,right,ACH,0.71
720575940602193830,motor,wing_motor,MN_wing,right,ACH,0.7
720575940602194680,motor,wing_motor,MN_wing,right,ACH,0.9
720575940602194951,motor,wing_motor,MN_wing,right,ACH,0.8
720575940602195398,motor,wing_motor,MN_wing,right,ACH,0.95
720575940602195722,motor,wing_motor,MN_wing,right,ACH,0.89
720575940602196226,motor,wing_motor,MN_wing,right,ACH,0.9
720575940602196381,motor,wing_motor,MN_wing,right,ACH,0.82
720575940602197327,motor,wing_motor,MN_wing,right,ACH,0.86
720575940602198145,motor,wing_motor,MN_wing,right,ACH,0.77
720575940602198339,ascending,AN,AN,left,ACH,0.66
720575940602198575,ascending,AN,AN,left,ACH,0.67
720575940602199057,ascending,AN,AN,left,ACH,0.7
720575940602199780,ascending,AN,AN,left,ACH,0.78
720575940602199899,ascending,AN,AN,left,ACH,0.99
720575940602200849,ascending,AN,AN,left,ACH,0.79
720575940602201302,ascending,AN,AN,left,ACH,0.74
720575940602202029,ascending,AN,AN,left,ACH,0.82
720575940602202498,ascending,AN,AN,left,ACH,0.79
720575940602203365,ascending,AN,AN,left,ACH,0.88
720575940602203517,ascending,AN,AN,left,ACH,0.65
720575940602203613,ascending,AN,AN,left,ACH,0.68
720575940602203904,ascending,AN,AN,left,ACH,0.67
720575940602204077,ascending,AN,AN,left,ACH,0.89
720575940602204920,ascending,AN,AN,left,ACH,0.71
720575940602205833,ascending,AN,AN,left,ACH,0.86
720575940602206051,ascending,AN,AN,left,ACH,0.83
720575940602207046,ascending,AN,AN,left,ACH,0.6
720575940602207832,ascending,AN,AN,left,ACH,0.82
720575940602208259,ascending,AN,AN,left,ACH,0.96
720575940602208512,ascending,AN,AN,left,ACH,0.9
720575940602209206,ascending,AN,AN,left,ACH,0.64
720575940602209543,ascending,AN,AN,left,ACH,0.61
720575940602210241,ascending,AN,AN,left,ACH,0.98
720575940602210366,ascending,AN,AN,left,ACH,0.75
720575940602210971,ascending,AN,AN,left,ACH,0.96
720575940602211080,ascending,AN,AN,left,ACH,0.93
720575940602211238,ascending,AN,AN,left,ACH,0.61
720575940602211710,ascending,AN,AN,left,ACH,0.92
720575940602212386,ascending,AN,AN,left,ACH,0.79
720575940602213030,ascending,AN,AN,left,ACH,0.97
720575940602213639,ascending,AN,AN,left,ACH,0.86
720575940602213977,ascending,AN,AN,left,ACH,0.98
720575940602214649,ascending,AN,AN,left,ACH,0.84
720575940602215113,ascending,AN,AN,left,ACH,0.73
720575940602215863,ascending,AN,AN,left,ACH,0.99
720575940602216792,ascending,AN,AN,left,ACH,0.97
720575940602217375,ascending,AN,AN,left,ACH,0.65
720575940602218259,ascending,AN,AN,left,ACH,0.62
720575940602218919,ascending,AN,AN,left,ACH,0.71
720575940602219737,ascending,AN,AN,right,ACH,0.62
720575940602219810,ascending,AN,AN,right,ACH,0.81
720575940602220427,ascending,AN,AN,right,ACH,0.75
720575940602220836,ascending,AN,AN,right,ACH,0.7
720575940602221082,ascending,AN,AN,right,ACH,0.98
720575940602221969,ascending,AN,AN,right,ACH,0.76
720575940602221991,ascending,AN,AN,right,ACH,0.93
720575940602222158,ascending,AN,AN,right,ACH,0.75
720575940602222571,ascending,AN,AN,right,ACH,0.71
720575940602223342,ascending,AN,AN,right,ACH,0.97
720575940602223500,ascending,AN,AN,right,ACH,0.65
720575940602224003,ascending,AN,AN,right,ACH,0.91
720575940602224757,ascending,AN,AN,right,ACH,0.91
720575940602225075,ascending,AN,AN,right,ACH,0.95
720575940602225693,ascending,AN,AN,right,ACH,0.65
720575940602226375,ascending,AN,AN,right,ACH,0.64
720575940602226752,ascending,AN,AN,right,ACH,0.8
720575940602227254,ascending,AN,AN,right,ACH,0.77
720575940602227652,ascending,AN,AN,right,ACH,0.79
720575940602228229,ascending,AN,AN,right,ACH,0.83
720575940602228322,ascending,AN,AN,right,ACH,0.9
720575940602229153,ascending,AN,AN,right,ACH,0.74
720575940602229344,ascending,AN,AN,right,ACH,0.77
720575940602229781,ascending,AN,AN,right,ACH,0.64
720575940602230307,ascending,AN,AN,right,ACH,0.73
720575940602230782,ascending,AN,AN,right,ACH,0.86
720575940602231446,ascending,AN,AN,right,ACH,0.87
720575940602231605,ascending,AN,AN,right,ACH,0.96
720575940602232145,ascending,AN,AN,right,ACH,0.85
720575940602232683,ascending,AN,AN,right,ACH,0.63
720575940602233163,ascending,AN,AN,right,ACH,0.77
720575940602234092,ascending,AN,AN,right,ACH,0.91
720575940602234400,ascending,AN,AN,right,ACH,0.66
720575940602234531,ascending,AN,AN,right,ACH,0.87
720575940602234839,ascending,AN,AN,right,ACH,0.93
720575940602235375,ascending,AN,AN,right,ACH,0.77
720575940602235958,ascending,AN,AN,right,ACH,0.62
720575940602236037,ascending,AN,AN,right,ACH,0.96
720575940602236563,ascending,AN,AN,right,ACH,0.64
720575940602236999,ascending,AN,AN,right,ACH,0.76
720575940602237475,central,unknown,CB,left,ACH,0.86
720575940602238058,central,unknown,CB,left,ACH,0.92
720575940602238422,central,unknown,CB,left,ACH,0.7
720575940602238506,central,unknown,CB,left,ACH,0.9
720575940602238523,central,unknown,CB,left,ACH,0.64
720575940602239201,central,unknown,CB,left,ACH,0.78
720575940602240007,central,unknown,CB,left,ACH,0.67
720575940602240410,central,unknown,CB,left,ACH,0.62
720575940602240837,central,unknown,CB,left,ACH,0.94
720575940602241142,central,unknown,CB,left,ACH,0.72
720575940602241884,central,unknown,CB,left,ACH,0.78
720575940602242571,central,unknown,CB,left,ACH,0.78
720575940602243399,central,unknown,CB,left,ACH,0.7
720575940602244389,central,unknown,CB,left,ACH,0.96
720575940602245219,central,unknown,CB,left,ACH,0.67
720575940602245409,central,unknown,CB,left,ACH,0.63
720575940602246028,central,unknown,CB,left,ACH,0.7
720575940602246718,central,unknown,CB,left,ACH,0.64
720575940602247266,central,unknown,CB,left,ACH,0.61
720575940602247671,central,unknown,CB,left,ACH,0.65
720575940602247847,central,unknown,CB,left,ACH,0.86
720575940602248319,central,unknown,CB,left,ACH,0.87
720575940602249209,central,unknown,CB,left,ACH,0.86
720575940602249972,central,unknown,CB,left,ACH,0.83
720575940602250471,central,unknown,CB,left,ACH,0.72
720575940602251304,central,unknown,CB,left,ACH,0.98
720575940602251674,central,unknown,CB,left,ACH,0.87
720575940602252661,central,unknown,CB,left,ACH,0.87
720575940602253066,central,unknown,CB,left,ACH,0.91
720575940602253156,central,unknown,CB,left,ACH,0.65
720575940602253171,central,unknown,CB,left,ACH,0.67
720575940602254007,central,unknown,CB,left,ACH,0.61
720575940602255001,central,unknown,CB,left,ACH,0.67
720575940602255029,central,unknown,CB,left,ACH,0.68
720575940602255694,central,unknown,CB,left,ACH,0.66
720575940602255942,central,unknown,CB,left,ACH,0.77
720575940602256584,central,unknown,CB,left,ACH,0.93
720575940602257136,central,unknown,CB,left,ACH,0.67
720575940602257445,central,unknown,CB,left,ACH,0.9
720575940602257597,central,unknown,CB,left,ACH,0.78
720575940602257620,central,unknown,CB,left,ACH,0.65
720575940602258545,central,unknown,CB,left,ACH,0.66
720575940602259265,central,unknown,CB,left,ACH,0.77
720575940602259762,central,unknown,CB,left,ACH,0.78
720575940602260643,central,unknown,CB,left,ACH,0.78
720575940602260892,central,unknown,CB,left,ACH,0.68
720575940602261476,central,unknown,CB,left,ACH,0.92
720575940602261878,central,unknown,CB,left,ACH,0.62
720575940602261887,central,unknown,CB,left,ACH,0.64
720575940602262755,central,unknown,CB,left,ACH,0.88
720575940602263181,central,unknown,CB,left,ACH,0.93
720575940602263936,central,unknown,CB,left,ACH,0.83
720575940602264685,central,unknown,CB,left,ACH,0.82
720575940602264983,central,unknown,CB,left,ACH,0.61
720575940602265393,central,unknown,CB,left,ACH,0.79
720575940602265999,central,unknown,CB,left,ACH,0.88
720575940602266957,central,unknown,CB,left,ACH,0.86
720575940602267794,central,unknown,CB,left,ACH,0.94
720575940602268032,central,unknown,CB,left,ACH,0.88
720575940602268573,central,unknown,CB,left,ACH,0.61
720575940602269164,central,unknown,CB,left,ACH,0.72
720575940602269230,central,unknown,CB,left,ACH,0.7
720575940602269894,central,unknown,CB,left,ACH,0.76
720575940602270379,central,unknown,CB,left,ACH,0.65
720575940602271017,central,unknown,CB,left,ACH,0.97
720575940602271373,central,unknown,CB,left,ACH,0.77
720575940602271820,central,unknown,CB,left,ACH,0.61
720575940602272115,central,unknown,CB,left,ACH,0.88
720575940602272596,central,unknown,CB,left,ACH,0.73
720575940602272834,central,unknown,CB,left,ACH,0.8
720575940602273436,central,unknown,CB,left,ACH,0.95
720575940602273784,central,unknown,CB,left,ACH,0.96
720575940602274658,central,unknown,CB,left,ACH,0.93
720575940602275331,central,unknown,CB,left,ACH,0.78
720575940602276236,central,unknown,CB,left,ACH,0.71
720575940602276965,central,unknown,CB,left,ACH,0.75
720575940602277392,central,unknown,CB,left,ACH,0.92
720575940602278082,central,unknown,CB,left,ACH,0.85
720575940602278451,central,unknown,CB,left,ACH,0.91
720575940602279270,central,unknown,CB,left,ACH,0.98
720575940602279436,central,unknown,CB,left,ACH,0.84
720575940602279726,central,unknown,CB,left,ACH,0.87
720575940602279815,central,unknown,CB,left,ACH,0.86
720575940602279948,central,unknown,CB,left,ACH,0.67
720575940602280109,central,unknown,CB,left,ACH,0.84
720575940602280213,central,unknown,CB,left,ACH,0.91
720575940602281179,central,unknown,CB,left,ACH,0.99
720575940602281490,central,unknown,CB,left,ACH,0.69
720575940602282061,central,unknown,CB,left,ACH,0.62
720575940602282080,central,unknown,CB,left,ACH,0.74
720575940602282348,central,unknown,CB,left,ACH,0.74
720575940602282511,central,unknown,CB,left,ACH,0.67
720575940602283392,central,unknown,CB,left,ACH,0.95
720575940602283425,central,unknown,CB,left,ACH,0.91
720575940602283771,central,unknown,CB,left,ACH,0.77
720575940602284404,central,unknown,CB,left,ACH,0.69
720575940602284980,central,unknown,CB,left,ACH,0.69
720575940602285245,central,unknown,CB,left,ACH,0.99
720575940602286049,central,unknown,CB,left,ACH,0.74
720575940602286097,central,unknown,CB,left,ACH,0.9
720575940602286668,central,unknown,CB,left,ACH,0.7
720575940602286823,central,unknown,CB,left,ACH,0.93
720575940602287718,central,unknown,CB,left,ACH,0.8
720575940602288404,central,unknown,CB,left,ACH,0.64
720575940602288456,central,unknown,CB,left,ACH,0.96
720575940602288905,central,unknown,CB,left,ACH,0.91
720575940602289891,central,unknown,CB,left,ACH,0.93
720575940602290005,central,unknown,CB,left,ACH,0.98
720575940602290806,central,unknown,CB,left,ACH,0.84
720575940602291607,central,unknown,CB,left,ACH,0.93
720575940602291712,central,unknown,CB,left,ACH,0.92
720575940602291755,central,unknown,CB,left,ACH,0.8
720575940602291927,central,unknown,CB,left,ACH,0.85
720575940602292819,central,unknown,CB,left,ACH,0.68
720575940602293190,central,unknown,CB,left,ACH,0.66
720575940602293490,central,unknown,CB,left,ACH,0.88
720575940602294271,central,unknown,CB,left,ACH,0.8
720575940602295022,central,unknown,CB,left,ACH,0.94
720575940602295180,central,unknown,CB,left,ACH,0.85
720575940602295523,central,unknown,CB,left,ACH,0.92
720575940602295649,central,unknown,CB,left,ACH,0.93
720575940602296099,central,unknown,CB,left,ACH,0.98
720575940602296887,central,unknown,CB,left,ACH,0.9
720575940602297139,central,unknown,CB,left,ACH,0.93
720575940602297625,central,unknown,CB,left,ACH,0.73
720575940602298143,central,unknown,CB,left,ACH,0.67
720575940602298416,central,unknown,CB,left,ACH,0.75
720575940602299189,central,unknown,CB,left,ACH,0.76
720575940602299834,central,unknown,CB,left,ACH,0.86
720575940602299990,central,unknown,CB,left,ACH,0.89
720575940602300533,central,unknown,CB,left,ACH,0.76
720575940602300767,central,unknown,CB,left,ACH,0.65
720575940602301207,central,unknown,CB,left,ACH,0.76
720575940602301627,central,unknown,CB,left,ACH,0.95
720575940602302602,central,unknown,CB,left,ACH,0.93
720575940602303416,central,unknown,CB,left,ACH,0.87
720575940602304383,central,unknown,CB,left,ACH,0.61
720575940602304533,central,unknown,CB,left,ACH,0.9
720575940602305268,central,unknown,CB,left,ACH,0.91
720575940602306235,central,unknown,CB,left,ACH,0.63
720575940602306582,central,unknown,CB,left,ACH,0.72
720575940602307373,central,unknown,CB,left,ACH,0.66
720575940602307436,central,unknown,CB,left,ACH,0.75
720575940602307474,central,unknown,CB,left,ACH,0.86
720575940602308131,central,unknown,CB,left,ACH,0.66
720575940602308720,central,unknown,CB,left,ACH,0.62
720575940602309367,central,unknown,CB,left,ACH,0.98
720575940602310186,central,unknown,CB,left,ACH,0.86
720575940602310719,central,unknown,CB,left,ACH,0.98
720575940602311149,central,unknown,CB,left,ACH,0.76
720575940602311847,central,unknown,CB,left,ACH,0.87
720575940602312742,central,unknown,CB,left,ACH,0.72
720575940602313503,central,unknown,CB,left,ACH,0.72
720575940602313856,central,unknown,CB,left,ACH,0.6
720575940602314143,central,unknown,CB,left,ACH,0.95
720575940602314769,central,unknown,CB,left,ACH,0.96
720575940602315487,central,unknown,CB,left,ACH,0.76
720575940602316147,central,unknown,CB,left,ACH,0.68
720575940602316705,central,unknown,CB,left,ACH,0.84
720575940602317339,central,unknown,CB,left,ACH,0.85
720575940602318054,central,unknown,CB,left,ACH,0.73
720575940602318886,central,unknown,CB,left,ACH,0.9
720575940602319301,central,unknown,CB,left,ACH,0.9
720575940602320204,central,unknown,CB,left,ACH,0.72
720575940602320242,central,unknown,CB,left,ACH,0.81
720575940602320642,central,unknown,CB,left,ACH,0.88
720575940602321400,central,unknown,CB,left,ACH,0.94
720575940602321933,central,unknown,CB,left,ACH,0.99
720575940602322224,central,unknown,CB,left,ACH,0.68
720575940602322748,central,unknown,CB,left,ACH,0.82
720575940602323282,central,unknown,CB,left,ACH,0.73
720575940602323933,central,unknown,CB,left,ACH,0.66
720575940602323962,central,unknown,CB,left,ACH,0.95
720575940602324515,central,unknown,CB,left,ACH,0.83
720575940602324763,central,unknown,CB,left,ACH,0.92
720575940602325075,central,unknown,CB,left,ACH,0.88
720575940602325593,central,unknown,CB,left,ACH,0.64
720575940602325655,central,unknown,CB,left,ACH,0.93
720575940602325921,central,unknown,CB,left,ACH,0.84
720575940602326284,central,unknown,CB,left,ACH,0.65
720575940602327059,central,unknown,CB,left,ACH,0.85
720575940602327187,central,unknown,CB,left,ACH,0.78
720575940602327774,central,unknown,CB,left,ACH,0.89
720575940602328239,central,unknown,CB,left,ACH,0.73
720575940602328481,central,unknown,CB,left,ACH,0.91
720575940602329077,central,unknown,CB,left,ACH,0.82
720575940602329993,central,unknown,CB,left,ACH,0.97
720575940602330675,central,unknown,CB,left,ACH,0.81
720575940602331285,central,unknown,CB,left,ACH,0.69
720575940602331592,central,unknown,CB,left,ACH,0.71
720575940602332396,central,unknown,CB,left,ACH,0.92
720575940602332983,central,unknown,CB,left,ACH,0.86
720575940602333715,central,unknown,CB,left,ACH,0.75
720575940602334471,central,unknown,CB,left,ACH,0.7
720575940602334807,central,unknown,CB,left,ACH,0.8
720575940602335005,central,unknown,CB,left,ACH,0.92
720575940602335375,central,unknown,CB,left,ACH,0.78
720575940602335526,central,unknown,CB,left,ACH,0.88
720575940602336375,central,unknown,CB,left,ACH,0.76
720575940602336470,central,unknown,CB,left,ACH,0.62
720575940602337380,central,unknown,CB,left,ACH,0.65
720575940602337600,central,unknown,CB,left,ACH,0.77
720575940602337979,central,unknown,CB,left,ACH,0.86
720575940602338392,central,unknown,CB,left,ACH,0.83
720575940602338924,central,unknown,CB,left,ACH,0.9
720575940602339817,central,unknown,CB,left,ACH,0.7
720575940602340328,central,unknown,CB,left,ACH,0.85
720575940602340779,central,unknown,CB,left,ACH,0.87
720575940602341750,central,unknown,CB,left,ACH,0.79
720575940602342747,central,unknown,CB,left,ACH,0.76
720575940602342914,central,unknown,CB,left,ACH,0.66
720575940602343045,central,unknown,CB,left,ACH,0.79
720575940602343514,central,unknown,CB,left,ACH,0.65
720575940602344236,central,unknown,CB,left,ACH,0.8
720575940602344778,central,unknown,CB,left,ACH,0.65
720575940602344996,central,unknown,CB,left,ACH,0.78
720575940602345030,central,unknown,CB,left,ACH,0.89
720575940602345997,central,unknown,CB,left,ACH,0.82
720575940602346941,central,unknown,CB,left,ACH,0.97
720575940602347558,central,unknown,CB,left,ACH,0.93
720575940602347671,central,unknown,CB,left,ACH,0.65
720575940602348257,central,unknown,CB,left,ACH,0.71
720575940602348793,central,unknown,CB,left,ACH,0.66
720575940602349174,central,unknown,CB,left,ACH,0.72
720575940602349558,central,unknown,CB,left,ACH,0.72
720575940602350056,central,unknown,CB,left,ACH,0.61
720575940602350203,central,unknown,CB,left,ACH,0.66
720575940602350807,central,unknown,CB,left,ACH,0.76
720575940602351767,central,unknown,CB,left,ACH,0.95
720575940602352678,central,unknown,CB,left,ACH,0.71
720575940602352866,central,unknown,CB,left,ACH,0.92
720575940602353367,central,unknown,CB,left,ACH,0.6
720575940602353928,central,unknown,CB,left,ACH,0.74
720575940602354820,central,unknown,CB,left,ACH,0.62
720575940602355313,central,unknown,CB,left,ACH,0.82
720575940602355893,central,unknown,CB,left,ACH,0.78
720575940602356239,central,unknown,CB,left,ACH,0.9
720575940602356726,central,unknown,CB,left,ACH,0.93
720575940602357580,central,unknown,CB,left,ACH,0.84
720575940602358361,central,unknown,CB,left,ACH,0.65
720575940602359013,central,unknown,CB,left,ACH,0.78
720575940602359474,central,unknown,CB,left,ACH,0.86
720575940602359627,central,unknown,CB,left,ACH,0.94
720575940602359961,central,unknown,CB,left,ACH,0.63
720575940602360601,central,unknown,CB,left,ACH,0.86
720575940602361021,central,unknown,CB,left,ACH,0.75
720575940602361943,central,unknown,CB,left,ACH,0.75
720575940602362497,central,unknown,CB,left,ACH,0.62
720575940602363184,central,unknown,CB,left,ACH,0.95
720575940602363938,central,unknown,CB,left,ACH,0.71
720575940602364029,central,unknown,CB,right,ACH,0.94
720575940602364754,central,unknown,CB,right,ACH,0.61
720575940602365400,central,unknown,CB,right,ACH,0.91
720575940602366125,central,unknown,CB,right,ACH,0.72
720575940602366786,central,unknown,CB,right,ACH,0.65
720575940602367359,central,unknown,CB,right,ACH,0.63
720575940602368338,central,unknown,CB,right,ACH,0.84
720575940602368929,central,unknown,CB,right,ACH,0.9
720575940602369910,central,unknown,CB,right,ACH,0.82
720575940602370104,central,unknown,CB,right,ACH,0.89
720575940602370619,central,unknown,CB,right,ACH,0.95
720575940602370743,central,unknown,CB,right,ACH,0.86
720575940602371288,central,unknown,CB,right,ACH,0.67
720575940602371308,central,unknown,CB,right,ACH,0.71
720575940602371519,central,unknown,CB,right,ACH,0.7
720575940602372242,central,unknown,CB,right,ACH,0.93
720575940602372836,central,unknown,CB,right,ACH,0.77
720575940602373663,central,unknown,CB,right,ACH,0.81
720575940602373992,central,unknown,CB,right,ACH,0.76
720575940602374039,central,unknown,CB,right,ACH,0.79
720575940602374996,central,unknown,CB,right,ACH,0.61
720575940602375444,central,unknown,CB,right,ACH,0.67
720575940602375469,central,unknown,CB,right,ACH,0.94
720575940602375794,central,unknown,CB,right,ACH,0.75
720575940602375888,central,unknown,CB,right,ACH,0.64
720575940602375990,central,unknown,CB,right,ACH,0.81
720575940602376283,central,unknown,CB,right,ACH,0.66
720575940602376545,central,unknown,CB,right,ACH,0.9
720575940602376703,central,unknown,CB,right,ACH,0.72
720575940602377121,central,unknown,CB,right,ACH,0.86
720575940602377182,central,unknown,CB,right,ACH,0.84
720575940602377516,central,unknown,CB,right,ACH,0.67
720575940602378247,central,unknown,CB,right,ACH,0.62
720575940602378647,central,unknown,CB,right,ACH,0.64
720575940602378793,central,unknown,CB,right,ACH,0.76
720575940602379125,central,unknown,CB,right,ACH,0.7
720575940602380090,central,unknown,CB,right,ACH,0.92
720575940602380214,central,unknown,CB,right,ACH,0.62
720575940602380460,central,unknown,CB,right,ACH,0.89
720575940602381061,central,unknown,CB,right,ACH,0.69
720575940602381582,central,unknown,CB,right,ACH,0.89
720575940602381977,central,unknown,CB,right,ACH,0.97
720575940602382253,central,unknown,CB,right,ACH,0.62
720575940602382729,central,unknown,CB,right,ACH,0.82
720575940602382797,central,unknown,CB,right,ACH,0.79
720575940602383215,central,unknown,CB,right,ACH,0.85
720575940602384151,central,unknown,CB,right,ACH,0.95
720575940602384427,central,unknown,CB,right,ACH,0.82
720575940602385028,central,unknown,CB,right,ACH,0.86
720575940602385281,central,unknown,CB,right,ACH,0.9
720575940602385949,central,unknown,CB,right,ACH,0.91
720575940602386261,central,unknown,CB,right,ACH,0.82
720575940602386718,central,unknown,CB,right,ACH,0.63
720575940602387370,central,unknown,CB,right,ACH,0.8
720575940602388172,central,unknown,CB,right,ACH,0.98
720575940602388555,central,unknown,CB,right,ACH,0.81
720575940602388728,central,unknown,CB,right,ACH,0.9
720575940602389279,central,unknown,CB,right,ACH,0.97
720575940602390264,central,unknown,CB,right,ACH,0.96
720575940602390727,central,unknown,CB,right,ACH,0.62
720575940602391560,central,unknown,CB,right,ACH,0.78
720575940602392410,central,unknown,CB,right,ACH,0.84
720575940602393079,central,unknown,CB,right,ACH,0.98
720575940602393080,central,unknown,CB,right,ACH,0.62
720575940602394024,central,unknown,CB,right,ACH,0.79
720575940602394637,central,unknown,CB,right,ACH,0.7
720575940602395334,central,unknown,CB,right,ACH,0.75
720575940602395694,central,unknown,CB,right,ACH,0.93
720575940602395912,central,unknown,CB,right,ACH,0.83
720575940602396435,central,unknown,CB,right,ACH,0.71
720575940602396601,central,unknown,CB,right,ACH,0.89
720575940602397178,central,unknown,CB,right,ACH,0.63
720575940602397270,central,unknown,CB,right,ACH,0.75
720575940602397396,central,unknown,CB,right,ACH,0.92
720575940602398139,central,unknown,CB,right,ACH,0.82
720575940602398426,central,unknown,CB,right,ACH,0.94
720575940602398642,central,unknown,CB,right,ACH,0.84
720575940602399623,central,unknown,CB,right,ACH,0.91
720575940602400529,central,unknown,CB,right,ACH,0.87
720575940602400880,central,unknown,CB,right,ACH,0.85
720575940602401651,central,unknown,CB,right,ACH,0.88
720575940602401931,central,unknown,CB,right,ACH,0.7
720575940602402261,central,unknown,CB,right,ACH,0.73
720575940602402732,central,unknown,CB,right,ACH,0.97
720575940602403069,central,unknown,CB,right,ACH,0.61
720575940602403778,central,unknown,CB,right,ACH,0.65
720575940602404723,central,unknown,CB,right,ACH,0.6
720575940602405211,central,unknown,CB,right,ACH,0.6
720575940602405221,central,unknown,CB,right,ACH,0.86
720575940602405645,central,unknown,CB,right,ACH,0.82
720575940602406359,central,unknown,CB,right,ACH,0.87
720575940602407140,central,unknown,CB,right,ACH,0.75
720575940602407224,central,unknown,CB,right,ACH,0.91
720575940602407889,central,unknown,CB,right,ACH,0.85
720575940602408441,central,unknown,CB,right,ACH,0.61
720575940602409294,central,unknown,CB,right,ACH,0.92
720575940602409750,central,unknown,CB,right,ACH,0.86
720575940602410112,central,unknown,CB,right,ACH,0.98
720575940602410498,central,unknown,CB,right,ACH,0.92
720575940602410865,central,unknown,CB,right,ACH,0.75
720575940602411725,central,unknown,CB,right,ACH,0.9
720575940602412439,central,unknown,CB,right,ACH,0.98
720575940602412567,central,unknown,CB,right,ACH,0.78
720575940602413526,central,unknown,CB,right,ACH,0.68
720575940602413536,central,unknown,CB,right,ACH,0.69
720575940602413557,central,unknown,CB,right,ACH,0.9
720575940602414254,central,unknown,CB,right,ACH,0.96
720575940602414621,central,unknown,CB,right,ACH,0.67
720575940602415457,central,unknown,CB,right,ACH,0.84
720575940602415768,central,unknown,CB,right,ACH,0.92
720575940602415995,central,unknown,CB,right,ACH,0.69
720575940602416501,central,unknown,CB,right,ACH,0.98
720575940602416539,central,unknown,CB,right,ACH,0.71
720575940602417466,central,unknown,CB,right,ACH,0.87
720575940602418087,central,unknown,CB,right,ACH,0.68
720575940602418288,central,unknown,CB,right,ACH,0.98
720575940602418942,central,unknown,CB,right,ACH,0.75
720575940602419833,central,unknown,CB,right,ACH,0.71
720575940602420346,central,unknown,CB,right,ACH,0.79
720575940602420912,central,unknown,CB,right,ACH,0.68
720575940602421669,central,unknown,CB,right,ACH,0.82
720575940602422368,central,unknown,CB,right,ACH,0.84
720575940602422548,central,unknown,CB,right,ACH,0.63
720575940602422680,central,unknown,CB,right,ACH,0.89
720575940602422811,central,unknown,CB,right,ACH,0.7
720575940602423395,central,unknown,CB,right,ACH,0.93
720575940602424298,central,unknown,CB,right,ACH,0.8
720575940602425100,central,unknown,CB,right,ACH,0.71
720575940602425969,central,unknown,CB,right,ACH,0.86
720575940602426963,central,unknown,CB,right,ACH,0.87
720575940602427509,central,unknown,CB,right,ACH,0.84
720575940602428207,central,unknown,CB,right,ACH,0.82
720575940602428672,central,unknown,CB,right,ACH,0.6
720575940602429110,central,unknown,CB,right,ACH,0.85
720575940602430076,central,unknown,CB,right,ACH,0.85
720575940602430951,central,unknown,CB,right,ACH,0.97
720575940602431394,central,unknown,CB,right,ACH,0.93
720575940602431811,central,unknown,CB,right,ACH,0.71
720575940602432508,central,unknown,CB,right,ACH,0.8
720575940602433016,central,unknown,CB,right,ACH,0.74
720575940602433794,central,unknown,CB,right,ACH,0.62
720575940602434533,central,unknown,CB,right,ACH,0.69
720575940602434818,central,unknown,CB,right,ACH,0.96
720575940602435364,central,unknown,CB,right,ACH,0.78
720575940602435370,central,unknown,CB,right,ACH,0.75
720575940602435713,central,unknown,CB,right,ACH,0.63
720575940602436299,central,unknown,CB,right,ACH,0.91
720575940602437055,central,unknown,CB,right,ACH,0.69
720575940602437762,central,unknown,CB,right,ACH,0.77
720575940602437839,central,unknown,CB,right,ACH,0.96
720575940602438041,central,unknown,CB,right,ACH,0.66
720575940602438360,central,unknown,CB,right,ACH,0.62
720575940602439001,central,unknown,CB,right,ACH,0.64
720575940602439493,central,unknown,CB,right,ACH,0.77
720575940602439518,central,unknown,CB,right,ACH,0.83
720575940602440160,central,unknown,CB,right,ACH,0.96
720575940602441021,central,unknown,CB,right,ACH,0.7
720575940602441132,central,unknown,CB,right,ACH,0.78
720575940602442114,central,unknown,CB,right,ACH,0.73
720575940602442170,central,unknown,CB,right,ACH,0.92
720575940602442703,central,unknown,CB,right,ACH,0.91
720575940602443670,central,unknown,CB,right,ACH,0.63
720575940602444285,central,unknown,CB,right,ACH,0.84
720575940602445068,central,unknown,CB,right,ACH,0.64
720575940602445526,central,unknown,CB,right,ACH,0.83
720575940602445614,central,unknown,CB,right,ACH,0.98
720575940602446553,central,unknown,CB,right,ACH,0.61
720575940602446874,central,unknown,CB,right,ACH,0.95
720575940602447585,central,unknown,CB,right,ACH,0.63
720575940602447716,central,unknown,CB,right,ACH,0.62
720575940602448538,central,unknown,CB,right,ACH,0.77
720575940602448847,central,unknown,CB,right,ACH,0.84
720575940602449290,central,unknown,CB,right,ACH,0.63
720575940602449984,central,unknown,CB,right,ACH,0.62
720575940602450038,central,unknown,CB,right,ACH,0.72
720575940602450429,central,unknown,CB,right,ACH,0.76
720575940602451062,central,unknown,CB,right,ACH,0.89
720575940602451301,central,unknown,CB,right,ACH,0.94
720575940602452108,central,unknown,CB,right,ACH,0.86
720575940602452119,central,unknown,CB,right,ACH,0.78
720575940602452595,central,unknown,CB,right,ACH,0.91
720575940602453497,central,unknown,CB,right,ACH,0.84
720575940602453601,central,unknown,CB,right,ACH,0.73
720575940602454562,central,unknown,CB,right,ACH,0.86
720575940602454589,central,unknown,CB,right,ACH,0.78
720575940602454926,central,unknown,CB,right,ACH,0.83
720575940602455037,central,unknown,CB,right,ACH,0.64
720575940602455647,central,unknown,CB,right,ACH,0.88
720575940602456255,central,unknown,CB,right,ACH,0.91
720575940602456454,central,unknown,CB,right,ACH,0.95
720575940602456584,central,unknown,CB,right,ACH,0.85
720575940602456847,central,unknown,CB,right,ACH,0.74
720575940602457340,central,unknown,CB,right,ACH,0.88
720575940602457796,central,unknown,CB,right,ACH,0.67
720575940602457937,central,unknown,CB,right,ACH,0.91
720575940602457999,central,unknown,CB,right,ACH,0.65
720575940602458598,central,unknown,CB,right,ACH,0.77
720575940602459581,central,unknown,CB,right,ACH,0.85
720575940602459948,central,unknown,CB,right,ACH,0.72
720575940602460855,central,unknown,CB,right,ACH,0.81
720575940602461005,central,unknown,CB,right,ACH,0.66
720575940602461322,central,unknown,CB,right,ACH,0.84
720575940602461621,central,unknown,CB,right,ACH,0.74
720575940602461630,central,unknown,CB,right,ACH,0.8
720575940602462304,central,unknown,CB,right,ACH,0.86
720575940602462363,central,unknown,CB,right,ACH,0.69
720575940602463202,central,unknown,CB,right,ACH,0.93
720575940602464082,central,unknown,CB,right,ACH,0.62
720575940602464435,central,unknown,CB,right,ACH,0.68
720575940602464641,central,unknown,CB,right,ACH,0.85
720575940602464848,central,unknown,CB,right,ACH,0.91
720575940602465198,central,unknown,CB,right,ACH,0.67
720575940602465686,central,unknown,CB,right,ACH,0.87
720575940602466165,central,unknown,CB,right,ACH,0.83
720575940602466505,central,unknown,CB,right,ACH,0.93
720575940602467085,central,unknown,CB,right,ACH,0.98
720575940602467716,central,unknown,CB,right,ACH,0.72
720575940602468053,central,unknown,CB,right,ACH,0.66
720575940602468519,central,unknown,CB,right,ACH,0.94
720575940602469452,central,unknown,CB,right,ACH,0.62
720575940602469677,central,unknown,CB,right,ACH,0.96
720575940602470332,central,unknown,CB,right,ACH,0.69
720575940602470568,central,unknown,CB,right,ACH,0.78
720575940602470787,central,unknown,CB,right,ACH,0.69
720575940602471540,central,unknown,CB,right,ACH,0.9
720575940602472375,central,unknown,CB,right,ACH,0.73
720575940602473133,central,unknown,CB,right,ACH,0.75
720575940602473543,central,unknown,CB,right,ACH,0.67
720575940602473550,central,unknown,CB,right,ACH,0.74
720575940602473626,central,unknown,CB,right,ACH,0.74
720575940602474195,central,unknown,CB,right,ACH,0.64
720575940602474493,central,unknown,CB,right,ACH,0.77
720575940602475140,central,unknown,CB,right,ACH,0.83
720575940602475924,central,unknown,CB,right,ACH,0.74
720575940602476923,central,unknown,CB,right,ACH,0.61
720575940602477126,central,unknown,CB,right,ACH,0.71
720575940602477351,central,unknown,CB,right,ACH,0.95
720575940602478088,central,unknown,CB,right,ACH,0.67
720575940602478956,central,unknown,CB,right,ACH,0.82
720575940602479139,central,unknown,CB,right,ACH,0.68
720575940602479320,central,unknown,CB,right,ACH,0.93
720575940602480253,central,unknown,CB,right,ACH,0.64
720575940602481105,central,unknown,CB,right,ACH,0.86
720575940602481494,central,unknown,CB,right,ACH,0.86
720575940602482401,central,unknown,CB,right,ACH,0.64
720575940602483360,central,unknown,CB,right,ACH,0.68
720575940602483828,central,unknown,CB,right,ACH,0.69
720575940602484657,central,unknown,CB,right,ACH,0.75
720575940602484833,central,unknown,CB,right,ACH,0.97
720575940602485652,central,unknown,CB,right,ACH,0.99
720575940602486555,central,unknown,CB_inh,left,GABA,0.77
720575940602487284,central,unknown,CB_inh,left,GABA,0.63
720575940602487432,central,unknown,CB_inh,left,GABA,0.94
720575940602487566,central,unknown,CB_inh,left,GABA,0.91
720575940602487763,central,unknown,CB_inh,left,GABA,0.81
720575940602488475,central,unknown,CB_inh,left,GABA,0.75
720575940602489089,central,unknown,CB_inh,left,GABA,0.77
720575940602489741,central,unknown,CB_inh,left,GABA,0.7
720575940602489789,central,unknown,CB_inh,left,GABA,0.9
720575940602490391,central,unknown,CB_inh,left,GABA,0.67
720575940602490940,central,unknown,CB_inh,left,GABA,0.71
720575940602491093,central,unknown,CB_inh,left,GABA,0.73
720575940602491148,central,unknown,CB_inh,left,GABA,0.85
720575940602491435,central,unknown,CB_inh,left,GABA,0.94
720575940602492307,central,unknown,CB_inh,left,GABA,0.8
720575940602492906,central,unknown,CB_inh,left,GABA,0.95
720575940602493121,central,unknown,CB_inh,left,GABA,0.88
720575940602493925,central,unknown,CB_inh,left,GABA,0.78
720575940602494605,central,unknown,CB_inh,left,GABA,0.84
720575940602494777,central,unknown,CB_inh,left,GABA,0.8
720575940602495547,central,unknown,CB_inh,left,GABA,0.94
720575940602496317,central,unknown,CB_inh,left,GABA,0.8
720575940602496828,central,unknown,CB_inh,left,GABA,0.8
720575940602497012,central,unknown,CB_inh,left,GABA,0.73
720575940602497395,central,unknown,CB_inh,left,GABA,0.8
720575940602497890,central,unknown,CB_inh,left,GABA,0.88
720575940602498397,central,unknown,CB_inh,left,GABA,0.78
720575940602498993,central,unknown,CB_inh,left,GABA,0.76
720575940602499937,central,unknown,CB_inh,left,GABA,0.91
720575940602500603,central,unknown,CB_inh,left,GABA,0.61
720575940602500828,central,unknown,CB_inh,left,GABA,0.95
720575940602501291,central,unknown,CB_inh,left,GABA,0.94
720575940602501697,central,unknown,CB_inh,left,GABA,0.69
720575940602502133,central,unknown,CB_inh,left,GABA,0.95
720575940602502719,central,unknown,CB_inh,left,GABA,0.66
720575940602503582,central,unknown,CB_inh,left,GABA,0.75
720575940602504146,central,unknown,CB_inh,left,GABA,0.63
720575940602504916,central,unknown,CB_inh,left,GABA,0.63
720575940602505372,central,unknown,CB_inh,left,GABA,0.8
720575940602505608,central,unknown,CB_inh,left,GABA,0.83
720575940602506085,central,unknown,CB_inh,left,GABA,0.8
720575940602506430,central,unknown,CB_inh,left,GABA,0.77
720575940602506909,central,unknown,CB_inh,left,GABA,0.77
720575940602507286,central,unknown,CB_inh,left,GABA,0.91
720575940602507611,central,unknown,CB_inh,left,GABA,0.71
720575940602507637,central,unknown,CB_inh,left,GABA,0.67
720575940602507877,central,unknown,CB_inh,left,GABA,0.7
720575940602507955,central,unknown,CB_inh,left,GABA,0.74
720575940602508040,central,unknown,CB_inh,left,GABA,0.71
720575940602508554,central,unknown,CB_inh,left,GABA,0.8
720575940602509214,central,unknown,CB_inh,left,GABA,0.63
720575940602509498,central,unknown,CB_inh,left,GABA,0.96
720575940602509599,central,unknown,CB_inh,left,GABA,0.65
720575940602509968,central,unknown,CB_inh,left,GABA,0.61
720575940602510174,central,unknown,CB_inh,left,GABA,0.73
720575940602510866,central,unknown,CB_inh,left,GABA,0.73
720575940602511176,central,unknown,CB_inh,left,GABA,0.89
720575940602511963,central,unknown,CB_inh,left,GABA,0.87
720575940602512245,central,unknown,CB_inh,left,GABA,0.67
720575940602512864,central,unknown,CB_inh,left,GABA,0.99
720575940602513740,central,unknown,CB_inh,left,GABA,0.89
720575940602514498,central,unknown,CB_inh,left,GABA,0.81
720575940602514766,central,unknown,CB_inh,left,GABA,0.6
720575940602515073,central,unknown,CB_inh,left,GABA,0.71
720575940602515428,central,unknown,CB_inh,left,GABA,0.91
720575940602515842,central,unknown,CB_inh,left,GABA,0.97
720575940602516684,central,unknown,CB_inh,left,GABA,0.83
720575940602517356,central,unknown,CB_inh,left,GABA,0.6
720575940602518026,central,unknown,CB_inh,left,GABA,0.8
720575940602518806,central,unknown,CB_inh,left,GABA,0.97
720575940602519693,central,unknown,CB_inh,left,GABA,0.76
720575940602519926,central,unknown,CB_inh,left,GABA,0.88
720575940602520141,central,unknown,CB_inh,left,GABA,0.79
720575940602520670,central,unknown,CB_inh,left,GABA,0.83
720575940602521236,central,unknown,CB_inh,left,GABA,0.9
720575940602521976,central,unknown,CB_inh,left,GABA,0.92
720575940602522325,central,unknown,CB_inh,left,GABA,0.91
720575940602522646,central,unknown,CB_inh,left,GABA,0.93
720575940602523086,central,unknown,CB_inh,left,GABA,0.9
720575940602523801,central,unknown,CB_inh,left,GABA,0.76
720575940602524251,central,unknown,CB_inh,left,GABA,0.78
720575940602524823,central,unknown,CB_inh,left,GABA,0.61
720575940602524966,central,unknown,CB_inh,left,GABA,0.83
720575940602525098,central,unknown,CB_inh,left,GABA,0.72
720575940602525854,central,unknown,CB_inh,left,GABA,0.6
720575940602526684,central,unknown,CB_inh,left,GABA,0.86
720575940602527048,central,unknown,CB_inh,left,GABA,0.73
720575940602527478,central,unknown,CB_inh,left,GABA,0.77
720575940602528249,central,unknown,CB_inh,left,GABA,0.76
720575940602529047,central,unknown,CB_inh,left,GABA,0.87
720575940602529354,central,unknown,CB_inh,left,GABA,0.73
720575940602529378,central,unknown,CB_inh,left,GABA,0.82
720575940602529411,central,unknown,CB_inh,left,GABA,0.96
720575940602529569,central,unknown,CB_inh,left,GABA,0.98
720575940602529908,central,unknown,CB_inh,left,GABA,0.82
720575940602530727,central,unknown,CB_inh,left,GABA,0.84
720575940602531350,central,unknown,CB_inh,left,GABA,0.82
720575940602531751,central,unknown,CB_inh,left,GABA,0.98
720575940602531961,central,unknown,CB_inh,left,GABA,0.97
720575940602532027,central,unknown,CB_inh,left,GABA,0.81
720575940602532220,central,unknown,CB_inh,left,GABA,0.79
720575940602532557,central,unknown,CB_inh,left,GABA,0.82
720575940602533020,central,unknown,CB_inh,left,GABA,0.85
720575940602533332,central,unknown,CB_inh,left,GABA,0.64
720575940602533439,central,unknown,CB_inh,left,GABA,0.86
720575940602533621,central,unknown,CB_inh,left,GABA,0.61
720575940602534327,central,unknown,CB_inh,left,GABA,0.84
720575940602534355,central,unknown,CB_inh,left,GABA,0.67
720575940602534427,central,unknown,CB_inh,left,GABA,0.96
720575940602534823,central,unknown,CB_inh,left,GABA,0.71
720575940602535062,central,unknown,CB_inh,left,GABA,0.71
720575940602535599,central,unknown,CB_inh,left,GABA,0.63
720575940602535658,central,unknown,CB_inh,left,GABA,0.74
720575940602535670,central,unknown,CB_inh,left,GABA,0.67
720575940602536551,central,unknown,CB_inh,left,GABA,0.95
720575940602536952,central,unknown,CB_inh,left,GABA,0.66
720575940602537066,central,unknown,CB_inh,left,GABA,0.65
720575940602537495,central,unknown,CB_inh,left,GABA,0.79
720575940602537566,central,unknown,CB_inh,left,GABA,0.75
720575940602538492,central,unknown,CB_inh,left,GABA,0.94
720575940602538626,central,unknown,CB_inh,left,GABA,0.94
720575940602538944,central,unknown,CB_inh,left,GABA,0.77
720575940602539671,central,unknown,CB_inh,left,GABA,0.86
720575940602539834,central,unknown,CB_inh,left,GABA,0.84
720575940602540796,central,unknown,CB_inh,left,GABA,0.72
720575940602541004,central,unknown,CB_inh,left,GABA,0.8
720575940602541706,central,unknown,CB_inh,left,GABA,0.78
720575940602541913,central,unknown,CB_inh,left,GABA,0.6
720575940602542060,central,unknown,CB_inh,left,GABA,0.77
720575940602542905,central,unknown,CB_inh,left,GABA,0.76
720575940602543732,central,unknown,CB_inh,left,GABA,0.7
720575940602544069,central,unknown,CB_inh,left,GABA,0.96
720575940602544970,central,unknown,CB_inh,left,GABA,0.79
720575940602545444,central,unknown,CB_inh,left,GABA,0.82
720575940602546199,central,unknown,CB_inh,left,GABA,0.64
720575940602546861,central,unknown,CB_inh,left,GABA,0.94
720575940602547329,central,unknown,CB_inh,left,GABA,0.74
720575940602548192,central,unknown,CB_inh,left,GABA,0.88
720575940602548497,central,unknown,CB_inh,left,GABA,0.75
720575940602549341,central,unknown,CB_inh,left,GABA,0.92
720575940602549521,central,unknown,CB_inh,left,GABA,0.76
720575940602549705,central,unknown,CB_inh,left,GABA,0.95
720575940602550456,central,unknown,CB_inh,left,GABA,0.77
720575940602550850,central,unknown,CB_inh,left,GABA,0.96
720575940602551038,central,unknown,CB_inh,left,GABA,0.87
720575940602551136,central,unknown,CB_inh,left,GABA,0.75
720575940602552105,central,unknown,CB_inh,left,GABA,0.62
720575940602553012,central,unknown,CB_inh,left,GABA,0.94
720575940602553293,central,unknown,CB_inh,left,GABA,0.94
720575940602553844,central,unknown,CB_inh,left,GABA,0.71
720575940602554783,central,unknown,CB_inh,right,GABA,0.63
720575940602555527,central,unknown,CB_inh,right,GABA,0.88
720575940602555750,central,unknown,CB_inh,right,GABA,0.95
720575940602556172,central,unknown,CB_inh,right,GABA,0.99
720575940602556739,central,unknown,CB_inh,right,GABA,0.65
720575940602557117,central,unknown,CB_inh,right,GABA,0.63
720575940602557225,central,unknown,CB_inh,right,GABA,0.8
720575940602558024,central,unknown,CB_inh,right,GABA,0.73
720575940602558486,central,unknown,CB_inh,right,GABA,0.66
720575940602558699,central,unknown,CB_inh,right,GABA,0.8
720575940602559173,central,unknown,CB_inh,right,GABA,0.61
720575940602559828,central,unknown,CB_inh,right,GABA,0.87
720575940602560596,central,unknown,CB_inh,right,GABA,0.78
720575940602560948,central,unknown,CB_inh,right,GABA,0.89
720575940602561825,central,unknown,CB_inh,right,GABA,0.68
720575940602561864,central,unknown,CB_inh,right,GABA,0.6
720575940602561982,central,unknown,CB_inh,right,GABA,0.88
720575940602562122,central,unknown,CB_inh,right,GABA,0.73
720575940602562889,central,unknown,CB_inh,right,GABA,0.78
720575940602563362,central,unknown,CB_inh,right,GABA,0.63
720575940602563924,central,unknown,CB_inh,right,GABA,0.86
720575940602564655,central,unknown,CB_inh,right,GABA,0.97
720575940602564799,central,unknown,CB_inh,right,GABA,0.78
720575940602565085,central,unknown,CB_inh,right,GABA,0.93
720575940602565260,central,unknown,CB_inh,right,GABA,0.93
720575940602565882,central,unknown,CB_inh,right,GABA,0.64
720575940602566184,central,unknown,CB_inh,right,GABA,0.65
720575940602566944,central,unknown,CB_inh,right,GABA,0.75
720575940602567024,central,unknown,CB_inh,right,GABA,0.86
720575940602567036,central,unknown,CB_inh,right,GABA,0.86
720575940602567194,central,unknown,CB_inh,right,GABA,0.77
720575940602567377,central,unknown,CB_inh,right,GABA,0.68
720575940602567413,central,unknown,CB_inh,right,GABA,0.95
720575940602567959,central,unknown,CB_inh,right,GABA,0.68
720575940602568673,central,unknown,CB_inh,right,GABA,0.62
720575940602569324,central,unknown,CB_inh,right,GABA,0.92
720575940602569981,central,unknown,CB_inh,right,GABA,0.86
720575940602570657,central,unknown,CB_inh,right,GABA,0.95
720575940602571057,central,unknown,CB_inh,right,GABA,0.87
720575940602571512,central,unknown,CB_inh,right,GABA,0.62
720575940602571517,central,unknown,CB_inh,right,GABA,0.62
720575940602571904,central,unknown,CB_inh,right,GABA,0.9
720575940602572856,central,unknown,CB_inh,right,GABA,0.7
720575940602573787,central,unknown,CB_inh,right,GABA,0.69
720575940602573881,central,unknown,CB_inh,right,GABA,0.61
720575940602573910,central,unknown,CB_inh,right,GABA,0.99
720575940602574256,central,unknown,CB_inh,right,GABA,0.92
720575940602574953,central,unknown,CB_inh,right,GABA,0.86
720575940602575179,central,unknown,CB_inh,right,GABA,0.97
720575940602575278,central,unknown,CB_inh,right,GABA,0.91
720575940602576129,central,unknown,CB_inh,right,GABA,0.86
720575940602576871,central,unknown,CB_inh,right,GABA,0.67
720575940602577297,central,unknown,CB_inh,right,GABA,0.8
720575940602578133,central,unknown,CB_inh,right,GABA,0.73
720575940602578709,central,unknown,CB_inh,right,GABA,0.84
720575940602579349,central,unknown,CB_inh,right,GABA,0.68
720575940602579904,central,unknown,CB_inh,right,GABA,0.75
720575940602580343,central,unknown,CB_inh,right,GABA,0.65
720575940602580562,central,unknown,CB_inh,right,GABA,0.64
720575940602580894,central,unknown,CB_inh,right,GABA,0.67
720575940602581306,central,unknown,CB_inh,right,GABA,0.86
720575940602581319,central,unknown,CB_inh,right,GABA,0.75
720575940602581789,central,unknown,CB_inh,right,GABA,0.69
720575940602582463,central,unknown,CB_inh,right,GABA,0.92
720575940602583129,central,unknown,CB_inh,right,GABA,0.84
720575940602583174,central,unknown,CB_inh,right,GABA,0.63
720575940602583398,central,unknown,CB_inh,right,GABA,0.76
720575940602584184,central,unknown,CB_inh,right,GABA,0.83
720575940602584289,central,unknown,CB_inh,right,GABA,0.88
720575940602585100,central,unknown,CB_inh,right,GABA,0.99
720575940602585971,central,unknown,CB_inh,right,GABA,0.82
720575940602586229,central,unknown,CB_inh,right,GABA,0.97
720575940602586844,central,unknown,CB_inh,right,GABA,0.73
720575940602587491,central,unknown,CB_inh,right,GABA,0.87
720575940602588186,central,unknown,CB_inh,right,GABA,0.96
720575940602588976,central,unknown,CB_inh,right,GABA,0.87
720575940602589317,central,unknown,CB_inh,right,GABA,0.67
720575940602590097,central,unknown,CB_inh,right,GABA,0.94
720575940602590423,central,unknown,CB_inh,right,GABA,0.98
720575940602591106,central,unknown,CB_inh,right,GABA,0.79
720575940602591450,central,unknown,CB_inh,right,GABA,0.61
720575940602592384,central,unknown,CB_inh,right,GABA,0.83
720575940602592776,central,unknown,CB_inh,right,GABA,0.8
720575940602593536,central,unknown,CB_inh,right,GABA,0.69
720575940602594138,central,unknown,CB_inh,right,GABA,0.87
720575940602594152,central,unknown,CB_inh,right,GABA,0.69
720575940602594784,central,unknown,CB_inh,right,GABA,0.9
720575940602594912,central,unknown,CB_inh,right,GABA,0.72
720575940602595668,central,unknown,CB_inh,right,GABA,0.77
720575940602595918,central,unknown,CB_inh,right,GABA,0.84
720575940602595980,central,unknown,CB_inh,right,GABA,0.65
720575940602596491,central,unknown,CB_inh,right,GABA,0.72
720575940602596647,central,unknown,CB_inh,right,GABA,0.75
720575940602597305,central,unknown,CB_inh,right,GABA,0.61
720575940602598251,central,unknown,CB_inh,right,GABA,0.88
720575940602599220,central,unknown,CB_inh,right,GABA,0.77
720575940602600119,central,unknown,CB_inh,right,GABA,0.73
720575940602600404,central,unknown,CB_inh,right,GABA,0.72
720575940602601210,central,unknown,CB_inh,right,GABA,0.9
720575940602601744,central,unknown,CB_inh,right,GABA,0.91
720575940602602169,central,unknown,CB_inh,right,GABA,0.85
720575940602602465,central,unknown,CB_inh,right,GABA,0.89
720575940602602700,central,unknown,CB_inh,right,GABA,0.93
720575940602603040,central,unknown,CB_inh,right,GABA,0.73
720575940602603251,central,unknown,CB_inh,right,GABA,0.81
720575940602604180,central,unknown,CB_inh,right,GABA,0.96
720575940602604435,central,unknown,CB_inh,right,GABA,0.91
720575940602605148,central,unknown,CB_inh,right,GABA,0.88
720575940602605771,central,unknown,CB_inh,right,GABA,0.94
720575940602606305,central,unknown,CB_inh,right,GABA,0.73
720575940602606758,central,unknown,CB_inh,right,GABA,0.85
720575940602606825,central,unknown,CB_inh,right,GABA,0.94
720575940602606897,central,unknown,CB_inh,right,GABA,0.97
720575940602606951,central,unknown,CB_inh,right,GABA,0.85
720575940602607096,central,unknown,CB_inh,right,GABA,0.97
720575940602607225,central,unknown,CB_inh,right,GABA,0.64
720575940602607832,central,unknown,CB_inh,right,GABA,0.81
720575940602608647,central,unknown,CB_inh,right,GABA,0.96
720575940602608889,central,unknown,CB_inh,right,GABA,0.8
720575940602609326,central,unknown,CB_inh,right,GABA,0.88
720575940602609645,central,unknown,CB_inh,right,GABA,0.66
720575940602609848,central,unknown,CB_inh,right,GABA,0.7
720575940602610029,central,unknown,CB_inh,right,GABA,0.84
720575940602610340,central,unknown,CB_inh,right,GABA,0.71
720575940602610800,central,unknown,CB_inh,right,GABA,0.98
720575940602611007,central,unknown,CB_inh,right,GABA,0.71
720575940602611808,central,unknown,CB_inh,right,GABA,0.79
720575940602612782,central,unknown,CB_inh,right,GABA,0.98
720575940602613190,central,unknown,CB_inh,right,GABA,0.75
720575940602613673,central,unknown,CB_inh,right,GABA,0.77
720575940602614191,central,unknown,CB_inh,right,GABA,0.84
720575940602614635,central,unknown,CB_inh,right,GABA,0.9
720575940602615475,central,unknown,CB_inh,right,GABA,0.97
720575940602615969,central,unknown,CB_inh,right,GABA,0.61
720575940602616360,central,unknown,CB_inh,right,GABA,0.77
720575940602616446,central,unknown,CB_inh,right,GABA,0.9
720575940602617390,central,unknown,CB_inh,right,GABA,0.72
720575940602617941,central,unknown,CB_inh,right,GABA,0.66
720575940602618686,central,unknown,CB_inh,right,GABA,0.67
720575940602619076,central,unknown,CB_inh,right,GABA,0.78
720575940602619541,central,unknown,CB_inh,right,GABA,0.71
720575940602620117,central,unknown,CB_inh,right,GABA,0.84
720575940602620191,central,unknown,CB_inh,right,GABA,0.73
720575940602620924,central,unknown,CB_inh,right,GABA,0.78
720575940602621083,central,unknown,CB_inh,right,GABA,0.96
720575940602621088,central,unknown,CB_inh,right,GABA,0.61
720575940602621601,central,unknown,CB_inh,right,GABA,0.88
720575940602621985,central,unknown,CB_inh,right,GABA,0.79
720575940602622933,central,unknown,CB_inh,right,GABA,0.76
720575940602623338,central,unknown,CB_inh,right,GABA,0.98
